"## CQP query: [word = "".*skapar.*""] [word = "".*förutsättningar.*""] [word = "".*för.*""]","","","","","","","","","","","","","","",""
"## context: 1 sentence","","","","","","","","","","","","","","",""
"## within: sentence","","","","","","","","","","","","","","",""
"## sorting: none","","","","","","","","","","","","","","",""
"## start: 0","","","","","","","","","","","","","","",""
"## end: 499","","","","","","","","","","","","","","",""
"## Total hits: 68","","","","","","","","","","","","","","",""
"match","word","blingbring","swefn","lemma","complemgram","compwf","lex","sentiment_label","dephead","deprel","msd","pos","ref","ufeats","sense"
"# Svenska partiprogram och valmanifest; text attributes: text_source: ""Hämtat från partiets officiella hemsida."", text_party: ""all"", text_blingbring: ""|filantropi:11.025|tilltagande:7.749|hälsosamhet:7.585|"", text__id: ""cf98"", text_lix: ""47.65"", text_nk: ""1.52"", text_ovix: ""66.05"", text_year: ""2014"", text_type: ""Valmanifest - Riksdagsval"", text_type_id: ""v"", text_title: ""Vi bygger Sverige - Alliansens valmanifest 2014-2018"", text_swefn: ""|Alliance:59.929|Be_on_alert:55.686|Cause_change_of_strength:41.279|"", text_party_name: ""Alliansen""","","","","","","","","","","","","","","",""
"","Sverigebygget","|","|","|Sverigebygge|","|Sverige..pm.1+bygge..nn.1:3.605e-13|Sverige..pm.1+bygga..vb.1+get..nn.1:2.546e-21|","|Sverige+bygget|Sverige+bygg+get|","|","null","2","SS","NN.NEU.SIN.DEF.NOM","NN","1","|Case=Nom|Definite=Def|Gender=Neut|Number=Sing|","|"
"","förstärker","|fyllning|hjälp|styrka|tilltagande|uppfriskning|vidfogning|","|Cause_change_of_strength|","|förstärka|","|föra..vb.1+stärka..vb.1:2.540e-14|för..nn.1+stärka..vb.1:3.107e-17|","|för+stärker|","|förstärka..vb.1|","neutral","14","MS","VB.PRS.AKT","VB","2","|Mood=Ind|Tense=Pres|VerbForm=Fin|Voice=Act|","|förstärka..1:-1.000|"
"","bostadsbyggandet","|","|Building|","|bostadsbyggande|","|bostad..nn.1+byggande..nn.1:5.677e-13|bo..vb.1+stad..nn.1+byggande..nn.1:2.015e-18|bo..nn.1+stad..nn.1+byggande..nn.1:1.178e-18|bo..nnh.1+stad..nn.1+byggande..nn.1:1.178e-18|","|bostads+byggandet|bo+stads+byggandet|","|bostadsbyggande..nn.1|","null","2","OO","NN.NEU.SIN.DEF.NOM","NN","3","|Case=Nom|Definite=Def|Gender=Neut|Number=Sing|","|bostadsbyggande..1:-1.000|"
"","och","|","|","|och|","|","|","|och..kn.1|","null","14","MS","KN","KN","4","|","|och..1:-1.000|"
"***","skapar","|alstring|form|förmåga|grund|gudom|skicklighet|tillvaro|verklighet|","|Intentionally_create|","|skapa|","|","|","|skapa..vb.1|","neutral","4","+F","VB.PRS.AKT","VB","5","|Mood=Ind|Tense=Pres|VerbForm=Fin|Voice=Act|","|skapa..1:-1.000|"
"***","förutsättningar","|antagande|betingelse|bevis|förbehåll|förhand|förhoppning|förmåga|grund|logik|omständighet|tankeämne|","|","|förutsättning|","|förut..ab.1+sättning..nn.1:4.029e-12|för..nn.1+ut..ab.1+sättning..nn.1:3.134e-21|föra..vb.1+ut..ab.1+sättning..nn.1:4.884e-22|","|förut+sättningar|för+ut+sättningar|","|förutsättning..nn.1|","neutral","5","OO","NN.UTR.PLU.IND.NOM","NN","6","|Case=Nom|Definite=Ind|Gender=Com|Number=Plur|","|förutsättning..1:-1.000|"
"***","för","|","|","|för|","|","|","|för..pp.1|","null","6","ET","PP","PP","7","|","|för..1:-1.000|för..5:-1.000|för..6:-1.000|för..7:-1.000|för..9:-1.000|"
"","ytterligare","|betydenhet|fullständighet|omåttlighet|övermått|","|","|ytterlig|","|","|","|ytterlig..av.1|","neutral","9","AA","AB.KOM","AB","8","|Degree=Cmp|","|ytterlig..1:-1.000|"
"","50","|","|","|","|","|","|","null","10","DT","RG.NOM","RG","9","|Case=Nom|","|"
"","000","|","|","|","|","|","|","null","11","DT","RG.NOM","RG","10","|Case=Nom|","|"
"","bostäder","|inrymningsplats|orörlighet|plats|region|tillhåll|","|Building_subparts|","|bostad|","|bo..nn.1+stad..nn.1:3.091e-11|bo..nnh.1+stad..nn.1:3.091e-11|bo..vb.1+stad..nn.1:2.344e-11|","|bo+städer|","|bostad..nn.1|","neutral","7","PA","NN.UTR.PLU.IND.NOM","NN","11","|Case=Nom|Definite=Ind|Gender=Com|Number=Plur|","|bostad..1:-1.000|"
"","till","|","|","|till|","|","|","|till..pp.1|","null","11","ET","PP","PP","12","|","|till..1:-1.000|"
"","2020","|","|","|","|","|","|","null","12","PA","RG.NOM","RG","13","|Case=Nom|","|"
"","och","|","|","|och|","|","|","|och..kn.1|","null","null","ROOT","KN","KN","14","|","|och..1:-1.000|"
"","lägger","|lägebestämning|uppvärmning|utjämning|vågräthet|","|","|lägga|","|lägga..vb.1+ge..vb.1:4.835e-12|lägg..nn.1+ge..vb.1:1.780e-12|lägg..nn.2+ge..vb.1:1.780e-12|","|lägg+ger|","|lägga..vb.1|","neutral","14","+F","VB.PRS.AKT","VB","15","|Mood=Ind|Tense=Pres|VerbForm=Fin|Voice=Act|","|lägga..1:0.888|lägga..2:0.098|lägga..3:0.014|"
"","grund","|bevisföring|botten|början|försåtlighet|grund|grundhet|land|logik|orsakssammanhang|stöd|viktighet|","|","|grund|","|","|","|grund..nn.1|","neutral","15","PL","NN.UTR.SIN.IND.NOM","NN","16","|Case=Nom|Definite=Ind|Gender=Com|Number=Sing|","|grund..1:-1.000|"
"","för","|","|","|för|","|","|","|för..pp.1|","null","15","OA","PP","PP","17","|","|för..1:-1.000|för..5:-1.000|för..6:-1.000|för..7:-1.000|för..9:-1.000|"
"","uppåt","|höjning|ledning|tilltagande|uppgång|","|Relational_quantity|","|uppåt|","|","|","|uppåt..ab.1|","null","19","AA","AB","AB","18","|","|uppåt..3:-1.000|"
"","20","|","|","|","|","|","|","null","20","DT","RG.NOM","RG","19","|Case=Nom|","|"
"","000","|","|","|","|","|","|","null","22","DT","RG.NOM","RG","20","|Case=Nom|","|"
"","nya","|nytt|olikhet|tillägg|","|","|ny|","|","|","|ny..av.1|","neutral","22","AT","JJ.POS.UTR+NEU.PLU.IND+DEF.NOM","JJ","21","|Case=Nom|Definite=Def,Ind|Degree=Pos|Gender=Com,Neut|Number=Plur|","|ny..1:-1.000|"
"","byggjobb","|","|","|byggjobb|","|bygga..vb.1+jobb..nn.1:1.479e-11|","|bygg+jobb|","|","null","17","PA","NN.NEU.PLU.IND.NOM","NN","22","|Case=Nom|Definite=Ind|Gender=Neut|Number=Plur|","|"
"","varje","|","|","|","|","|","|","null","24","DT","DT.UTR+NEU.SIN.IND","DT","23","|Definite=Ind|Gender=Com,Neut|Number=Sing|","|"
"","år","|period|tid|","|Calendric_unit|","|år|","|","|","|år..nn.1|","neutral","22","ET","NN.NEU.SIN.IND.NOM","NN","24","|Case=Nom|Definite=Ind|Gender=Neut|Number=Sing|","|år..1:-1.000|"
"",".","|","|","|","|","|","|","null","14","IP","MAD","MAD","25","|","|"
"# Svenska partiprogram och valmanifest; text attributes: text_source: ""Hämtat från partiets officiella hemsida."", text_party: ""all"", text_blingbring: ""|filantropi:11.025|tilltagande:7.749|hälsosamhet:7.585|"", text__id: ""cf98"", text_lix: ""47.65"", text_nk: ""1.52"", text_ovix: ""66.05"", text_year: ""2014"", text_type: ""Valmanifest - Riksdagsval"", text_type_id: ""v"", text_title: ""Vi bygger Sverige - Alliansens valmanifest 2014-2018"", text_swefn: ""|Alliance:59.929|Be_on_alert:55.686|Cause_change_of_strength:41.279|"", text_party_name: ""Alliansen""","","","","","","","","","","","","","","",""
"","Att","|","|","|att|","|","|","|att..sn.1|","null","14","CJ","IE","IE","1","|","|att..1:-1.000|"
"","slå","|anfall|begäran|framgång|infall|jordbruk|klang|krigföring|kval|ljudstöt|ont|skakning|smicker|upprördhet|våldsamhet|ömhetsbetygelse|","|Impact|","|slå|","|","|","|slå..vb.1|","negative","1","IF","VB.INF.AKT","VB","2","|VerbForm=Inf|Voice=Act|","|slå..1:0.935|slå..8:0.021|slå..3:0.014|slå..9:0.013|slå..5:0.006|slå..2:0.006|slå..4:0.005|"
"","vakt","|försvar|skydd|vaktare|varning|","|People_by_vocation|","|vakt|","|","|","|vakt..nn.1|","neutral","2","PL","NN.UTR.SIN.IND.NOM","NN","3","|Case=Nom|Definite=Ind|Gender=Com|Number=Sing|","|vakt..1:-1.000|"
"","om","|","|","|om|","|","|","|om..pp.1|","null","2","OA","PP","PP","4","|","|om..1:-1.000|om..5:-1.000|"
"",",","|","|","|","|","|","|","null","2","IK","MID","MID","5","|","|"
"","och","|","|","|och|","|","|","|och..kn.1|","null","2","AA","KN","KN","6","|","|och..1:-1.000|"
"","vid","|","|","|vid|","|","|","|vid..pp.1|","null","6","CJ","PP","PP","7","|","|vid..1:-1.000|"
"","behov","|fattigdom|förnödenhet|åtrå|","|Being_necessary|","|behov|","|","|","|behov..nn.1|","neutral","7","PA","NN.NEU.SIN.IND.NOM","NN","8","|Case=Nom|Definite=Ind|Gender=Neut|Number=Sing|","|behov..1:-1.000|"
"","stärka","|botemedel|förbättring|förmåga|hälsosamhet|hårdhet|kraftyttring|påklädsel|styrka|tilltagande|uppfriskning|","|Cause_change_of_strength|","|stärka|","|","|","|stärka..vb.1|","positive","6","CJ","VB.INF.AKT","VB","9","|VerbForm=Inf|Voice=Act|","|stärka..1:0.998|stärka..2:0.002|"
"",",","|","|","|","|","|","|","null","2","IK","MID","MID","10","|","|"
"","det","|","|","|den|en|","|","|","|den..pn.1|en..al.1|","null","13","DT","DT.NEU.SIN.DEF","DT","11","|Definite=Def|Gender=Neut|Number=Sing|","|den..1:-1.000|den..2:-1.000|en..2:-1.000|"
"","finanspolitiska","|","|","|finanspolitisk|","|finans..nn.1+politisk..av.1:2.799e-12|finanser..nn.1+politisk..av.1:2.799e-12|fin..av.1+ans..nn.1+politisk..av.1:2.051e-18|fin..av.1+ansa..vb.1+politisk..av.1:2.704e-29|","|finans+politiska|fin+ans+politiska|","|finanspolitisk..av.1|","null","13","AT","JJ.POS.UTR+NEU.SIN.DEF.NOM","JJ","12","|Case=Nom|Definite=Def|Degree=Pos|Gender=Com,Neut|Number=Sing|","|finanspolitisk..1:-1.000|"
"","ramverket","|","|","|ramverk|","|ram..nn.1+verk..nn.1:1.330e-10|rama..vb.1+verk..nn.1:3.477e-20|","|ram+verket|","|ramverk..nn.1|","null","9","OO","NN.NEU.SIN.DEF.NOM","NN","13","|Case=Nom|Definite=Def|Gender=Neut|Number=Sing|","|ramverk..1:-1.000|"
"","och","|","|","|och|","|","|","|och..kn.1|","null","22","SS","KN","KN","14","|","|och..1:-1.000|"
"","att","|","|","|att|","|","|","|att..sn.1|","null","14","CJ","IE","IE","15","|","|att..1:-1.000|"
"","vidta","|fortsättning|posterioritet|vidfogning|","|Intentionally_act|","|vidta|","|vid..av.1+ta..vb.1:2.856e-11|","|vid+ta|","|vidta..vb.1|","neutral","15","IF","VB.INF.AKT","VB","16","|VerbForm=Inf|Voice=Act|","|vidta..1:0.998|vidta..2:0.002|"
"","åtgärder","|början|företag|göromål|kraftyttring|medel|tidsförhållande|","|Resolve_problem|","|åtgärd|","|åt..nn.1+gärd..nn.1:2.285e-20|","|åt+gärder|","|åtgärd..nn.1|","neutral","16","OO","NN.UTR.PLU.IND.NOM","NN","17","|Case=Nom|Definite=Ind|Gender=Com|Number=Plur|","|åtgärd..1:-1.000|"
"","för","|","|","|för|","|","|","|för..pp.1|","null","17","ET","PP","PP","18","|","|för..1:-1.000|för..5:-1.000|för..6:-1.000|för..7:-1.000|för..9:-1.000|"
"","ökad","|","|","|öka|","|","|","|öka..vb.2|","neutral","21","AT","PC.PRF.UTR.SIN.IND.NOM","PC","19","|Case=Nom|Definite=Ind|Gender=Com|Number=Sing|Tense=Past|VerbForm=Part|","|öka..2:-1.000|"
"","ekonomisk","|anskaffning|förfarande|ledning|skicklighet|sparsamhet|","|Economy|","|ekonomisk|","|","|","|ekonomisk..av.1|ekonomisk..av.2|","neutral","21","AT","JJ.POS.UTR.SIN.IND.NOM","JJ","20","|Case=Nom|Definite=Ind|Degree=Pos|Gender=Com|Number=Sing|","|ekonomisk..1:0.999|ekonomisk..3:0.000|ekonomisk..2:0.000|"
"","stabilitet","|oföränderlighet|orubblighet|varaktighet|","|","|stabilitet|","|","|","|stabilitet..nn.1|","positive","18","PA","NN.UTR.SIN.IND.NOM","NN","21","|Case=Nom|Definite=Ind|Gender=Com|Number=Sing|","|stabilitet..1:-1.000|"
"***","skapar","|alstring|form|förmåga|grund|gudom|skicklighet|tillvaro|verklighet|","|Intentionally_create|","|skapa|","|","|","|skapa..vb.1|","neutral","null","ROOT","VB.PRS.AKT","VB","22","|Mood=Ind|Tense=Pres|VerbForm=Fin|Voice=Act|","|skapa..1:-1.000|"
"***","förutsättningar","|antagande|betingelse|bevis|förbehåll|förhand|förhoppning|förmåga|grund|logik|omständighet|tankeämne|","|","|förutsättning|","|förut..ab.1+sättning..nn.1:4.029e-12|för..nn.1+ut..ab.1+sättning..nn.1:3.134e-21|föra..vb.1+ut..ab.1+sättning..nn.1:4.884e-22|","|förut+sättningar|för+ut+sättningar|","|förutsättning..nn.1|","neutral","22","OO","NN.UTR.PLU.IND.NOM","NN","23","|Case=Nom|Definite=Ind|Gender=Com|Number=Plur|","|förutsättning..1:-1.000|"
"***","för","|","|","|för|","|","|","|för..pp.1|","null","29","CJ","PP","PP","24","|","|för..1:-1.000|för..5:-1.000|för..6:-1.000|för..7:-1.000|för..9:-1.000|"
"","att","|","|","|att|","|","|","|att..sn.1|","null","24","PA","IE","IE","25","|","|att..1:-1.000|"
"","stå","|lodräthet|stöd|viktighet|","|Posture|","|stå|stå_emot|","|","|","|stå..vb.1|stå_emot..vbm.1|","neutral","25","IF","VB.INF.AKT","VB","26","|VerbForm=Inf|Voice=Act|","|stå..1:0.383|stå..3:0.224|stå..7:0.176|stå..8:0.113|stå..9:0.071|stå..5:0.013|stå..6:0.009|stå..4:0.008|stå..2:0.003|stå_emot..1:-1.000|"
"","emot","|","|","|stå_emot:26|","|","|","|stå_emot..vbm.1:26|","null","26","PL","PL","PL","27","|","|stå_emot..1:26:-1.000|"
"","kriser","|fara|förstöring|läglighet|omständighet|svårhet|tidsförhållande|tillbakagång|återgång|","|Catastrophe|","|kris|","|","|","|kris..nn.1|","negative","26","OO","NN.UTR.PLU.IND.NOM","NN","28","|Case=Nom|Definite=Ind|Gender=Com|Number=Plur|","|kris..1:-1.000|"
"","och","|","|","|och|","|","|","|och..kn.1|","null","22","AA","KN","KN","29","|","|och..1:-1.000|"
"","för","|","|","|för|","|","|","|för..pp.1|","null","29","CJ","PP","PP","30","|","|för..1:-1.000|för..5:-1.000|för..6:-1.000|för..7:-1.000|för..9:-1.000|"
"","att","|","|","|att|","|","|","|att..sn.1|","null","30","PA","IE","IE","31","|","|att..1:-1.000|"
"","ge","|bortgivande|fullbordan|ogillande|tillvaro|tvedräkt|","|","|ge|","|","|","|ge..vb.1|","neutral","31","IF","VB.INF.AKT","VB","32","|VerbForm=Inf|Voice=Act|","|givas..1:0.524|ge..1:0.476|"
"","långsiktig","|","|","|långsiktig|","|lång..av.1+siktig..av.1:1.820e-13|","|lång+siktig|","|långsiktig..av.1|","neutral","34","AT","JJ.POS.UTR.SIN.IND.NOM","JJ","33","|Case=Nom|Definite=Ind|Degree=Pos|Gender=Com|Number=Sing|","|långsiktig..1:-1.000|"
"","trovärdighet","|bevis|myndighet|redlighet|riktighet|sannfärdighet|sannolikhet|viktighet|visshet|övertygelse|","|","|trovärdighet|","|tro..vb.1+värdighet..nn.1:8.878e-12|","|tro+värdighet|","|trovärdighet..nn.1|","positive","32","OO","NN.UTR.SIN.IND.NOM","NN","34","|Case=Nom|Definite=Ind|Gender=Com|Number=Sing|","|trovärdighet..1:-1.000|"
"","för","|","|","|för|","|","|","|för..pp.1|","null","32","OA","PP","PP","35","|","|för..1:-1.000|för..5:-1.000|för..6:-1.000|för..7:-1.000|för..9:-1.000|"
"","den","|","|","|den|en|","|","|","|den..pn.1|en..al.1|","null","38","DT","DT.UTR.SIN.DEF","DT","36","|Definite=Def|Gender=Com|Number=Sing|","|den..1:-1.000|den..2:-1.000|en..2:-1.000|"
"","ekonomiska","|anskaffning|förfarande|ledning|skicklighet|sparsamhet|","|Economy|","|ekonomisk|","|","|","|ekonomisk..av.1|ekonomisk..av.2|","neutral","38","AT","JJ.POS.UTR+NEU.SIN.DEF.NOM","JJ","37","|Case=Nom|Definite=Def|Degree=Pos|Gender=Com,Neut|Number=Sing|","|ekonomisk..1:0.988|ekonomisk..3:0.009|ekonomisk..2:0.003|"
"","politiken","|förfarande|försiktighet|planmässighet|skicklighet|slughet|","|","|politik|","|","|","|politik..nn.1|","neutral","35","PA","NN.UTR.SIN.DEF.NOM","NN","38","|Case=Nom|Definite=Def|Gender=Com|Number=Sing|","|politik..1:-1.000|"
"",".","|","|","|","|","|","|","null","22","IP","MAD","MAD","39","|","|"
"# Svenska partiprogram och valmanifest; text attributes: text_source: ""Hämtat från partiets officiella hemsida."", text_party: ""all"", text_blingbring: ""|filantropi:11.025|tilltagande:7.749|hälsosamhet:7.585|"", text__id: ""cf98"", text_lix: ""47.65"", text_nk: ""1.52"", text_ovix: ""66.05"", text_year: ""2014"", text_type: ""Valmanifest - Riksdagsval"", text_type_id: ""v"", text_title: ""Vi bygger Sverige - Alliansens valmanifest 2014-2018"", text_swefn: ""|Alliance:59.929|Be_on_alert:55.686|Cause_change_of_strength:41.279|"", text_party_name: ""Alliansen""","","","","","","","","","","","","","","",""
"","Vi","|","|","|vi|","|","|","|vi..pn.1|","null","2","SS","PN.UTR.PLU.DEF.SUB","PN","1","|Case=Nom|Definite=Def|Gender=Com|Number=Plur|","|vi..1:-1.000|"
"***","skapar","|alstring|form|förmåga|grund|gudom|skicklighet|tillvaro|verklighet|","|Intentionally_create|","|skapa|","|","|","|skapa..vb.1|","neutral","11","MS","VB.PRS.AKT","VB","2","|Mood=Ind|Tense=Pres|VerbForm=Fin|Voice=Act|","|skapa..1:-1.000|"
"***","förutsättningar","|antagande|betingelse|bevis|förbehåll|förhand|förhoppning|förmåga|grund|logik|omständighet|tankeämne|","|","|förutsättning|","|förut..ab.1+sättning..nn.1:4.029e-12|för..nn.1+ut..ab.1+sättning..nn.1:3.134e-21|föra..vb.1+ut..ab.1+sättning..nn.1:4.884e-22|","|förut+sättningar|för+ut+sättningar|","|förutsättning..nn.1|","neutral","2","OO","NN.UTR.PLU.IND.NOM","NN","3","|Case=Nom|Definite=Ind|Gender=Com|Number=Plur|","|förutsättning..1:-1.000|"
"***","för","|","|","|för|","|","|","|för..pp.1|","null","2","OA","PP","PP","4","|","|för..1:-1.000|för..5:-1.000|för..6:-1.000|för..7:-1.000|för..9:-1.000|"
"","ett","|","|","|en|","|","|","|en..al.1|","null","10","DT","DT.NEU.SIN.IND","DT","5","|Definite=Ind|Gender=Neut|Number=Sing|","|den..1:-1.000|en..2:-1.000|"
"","mer","|jämförelse|","|Increment|","|mer|mycket|","|","|","|mer..ab.1|mycket..ab.1|","null","7","AA","AB.KOM","AB","6","|Degree=Cmp|","|mer..1:0.627|mycket..2:0.370|mycket..1:0.003|"
"","jämlikt","|jämförelse|jämnhet|likhet|parallellism|","|","|jämlik|","|","|","|jämlik..av.1|","positive","8","CJ","JJ.POS.NEU.SIN.IND.NOM","JJ","7","|Case=Nom|Definite=Ind|Degree=Pos|Gender=Neut|Number=Sing|","|jämlik..1:-1.000|"
"","och","|","|","|och|","|","|","|och..kn.1|","null","10","AT","KN","KN","8","|","|och..1:-1.000|"
"","jämställt","|","|","|jämställa|jämställd|","|","|","|jämställa..vb.1|jämställd..av.1|","null","8","CJ","PC.PRF.NEU.SIN.IND.NOM","PC","9","|Case=Nom|Definite=Ind|Gender=Neut|Number=Sing|Tense=Past|VerbForm=Part|","|jämställd..1:0.990|jämställa..1:0.010|"
"","samhälle","|förbindelse|förening|människa|","|","|samhälle|","|","|","|samhälle..nn.1|","neutral","4","PA","NN.NEU.SIN.IND.NOM","NN","10","|Case=Nom|Definite=Ind|Gender=Neut|Number=Sing|","|samhälle..1:0.999|samhälle..2:0.001|"
"","och","|","|","|och|","|","|","|och..kn.1|","null","null","ROOT","KN","KN","11","|","|och..1:-1.000|"
"","stärker","|botemedel|förbättring|förmåga|hälsosamhet|hårdhet|kraftyttring|påklädsel|styrka|tilltagande|uppfriskning|","|Cause_change_of_strength|","|stärka|","|","|","|stärka..vb.1|","positive","11","+F","VB.PRS.AKT","VB","12","|Mood=Ind|Tense=Pres|VerbForm=Fin|Voice=Act|","|stärka..1:0.999|stärka..2:0.001|"
"","sammanhållningen","|endräkt|filantropi|förbindelse|sammanhållning|sammanslutning|samverkan|","|","|sammanhållning|","|samman..ab.1+hållning..nn.1:1.618e-12|sam..sxc.1+man..nn.1+hållning..nn.1:7.626e-25|sam..sxc.1+man..nn.2+hållning..nn.1:7.626e-25|","|samman+hållningen|sam+man+hållningen|","|sammanhållning..nn.1|","null","12","OO","NN.UTR.SIN.DEF.NOM","NN","13","|Case=Nom|Definite=Def|Gender=Com|Number=Sing|","|sammanhållning..1:-1.000|"
"","i","|","|","|i|","|","|","|i..pp.1|","null","12","RA","PP","PP","14","|","|i..2:-1.000|"
"","vårt","|","|","|vi|","|","|","|vi..pn.1|","null","16","DT","PS.NEU.SIN.DEF","PS","15","|Definite=Def|Gender=Neut|Number=Sing|","|vi..1:-1.000|"
"","land","|land|region|","|Political_locales|","|land|","|","|","|land..nn.1|land..nn.2|land..nn.3|","neutral","14","PA","NN.NEU.SIN.IND.NOM","NN","16","|Case=Nom|Definite=Ind|Gender=Neut|Number=Sing|","|land..1:0.921|land..3:0.061|land..2:0.017|"
"",".","|","|","|","|","|","|","null","11","IP","MAD","MAD","17","|","|"
"# Svenska partiprogram och valmanifest; text attributes: text_source: ""Hämtat från partiets officiella hemsida."", text_party: ""all"", text_blingbring: ""|filantropi:11.025|tilltagande:7.749|hälsosamhet:7.585|"", text__id: ""cf98"", text_lix: ""47.65"", text_nk: ""1.52"", text_ovix: ""66.05"", text_year: ""2014"", text_type: ""Valmanifest - Riksdagsval"", text_type_id: ""v"", text_title: ""Vi bygger Sverige - Alliansens valmanifest 2014-2018"", text_swefn: ""|Alliance:59.929|Be_on_alert:55.686|Cause_change_of_strength:41.279|"", text_party_name: ""Alliansen""","","","","","","","","","","","","","","",""
"","En","|","|","|en|","|","|","|en..al.1|","null","4","DT","DT.UTR.SIN.IND","DT","1","|Definite=Ind|Gender=Com|Number=Sing|","|den..1:-1.000|en..2:-1.000|"
"","starkare","|betydenhet|färg|förmåga|hälsa|hårdhet|kallblodighet|kraftyttring|ljudstyrka|seghet|smakstyrka|styrka|våldsamhet|","|Exertive_force|","|stark|","|","|","|stark..av.1|","positive","4","AT","JJ.KOM.UTR+NEU.SIN+PLU.IND+DEF.NOM","JJ","2","|Case=Nom|Definite=Def,Ind|Degree=Cmp|Gender=Com,Neut|Number=Plur,Sing|","|stark..1:0.875|stark..3:0.104|stark..2:0.013|stark..5:0.008|stark..4:0.001|"
"","ekonomi","|egendom|förfarande|ordning|sparsamhet|","|Economy|","|ekonomi|","|","|","|ekonomi..nn.1|","neutral","4","CJ","NN.UTR.SIN.IND.NOM","NN","3","|Case=Nom|Definite=Ind|Gender=Com|Number=Sing|","|ekonomi..1:0.980|ekonomi..2:0.020|"
"","och","|","|","|och|","|","|","|och..kn.1|","null","8","SS","KN","KN","4","|","|och..1:-1.000|"
"","fler","|","|","|mången|","|","|","|mången..pn.1|","null","4","CJ","PN.UTR+NEU.PLU.IND.SUB+OBJ","PN","5","|Case=Acc,Nom|Definite=Ind|Gender=Com,Neut|Number=Plur|","|mången..1:-1.000|"
"","i","|","|","|i|","|","|","|i..pp.1|","null","5","ET","PP","PP","6","|","|i..2:-1.000|"
"","arbete","|alstring|ansträngning|arbete|bok|följd|göromål|kraftmedel|","|Being_employed|","|arbete|","|ar..nn.1+bete..nn.1:5.634e-11|ar..nn.1+bete..nn.2:5.634e-11|","|ar+bete|","|arbete..nn.1|","neutral","6","PA","NN.NEU.SIN.IND.NOM","NN","7","|Case=Nom|Definite=Ind|Gender=Neut|Number=Sing|","|arbete..1:0.956|arbete..2:0.044|"
"***","skapar","|alstring|form|förmåga|grund|gudom|skicklighet|tillvaro|verklighet|","|Intentionally_create|","|skapa|","|","|","|skapa..vb.1|","neutral","null","ROOT","VB.PRS.AKT","VB","8","|Mood=Ind|Tense=Pres|VerbForm=Fin|Voice=Act|","|skapa..1:-1.000|"
"***","förutsättningar","|antagande|betingelse|bevis|förbehåll|förhand|förhoppning|förmåga|grund|logik|omständighet|tankeämne|","|","|förutsättning|","|förut..ab.1+sättning..nn.1:4.029e-12|för..nn.1+ut..ab.1+sättning..nn.1:3.134e-21|föra..vb.1+ut..ab.1+sättning..nn.1:4.884e-22|","|förut+sättningar|för+ut+sättningar|","|förutsättning..nn.1|","neutral","8","OO","NN.UTR.PLU.IND.NOM","NN","9","|Case=Nom|Definite=Ind|Gender=Com|Number=Plur|","|förutsättning..1:-1.000|"
"***","för","|","|","|för|","|","|","|för..pp.1|","null","9","ET","PP","PP","10","|","|för..1:-1.000|för..5:-1.000|för..6:-1.000|för..7:-1.000|för..9:-1.000|"
"","en","|","|","|en|","|","|","|en..al.1|","null","13","DT","DT.UTR.SIN.IND","DT","11","|Definite=Ind|Gender=Com|Number=Sing|","|den..1:-1.000|en..2:-1.000|"
"","positiv","|begriplighet|bekräftelse|stränghet|talförhållande|tillvaro|överensstämmelse|övertygelse|","|","|positiv|","|","|","|positiv..av.1|","neutral","13","AT","JJ.POS.UTR.SIN.IND.NOM","JJ","12","|Case=Nom|Definite=Ind|Degree=Pos|Gender=Com|Number=Sing|","|positiv..8:0.994|positiv..1:0.004|positiv..7:0.001|positiv..6:0.001|positiv..2:0.000|"
"","utveckling","|alstring|avhandling|avslöjning|betydelse|fortgång|fortsättning|framåtskridande|fråga|följd|fördel|förfarande|ofullständighet|omdöme|rörelse|tilltagande|uttydning|utvidgning|övergång|","|Cause_to_make_progress|","|utveckling|","|","|","|utveckling..nn.1|","neutral","10","PA","NN.UTR.SIN.IND.NOM","NN","13","|Case=Nom|Definite=Ind|Gender=Com|Number=Sing|","|utveckling..1:1.000|utveckling..2:0.000|"
"","av","|","|","|av|","|","|","|av..pp.1|","null","13","ET","PP","PP","14","|","|av..1:-1.000|"
"","pensionerna","|bortgivande|egendom|inkomst|lön|penningväsen|tillhåll|","|","|pension|","|","|","|pension..nn.1|","neutral","14","PA","NN.UTR.PLU.DEF.NOM","NN","15","|Case=Nom|Definite=Def|Gender=Com|Number=Plur|","|pension..1:-1.000|"
"","under","|","|","|under|","|","|","|under..pp.1|","null","15","ET","PP","PP","16","|","|under..1:-1.000|under..2:-1.000|"
"","de","|","|","|en|","|","|","|en..al.1|","null","19","DT","DT.UTR+NEU.PLU.DEF","DT","17","|Definite=Def|Gender=Com,Neut|Number=Plur|","|den..1:-1.000|en..2:-1.000|"
"","kommande","|","|","|komma|kommande|","|","|","|komma..vb.1|kommande..av.1|","neutral","19","DT","PC.PRS.UTR+NEU.SIN+PLU.IND+DEF.NOM","PC","18","|Case=Nom|Definite=Def,Ind|Gender=Com,Neut|Number=Plur,Sing|Tense=Pres|VerbForm=Part|","|kommande..1:0.904|komma..3:0.061|komma..1:0.036|"
"","åren","|period|tid|","|Calendric_unit|","|år|","|å..nn.2+r..nn.1:5.048e-13|å..nn.2+ren..nn.1:5.048e-13|","|å+ren|","|år..nn.1|","neutral","16","PA","NN.NEU.PLU.DEF.NOM","NN","19","|Case=Nom|Definite=Def|Gender=Neut|Number=Plur|","|år..1:-1.000|"
"",".","|","|","|","|","|","|","null","8","IP","MAD","MAD","20","|","|"
"# Svenska partiprogram och valmanifest; text attributes: text_source: ""Hämtat från forskningsprojektet ""Partiernas opinionspåverkan"", finansierat av HSFR, juli 1991-juni 1994. Peter Esaiasson och Niclas Håkansson, Statsvetenskapliga institiutionen vid Göteborgs universitet."", text_party: ""c"", text_blingbring: ""|medelväg:32.0|billighet:13.87|kreditväsen:13.647|"", text__id: ""7794"", text_lix: ""56.38"", text_nk: ""2.23"", text_ovix: ""73.67"", text_year: ""1960"", text_type: ""Valmanifest - Riksdagsval"", text_type_id: ""v"", text_title: ""Centerpartiets valprogram inför valet den 18 september 1960"", text_swefn: ""|Satisfying:256.677|Enforcing:152.56|Agriculture:143.027|"", text_party_name: ""Centerpartiet""","","","","","","","","","","","","","","",""
"","En","|","|","|en|","|","|","|en..al.1|","null","3","DT","DT.UTR.SIN.IND","DT","1","|Definite=Ind|Gender=Com|Number=Sing|","|den..1:-1.000|en..2:-1.000|"
"","ökad","|","|","|öka|","|","|","|öka..vb.2|","neutral","3","AT","PC.PRF.UTR.SIN.IND.NOM","PC","2","|Case=Nom|Definite=Ind|Gender=Com|Number=Sing|Tense=Past|VerbForm=Part|","|öka..2:-1.000|"
"","uppslutning","|","|Participation|","|uppslutning|","|","|","|uppslutning..nn.1|","null","6","SS","NN.UTR.SIN.IND.NOM","NN","3","|Case=Nom|Definite=Ind|Gender=Com|Number=Sing|","|uppslutning..1:-1.000|"
"","kring","|","|","|kring|","|","|","|kring..pp.1|","null","3","ET","PP","PP","4","|","|kring..1:-1.000|kring..4:-1.000|"
"","centerpartiet","|medelväg|","|","|centerparti|","|center..nn.1+parti..nn.1:5.460e-11|center..nn.2+parti..nn.1:5.460e-11|center..nn.1+part..nn.1+i..nn.1:2.061e-19|center..nn.2+part..nn.1+i..nn.1:2.061e-19|cent..nn.1+era..nn.1+parti..nn.1:2.335e-25|","|center+partiet|center+part+iet|cent+er+partiet|","|centerparti..nn.1|","neutral","4","PA","NN.NEU.SIN.DEF.NOM","NN","5","|Case=Nom|Definite=Def|Gender=Neut|Number=Sing|","|centerparti..1:0.594|Centerpartiet..1:0.406|"
"***","skapar","|alstring|form|förmåga|grund|gudom|skicklighet|tillvaro|verklighet|","|Intentionally_create|","|skapa|","|","|","|skapa..vb.1|","neutral","null","ROOT","VB.PRS.AKT","VB","6","|Mood=Ind|Tense=Pres|VerbForm=Fin|Voice=Act|","|skapa..1:-1.000|"
"***","förutsättningar","|antagande|betingelse|bevis|förbehåll|förhand|förhoppning|förmåga|grund|logik|omständighet|tankeämne|","|","|förutsättning|","|förut..ab.1+sättning..nn.1:4.029e-12|för..nn.1+ut..ab.1+sättning..nn.1:3.134e-21|föra..vb.1+ut..ab.1+sättning..nn.1:4.884e-22|","|förut+sättningar|för+ut+sättningar|","|förutsättning..nn.1|","neutral","6","OO","NN.UTR.PLU.IND.NOM","NN","7","|Case=Nom|Definite=Ind|Gender=Com|Number=Plur|","|förutsättning..1:-1.000|"
"***","för","|","|","|för|","|","|","|för..pp.1|","null","7","ET","PP","PP","8","|","|för..1:-1.000|för..5:-1.000|för..6:-1.000|för..7:-1.000|för..9:-1.000|"
"","en","|","|","|en|","|","|","|en..al.1|","null","10","DT","DT.UTR.SIN.IND","DT","9","|Definite=Ind|Gender=Com|Number=Sing|","|den..1:-1.000|en..2:-1.000|"
"","politik","|förfarande|försiktighet|planmässighet|skicklighet|slughet|","|","|politik|","|","|","|politik..nn.1|","neutral","8","PA","NN.UTR.SIN.IND.NOM","NN","10","|Case=Nom|Definite=Ind|Gender=Com|Number=Sing|","|politik..1:-1.000|"
"",",","|","|","|","|","|","|","null","10","IK","MID","MID","11","|","|"
"","som","|","|","|","|","|","|","null","24","SS","HP.-.-.-","HP","12","|","|"
"","på","|","|","|på|","|","|","|på..pp.1|","null","24","AA","PP","PP","13","|","|på..1:-1.000|"
"","grundval","|beredelse|botten|föregångare|försteg|grund|planmässighet|stöd|varaktighet|viktighet|","|","|grundval|","|grund..nn.1+val..nn.1:6.876e-09|grund..nn.1+val..nn.2:6.876e-09|grund..nn.2+val..nn.1:6.876e-09|grund..nn.2+val..nn.2:6.876e-09|grund..av.1+val..nn.1:1.686e-12|grund..av.1+val..nn.2:1.686e-12|grunda..vb.1+val..nn.1:1.337e-19|grunda..vb.1+val..nn.2:1.337e-19|grunda..vb.2+val..nn.1:1.337e-19|grunda..vb.2+val..nn.2:1.337e-19|","|grund+val|","|grundval..nn.1|","null","13","HD","NN.NEU.SIN.IND.NOM","NN","14","|Case=Nom|Definite=Ind|Gender=Neut|Number=Sing|","|grundval..1:-1.000|"
"","av","|","|","|av|","|","|","|av..pp.1|","null","13","HD","PP","PP","15","|","|av..1:-1.000|"
"","den","|","|","|den|en|","|","|","|den..pn.1|en..al.1|","null","18","DT","DT.UTR.SIN.DEF","DT","16","|Definite=Def|Gender=Com|Number=Sing|","|den..1:-1.000|den..2:-1.000|en..2:-1.000|"
"","enskilda","|ental|insida|särskildhet|","|","|enskild|","|en..nn.1+skild..av.1:1.599e-12|en..nl.1+skild..av.1:1.280e-12|","|en+skilda|","|enskild..av.1|","neutral","18","AT","JJ.POS.UTR+NEU.SIN.DEF.NOM","JJ","17","|Case=Nom|Definite=Def|Degree=Pos|Gender=Com,Neut|Number=Sing|","|enskild..1:-1.000|"
"","företagsamheten","|företag|förvärv|göromål|kraftyttring|raskhet|tidighet|verksamhetsbegär|vilja|villighet|","|","|företagsamhet|","|","|","|företagsamhet..nn.1|","null","19","CJ","NN.UTR.SIN.DEF.NOM","NN","18","|Case=Nom|Definite=Def|Gender=Com|Number=Sing|","|företagsamhet..1:-1.000|"
"","och","|","|","|och|","|","|","|och..kn.1|","null","13","PA","KN","KN","19","|","|och..1:-1.000|"
"","de","|","|","|en|","|","|","|en..al.1|","null","22","DT","DT.UTR+NEU.PLU.DEF","DT","20","|Definite=Def|Gender=Com,Neut|Number=Plur|","|den..1:-1.000|en..2:-1.000|"
"","enskilda","|ental|insida|särskildhet|","|","|enskild|","|en..nn.1+skild..av.1:1.599e-12|en..nl.1+skild..av.1:1.280e-12|","|en+skilda|","|enskild..av.1|","neutral","22","AT","JJ.POS.UTR+NEU.PLU.IND+DEF.NOM","JJ","21","|Case=Nom|Definite=Def,Ind|Degree=Pos|Gender=Com,Neut|Number=Plur|","|enskild..1:-1.000|"
"","människornas","|människa|","|People|","|människa|","|","|","|människa..nn.1|","neutral","23","DT","NN.UTR.PLU.DEF.GEN","NN","22","|Case=Gen|Definite=Def|Gender=Com|Number=Plur|","|människa..1:-1.000|"
"","initiativ","|beredelse|början|framdrivning|förebild|företag|försteg|infall|prövning|verksamhetsbegär|vilja|","|","|initiativ|","|","|","|initiativ..nn.1|","neutral","19","CJ","NN.NEU.SIN.IND.NOM","NN","23","|Case=Nom|Definite=Ind|Gender=Neut|Number=Sing|","|initiativ..1:-1.000|"
"","främjar","|förbättring|hjälp|","|Conferring_benefit|","|främja|","|","|","|främja..vb.1|","positive","10","ET","VB.PRS.AKT","VB","24","|Mood=Ind|Tense=Pres|VerbForm=Fin|Voice=Act|","|främja..1:-1.000|"
"","en","|","|","|en|","|","|","|en..al.1|","null","26","DT","DT.UTR.SIN.IND","DT","25","|Definite=Ind|Gender=Com|Number=Sing|","|den..1:-1.000|en..2:-1.000|"
"","välståndsutveckling","|","|","|välståndsutveckling|","|välstånd..nn.1+utveckling..nn.1:2.324e-13|väl..ab.1+stånd..nn.1+utveckling..nn.1:1.483e-17|väl..nn.1+stånd..nn.1+utveckling..nn.1:2.666e-20|","|välstånds+utveckling|väl+stånds+utveckling|","|","null","24","OO","NN.UTR.SIN.IND.NOM","NN","26","|Case=Nom|Definite=Ind|Gender=Com|Number=Sing|","|"
"","till","|","|","|till|till_gagn|","|","|","|till..pp.1|till_gagn..avm.1|","null","24","OA","PP","PP","27","|","|till..1:-1.000|till_gagn..1:-1.000|"
"","gagn","|framgång|fördel|förmåga|förvärv|hjälp|hälsosamhet|nytta|verksamhet|viktighet|","|","|gagn|till_gagn:27|","|","|","|gagn..nn.1|till_gagn..avm.1:27|","positive","27","PA","NN.NEU.SIN.IND.NOM","NN","28","|Case=Nom|Definite=Ind|Gender=Neut|Number=Sing|","|gagn..1:-1.000|till_gagn..1:27:-1.000|"
"","för","|","|","|för|","|","|","|för..pp.1|","null","24","OA","PP","PP","29","|","|för..1:-1.000|för..5:-1.000|för..6:-1.000|för..7:-1.000|för..9:-1.000|"
"","alla","|","|","|all|","|","|","|all..pn.1|","null","29","PA","PN.UTR+NEU.PLU.IND.SUB+OBJ","PN","30","|Case=Acc,Nom|Definite=Ind|Gender=Com,Neut|Number=Plur|","|all..1:-1.000|"
"",".","|","|","|","|","|","|","null","6","IP","MAD","MAD","31","|","|"
"# Svenska partiprogram och valmanifest; text attributes: text_source: ""Hämtat från forskningsprojektet ""Partiernas opinionspåverkan"", finansierat av HSFR, juli 1991-juni 1994. Peter Esaiasson och Niclas Håkansson, Statsvetenskapliga institiutionen vid Göteborgs universitet."", text_party: ""c"", text_blingbring: ""|betalning:7.874|medelväg:7.344|fortgång:6.857|"", text__id: ""c85b"", text_lix: ""55.01"", text_nk: ""2.25"", text_ovix: ""73.19"", text_year: ""1968"", text_type: ""Valmanifest - Riksdagsval"", text_type_id: ""v"", text_title: ""Valprogrammet 68 Centern"", text_swefn: ""|Be_on_alert:323.513|Seeking_to_achieve:75.695|Agriculture:73.186|"", text_party_name: ""Centerpartiet""","","","","","","","","","","","","","","",""
"","Vissa","|förhoppning|säkerhet|övertygelse|","|Idiosyncrasy|","|viss|","|","|","|viss..av.1|","neutral","2","DT","JJ.POS.UTR+NEU.PLU.IND+DEF.NOM","JJ","1","|Case=Nom|Definite=Def,Ind|Degree=Pos|Gender=Com,Neut|Number=Plur|","|viss..1:0.975|viss..2:0.025|"
"","delar","|bok|del|fördelning|grad|inbegrepp|mängd|obetydlighet|","|Part_piece|","|del|","|","|","|del..nn.1|","neutral","5","SS","NN.UTR.PLU.IND.NOM","NN","2","|Case=Nom|Definite=Ind|Gender=Com|Number=Plur|","|del..1:-1.000|"
"","av","|","|","|av|","|","|","|av..pp.1|","null","2","ET","PP","PP","3","|","|av..1:-1.000|"
"","befolkningen","|innevånare|mängd|människa|plebej|samling|","|Aggregate|","|befolkning|","|","|","|befolkning..nn.1|","neutral","3","PA","NN.UTR.SIN.DEF.NOM","NN","4","|Case=Nom|Definite=Def|Gender=Com|Number=Sing|","|befolkning..1:0.474|befolkning..3:0.465|befolkning..2:0.061|"
"","riskerar","|bundenhet|fara|företag|försök|mod|möjlighet|oförvägenhet|osannolikhet|sannolikhet|slump|","|Run_risk|","|riskera|","|","|","|riskera..vb.1|","negative","null","ROOT","VB.PRS.AKT","VB","5","|Mood=Ind|Tense=Pres|VerbForm=Fin|Voice=Act|","|riskera..1:-1.000|"
"","att","|","|","|att|","|","|","|att..sn.1|","null","5","OO","IE","IE","6","|","|att..1:-1.000|"
"","i","|","|","|i|i_form|","|","|","|i..pp.1|i_form..avm.1|","null","15","AA","PP","PP","7","|","|i..2:-1.000|i_form..1:-1.000|"
"","form","|avbild|dikt|enhetlighet|förebild|metod|stil|struktur|","|Type|","|form|i_form:7|","|","|","|form..nn.1|form..nn.2|form..nn.3|i_form..avm.1:7|","neutral","7","HD","NN.UTR.SIN.IND.NOM","NN","8","|Case=Nom|Definite=Ind|Gender=Com|Number=Sing|","|form..2:0.871|form..1:0.074|form..3:0.028|form..4:0.026|i_form..1:7:-1.000|"
"","av","|","|","|av|","|","|","|av..pp.1|","null","7","HD","PP","PP","9","|","|av..1:-1.000|"
"","sänkt","|","|","|sänka|","|","|","|sänka..vb.1|","neutral","11","AT","PC.PRF.UTR.SIN.IND.NOM","PC","10","|Case=Nom|Definite=Ind|Gender=Com|Number=Sing|Tense=Past|VerbForm=Part|","|sänka..4:0.952|sänka..1:0.048|"
"","standard","|uppskattning|","|Exemplariness|","|standard|","|","|","|standard..nn.1|","neutral","12","CJ","NN.UTR.SIN.IND.NOM","NN","11","|Case=Nom|Definite=Ind|Gender=Com|Number=Sing|","|standard..1:-1.000|"
"","och","|","|","|och|","|","|","|och..kn.1|","null","7","PA","KN","KN","12","|","|och..1:-1.000|"
"","minskad","|","|","|minska|","|","|","|minska..vb.1|","neutral","14","AT","PC.PRF.UTR.SIN.IND.NOM","PC","13","|Case=Nom|Definite=Ind|Gender=Com|Number=Sing|Tense=Past|VerbForm=Part|","|minska..2:0.598|minska..1:0.402|"
"","trygghet","|försvar|förvaring|kvarhållande|skydd|säkerhet|","|Being_at_risk|","|trygghet|","|","|","|trygghet..nn.1|trygghet..nn.2|","positive","12","CJ","NN.UTR.SIN.IND.NOM","NN","14","|Case=Nom|Definite=Ind|Gender=Com|Number=Sing|","|trygghet..1:0.980|trygghet..2:0.020|"
"","få","|förvärv|mottagande|","|Receiving|","|få|","|","|","|få..vb.1|","positive","6","IF","VB.INF.AKT","VB","15","|VerbForm=Inf|Voice=Act|","|få..1:0.871|få..3:0.129|"
"","betala","|betalning|bortgivande|gengäld|lön|penningväsen|pliktuppfyllelse|utbyte|utgift|","|Commerce_pay|","|betala|","|beta..nn.2+lägga..vb.1:3.609e-20|","|beta+la|","|betala..vb.1|","neutral","15","VG","VB.INF.AKT","VB","16","|VerbForm=Inf|Voice=Act|","|betala..1:-1.000|"
"","den","|","|","|den|en|","|","|","|den..pn.1|en..al.1|","null","18","DT","DT.UTR.SIN.DEF","DT","17","|Definite=Def|Gender=Com|Number=Sing|","|den..1:-1.000|den..2:-1.000|en..2:-1.000|"
"","välståndshöjning","|","|","|välståndshöjning|","|välstånd..nn.1+höjning..nn.1:2.508e-14|väl..ab.1+stånd..nn.1+höjning..nn.1:1.601e-18|väl..nn.1+stånd..nn.1+höjning..nn.1:2.878e-21|","|välstånds+höjning|väl+stånds+höjning|","|","null","16","OO","NN.UTR.SIN.IND.NOM","NN","18","|Case=Nom|Definite=Ind|Gender=Com|Number=Sing|","|"
"","som","|","|","|","|","|","|","null","27","PA","HP.-.-.-","HP","19","|","|"
"","de","|","|","|en|","|","|","|en..al.1|","null","22","DT","DT.UTR+NEU.PLU.DEF","DT","20","|Definite=Def|Gender=Com,Neut|Number=Plur|","|den..1:-1.000|en..2:-1.000|"
"","snabba","|brådska|försteg|kortvarighet|plötslighet|raskhet|skicklighet|snabbhet|tidighet|verksamhetsbegär|","|Speed_description|","|snabb|","|","|","|snabb..av.1|","neutral","22","AT","JJ.POS.UTR+NEU.PLU.IND+DEF.NOM","JJ","21","|Case=Nom|Definite=Def,Ind|Degree=Pos|Gender=Com,Neut|Number=Plur|","|snabb..1:-1.000|"
"","förändringarna","|avbrott|föränderlighet|modifikation|nytt|olikhet|omläggning|rörelse|åtskillnad|övergång|","|Cause_change|","|förändring|","|föra..vb.1+ändring..nn.1:3.683e-13|för..nn.1+ändring..nn.1:7.550e-16|föra..vb.1+ända..nn.2+ring..nn.1:1.918e-21|föra..vb.1+ända..nn.2+ringare..nn.1:1.918e-21|föra..vb.1+ände..nn.1+ring..nn.1:1.918e-21|föra..vb.1+ände..nn.1+ringare..nn.1:1.918e-21|för..nn.1+ända..nn.2+ring..nn.1:1.745e-24|för..nn.1+ända..nn.2+ringare..nn.1:1.745e-24|för..nn.1+ände..nn.1+ring..nn.1:1.745e-24|för..nn.1+ände..nn.1+ringare..nn.1:1.745e-24|","|för+ändringarna|för+änd+ringarna|","|förändring..nn.1|","neutral","25","SS","NN.UTR.PLU.DEF.NOM","NN","22","|Case=Nom|Definite=Def|Gender=Com|Number=Plur|","|förändring..1:-1.000|"
"","i","|","|","|i|","|","|","|i..pp.1|","null","22","ET","PP","PP","23","|","|i..2:-1.000|"
"","samhället","|förbindelse|förening|människa|","|","|samhälle|","|sam..sxc.1+häl..nn.1+l..nn.1:1.682e-26|sam..sxc.1+häll..nn.1+l..nn.1:1.499e-26|sam..sxc.1+hälla..nn.1+l..nn.1:1.499e-26|sam..sxc.1+hälla..vb.1+l..nn.1:3.369e-28|","|sam+häl+let|sam+häll+let|","|samhälle..nn.1|","neutral","23","PA","NN.NEU.SIN.DEF.NOM","NN","24","|Case=Nom|Definite=Def|Gender=Neut|Number=Sing|","|samhälle..1:0.958|samhälle..2:0.042|"
"***","skapar","|alstring|form|förmåga|grund|gudom|skicklighet|tillvaro|verklighet|","|Intentionally_create|","|skapa|","|","|","|skapa..vb.1|","neutral","18","ET","VB.PRS.AKT","VB","25","|Mood=Ind|Tense=Pres|VerbForm=Fin|Voice=Act|","|skapa..1:-1.000|"
"***","förutsättningar","|antagande|betingelse|bevis|förbehåll|förhand|förhoppning|förmåga|grund|logik|omständighet|tankeämne|","|","|förutsättning|","|förut..ab.1+sättning..nn.1:4.029e-12|för..nn.1+ut..ab.1+sättning..nn.1:3.134e-21|föra..vb.1+ut..ab.1+sättning..nn.1:4.884e-22|","|förut+sättningar|för+ut+sättningar|","|förutsättning..nn.1|","neutral","25","OO","NN.UTR.PLU.IND.NOM","NN","26","|Case=Nom|Definite=Ind|Gender=Com|Number=Plur|","|förutsättning..1:-1.000|"
"***","för","|","|","|för|","|","|","|för..pp.1|","null","25","OA","PP","PP","27","|","|för..1:-1.000|för..5:-1.000|för..6:-1.000|för..7:-1.000|för..9:-1.000|"
"",".","|","|","|","|","|","|","null","5","IP","MAD","MAD","28","|","|"
"# Svenska partiprogram och valmanifest; text attributes: text_source: ""Hämtat från forskningsprojektet ""Partiernas opinionspåverkan"", finansierat av HSFR, juli 1991-juni 1994. Peter Esaiasson och Niclas Håkansson, Statsvetenskapliga institiutionen vid Göteborgs universitet."", text_party: ""c"", text_blingbring: ""|betalning:7.874|medelväg:7.344|fortgång:6.857|"", text__id: ""c85b"", text_lix: ""55.01"", text_nk: ""2.25"", text_ovix: ""73.19"", text_year: ""1968"", text_type: ""Valmanifest - Riksdagsval"", text_type_id: ""v"", text_title: ""Valprogrammet 68 Centern"", text_swefn: ""|Be_on_alert:323.513|Seeking_to_achieve:75.695|Agriculture:73.186|"", text_party_name: ""Centerpartiet""","","","","","","","","","","","","","","",""
"","Övergång","|föränderlighet|genomgång|grad|uppvaknande|åtskillnad|överflyttning|övergång|överskridande|","|","|övergång|","|över..ab.1+gång..nn.1:1.638e-11|över..ab.1+gång..nn.2:1.638e-11|över..ab.1+gång..nn.3:1.638e-11|över..av.1+gång..nn.1:1.935e-18|över..av.1+gång..nn.2:1.935e-18|över..av.1+gång..nn.3:1.935e-18|öva..vb.1+era..nn.1+gång..nn.1:4.412e-28|öva..vb.1+era..nn.1+gång..nn.2:4.412e-28|öva..vb.1+era..nn.1+gång..nn.3:4.412e-28|","|över+gång|öv+er+gång|","|övergång..nn.1|","neutral","10","SS","NN.UTR.SIN.IND.NOM","NN","1","|Case=Nom|Definite=Ind|Gender=Com|Number=Sing|","|övergång..1:-1.000|"
"","till","|","|","|till|","|","|","|till..pp.1|","null","1","ET","PP","PP","2","|","|till..1:-1.000|"
"","en","|","|","|en|","|","|","|en..al.1|","null","6","DT","DT.UTR.SIN.IND","DT","3","|Definite=Ind|Gender=Com|Number=Sing|","|den..1:-1.000|en..2:-1.000|"
"","mera","|allmännelighet|flerhet|jämförelse|mängd|upprepning|vanlighet|","|Frequency|","|mera|mycket|","|","|","|mera..ab.1|mycket..ab.1|","null","5","AA","AB.KOM","AB","4","|Degree=Cmp|","|mycket..2:0.517|mer..1:0.482|mycket..1:0.001|"
"","sammanhållen","|","|","|hålla_samman|sammanhålla|sammanhållen|","|samman..ab.1+hållen..av.1:8.745e-13|sammanhålla..vb.1+len..av.1:7.273e-18|samman..ab.1+hålla..vb.1:1.183e-18|samman..ab.1+håll..nn.1+len..av.1:7.307e-18|samman..ab.1+hål..nn.1+len..av.1:3.223e-18|samman..ab.1+håla..nn.1+len..av.1:3.223e-18|samman..ab.1+hålla..vb.1+len..av.1:8.535e-20|sam..sxc.1+man..nn.1+hållen..av.1:1.022e-26|sam..sxc.1+man..nn.2+hållen..av.1:1.022e-26|samman..ab.1+håla..vb.1+len..av.1:4.800e-28|sam..sxc.1+man..nn.1+hålla..vb.1:8.518e-31|sam..sxc.1+man..nn.2+hålla..vb.1:8.518e-31|sam..sxc.1+manhål..nn.1+len..av.1:4.165e-31|","|samman+hållen|sammanhåll+len|samman+håll+len|samman+hål+len|sam+man+hållen|sam+manhål+len|","|hålla_samman..vbm.1|sammanhålla..vb.1|sammanhållen..av.1|","null","6","AT","PC.PRF.UTR.SIN.IND.NOM","PC","5","|Case=Nom|Definite=Ind|Gender=Com|Number=Sing|Tense=Past|VerbForm=Part|","|hålla_samman..1:-1.000|hålla_samman..2:-1.000|sammanhållen..1:-1.000|"
"","undervisning","|anvisning|kunnighet|","|Education_teaching|","|undervisning|","|under..nn.1+visning..nn.1:3.932e-13|","|under+visning|","|undervisning..nn.1|","neutral","2","PA","NN.UTR.SIN.IND.NOM","NN","6","|Case=Nom|Definite=Ind|Gender=Com|Number=Sing|","|undervisning..1:-1.000|"
"","på","|","|","|på|","|","|","|på..pp.1|","null","6","ET","PP","PP","7","|","|på..1:-1.000|"
"","grundskolans","|","|Education_teaching|","|grundskola|","|grund..nn.1+skola..nn.1:9.499e-10|grund..nn.2+skola..nn.1:9.499e-10|grund..av.1+skola..nn.1:2.330e-13|grunda..vb.1+skola..nn.1:1.847e-20|grunda..vb.2+skola..nn.1:1.847e-20|grund..nn.1+sko..nn.1+lan..nn.1:8.552e-18|grund..nn.1+sko..nn.1+lans..nn.1:8.552e-18|grund..nn.2+sko..nn.1+lan..nn.1:8.552e-18|grund..nn.2+sko..nn.1+lans..nn.1:8.552e-18|grund..nn.1+skola..nn.1+ans..nn.1:2.203e-18|grund..nn.2+skola..nn.1+ans..nn.1:2.203e-18|grund..nn.1+sko..vb.1+lan..nn.1:8.054e-21|grund..nn.1+sko..vb.1+lans..nn.1:8.054e-21|grund..nn.2+sko..vb.1+lan..nn.1:8.054e-21|grund..nn.2+sko..vb.1+lans..nn.1:8.054e-21|grund..av.1+sko..nn.1+lan..nn.1:5.488e-21|grund..av.1+sko..nn.1+lans..nn.1:5.488e-21|grund..av.1+skola..nn.1+ans..nn.1:1.414e-21|grund..av.1+sko..vb.1+lan..nn.1:6.805e-27|grund..av.1+sko..vb.1+lans..nn.1:6.805e-27|grund..nn.1+skola..vb.2+ans..nn.1:1.182e-27|grund..nn.2+skola..vb.2+ans..nn.1:1.182e-27|grunda..vb.1+sko..nn.1+lan..nn.1:3.747e-28|grunda..vb.1+sko..nn.1+lans..nn.1:3.747e-28|grunda..vb.2+sko..nn.1+lan..nn.1:3.747e-28|grunda..vb.2+sko..nn.1+lans..nn.1:3.747e-28|grunda..vb.1+skola..nn.1+ans..nn.1:9.652e-29|grunda..vb.2+skola..nn.1+ans..nn.1:9.652e-29|grunda..vb.1+sko..vb.1+lan..nn.1:1.418e-30|grunda..vb.1+sko..vb.1+lans..nn.1:1.418e-30|grunda..vb.2+sko..vb.1+lan..nn.1:1.418e-30|grunda..vb.2+sko..vb.1+lans..nn.1:1.418e-30|grund..av.1+skola..vb.2+ans..nn.1:9.988e-34|grunda..vb.1+skola..vb.2+ans..nn.1:2.082e-37|grunda..vb.2+skola..vb.2+ans..nn.1:2.082e-37|","|grund+skolans|grund+skola+ns|grund+sko+lans|grund+skol+ans|","|grundskola..nn.1|","neutral","9","DT","NN.UTR.SIN.DEF.GEN","NN","8","|Case=Gen|Definite=Def|Gender=Com|Number=Sing|","|grundskola..1:-1.000|"
"","högstadium","|","|","|högstadium|","|hög..av.1+stadion..nn.2:2.614e-11|hög..av.1+stadium..nn.1:2.614e-11|hög..nn.1+stadion..nn.2:1.884e-12|hög..nn.1+stadium..nn.1:1.884e-12|","|hög+stadium|","|högstadium..nn.1|","null","7","PA","NN.NEU.SIN.IND.NOM","NN","9","|Case=Nom|Definite=Ind|Gender=Neut|Number=Sing|","|högstadium..1:-1.000|"
"","är","|förtid|långvarighet|varaktighet|","|Existence|","|vara|","|","|","|vara..vb.1|","neutral","null","ROOT","VB.PRS.AKT","VB","10","|Mood=Ind|Tense=Pres|VerbForm=Fin|Voice=Act|","|vara..1:-1.000|"
"","angelägen","|brådska|förnödenhet|syfte|viktighet|åtrå|","|","|angelägen|","|","|ange+lä+gen|","|angelägen..av.1|","positive","10","SP","JJ.POS.UTR.SIN.IND.NOM","JJ","11","|Case=Nom|Definite=Ind|Degree=Pos|Gender=Com|Number=Sing|","|angelägen..2:0.975|angelägen..1:0.025|"
"","med","|","|","|med|med_hänsyn_till|","|","|","|med..pp.1|med_hänsyn_till..ppm.1|","null","10","OA","PP","PP","12","|","|med..1:-1.000|med..2:-1.000|med_hänsyn_till..1:-1.000|"
"","hänsyn","|aktning|betingelse|drivfjäder|försiktighet|grund|hövlighet|mildhet|omsorg|omständighet|osjälviskhet|redlighet|samhörighet|uppmärksamhet|viktighet|välvilja|ödmjukhet|","|","|hänsyn|med_hänsyn_till:12|","|hän..ab.1+syn..nn.1:2.931e-12|hän..ab.1+syn..nn.2:2.931e-12|","|hän+syn|","|hänsyn..nn.1|med_hänsyn_till..ppm.1:12|","neutral","12","HD","NN.UTR.SIN.IND.NOM","NN","13","|Case=Nom|Definite=Ind|Gender=Com|Number=Sing|","|hänsyn..1:0.989|hänsyn..2:0.011|med_hänsyn_till..1:12:-1.000|"
"","till","|","|","|till|med_hänsyn_till:12|","|","|","|till..pp.1|med_hänsyn_till..ppm.1:12|","null","12","HD","PP","PP","14","|","|med_hänsyn_till..1:12:-1.000|till..1:-1.000|"
"","att","|","|","|att|","|","|","|att..sn.1|","null","12","PA","SN","SN","15","|","|att..1:-1.000|"
"","en","|","|","|en|","|","|","|en..al.1|","null","18","DT","DT.UTR.SIN.IND","DT","16","|Definite=Ind|Gender=Com|Number=Sing|","|den..1:-1.000|en..2:-1.000|"
"","förenklad","|","|","|förenkla|","|föra..vb.1+enkla..vb.1:8.523e-21|för..nn.1+enkla..vb.1:6.434e-25|","|för+enklad|","|förenkla..vb.1|","positive","18","AT","PC.PRF.UTR.SIN.IND.NOM","PC","17","|Case=Nom|Definite=Ind|Gender=Com|Number=Sing|Tense=Past|VerbForm=Part|","|förenkla..1:-1.000|"
"","organisation","|alstring|beredelse|förening|metod|organism|planmässighet|reglering|struktur|","|Organization|","|organisation|","|","|","|organisation..nn.1|organisation..nn.2|","neutral","19","SS","NN.UTR.SIN.IND.NOM","NN","18","|Case=Nom|Definite=Ind|Gender=Com|Number=Sing|","|organisation..1:0.554|organisation..2:0.446|"
"***","skapar","|alstring|form|förmåga|grund|gudom|skicklighet|tillvaro|verklighet|","|Intentionally_create|","|skapa|","|","|","|skapa..vb.1|","neutral","15","UA","VB.PRS.AKT","VB","19","|Mood=Ind|Tense=Pres|VerbForm=Fin|Voice=Act|","|skapa..1:-1.000|"
"***","förutsättningar","|antagande|betingelse|bevis|förbehåll|förhand|förhoppning|förmåga|grund|logik|omständighet|tankeämne|","|","|förutsättning|","|förut..ab.1+sättning..nn.1:4.029e-12|för..nn.1+ut..ab.1+sättning..nn.1:3.134e-21|föra..vb.1+ut..ab.1+sättning..nn.1:4.884e-22|","|förut+sättningar|för+ut+sättningar|","|förutsättning..nn.1|","neutral","19","OO","NN.UTR.PLU.IND.NOM","NN","20","|Case=Nom|Definite=Ind|Gender=Com|Number=Plur|","|förutsättning..1:-1.000|"
"***","för","|","|","|för|","|","|","|för..pp.1|","null","19","OA","PP","PP","21","|","|för..1:-1.000|för..5:-1.000|för..6:-1.000|för..7:-1.000|för..9:-1.000|"
"","en","|","|","|en|","|","|","|en..al.1|","null","25","DT","DT.UTR.SIN.IND","DT","22","|Definite=Ind|Gender=Com|Number=Sing|","|den..1:-1.000|en..2:-1.000|"
"","bättre","|dygd|fullständighet|fördel|gott|mildhet|oskuld|tillräcklighet|välvilja|","|Morality_evaluation|","|bra|god|","|","|","|bra..ab.1|bra..av.1|god..av.1|","positive","24","AA","AB.KOM","AB","23","|Degree=Cmp|","|god..1:0.823|bra..3:0.139|bra..1:0.024|god..3:0.012|bra..5:0.002|god..2:0.000|"
"","geografisk","|läge|värld|","|","|geografisk|","|","|","|geografisk..av.1|","neutral","25","AT","JJ.POS.UTR.SIN.IND.NOM","JJ","24","|Case=Nom|Definite=Ind|Degree=Pos|Gender=Com|Number=Sing|","|geografisk..1:-1.000|"
"","spridning","|avstånd|blandning|divergens|meddelande|offentliggörande|spridning|söndring|tilltagande|utvidgning|överföring|","|Dispersal|","|spridning|","|","|","|spridning..nn.1|","neutral","21","PA","NN.UTR.SIN.IND.NOM","NN","25","|Case=Nom|Definite=Ind|Gender=Com|Number=Sing|","|spridning..1:-1.000|"
"","av","|","|","|av|","|","|","|av..pp.1|","null","25","ET","PP","PP","26","|","|av..1:-1.000|"
"","grundskoleutbildningen","|","|","|grundskoleutbildning|","|grundskola..nn.1+utbildning..nn.1:1.997e-13|grund..nn.1+skola..nn.1+utbildning..nn.1:6.044e-18|grund..nn.2+skola..nn.1+utbildning..nn.1:6.044e-18|grundskola..nn.1+ut..ab.1+bildning..nn.1:6.771e-20|grund..av.1+skola..nn.1+utbildning..nn.1:3.879e-21|grunda..vb.1+skola..nn.1+utbildning..nn.1:2.649e-28|grunda..vb.2+skola..nn.1+utbildning..nn.1:2.649e-28|","|grundskole+utbildningen|grund+skole+utbildningen|grundskole+ut+bildningen|","|","null","26","PA","NN.UTR.SIN.DEF.NOM","NN","27","|Case=Nom|Definite=Def|Gender=Com|Number=Sing|","|"
"",".","|","|","|","|","|","|","null","10","IP","MAD","MAD","28","|","|"
"# Svenska partiprogram och valmanifest; text attributes: text_source: ""Dokumentet är hämtat från riksdagens bibliotek."", text_party: ""c"", text_blingbring: ""|parallellism:18.597|fortgång:9.373|förbehåll:7.218|"", text__id: ""90fb"", text_lix: ""53.98"", text_nk: ""2.13"", text_ovix: ""65.81"", text_year: ""1981"", text_type: ""Partiprogram"", text_type_id: ""p"", text_title: ""Centerpartiets partiprogram 1981"", text_swefn: ""|Satisfying:138.121|Make_possible_to_do:82.45|Seeking_to_achieve:55.945|"", text_party_name: ""Centerpartiet""","","","","","","","","","","","","","","",""
"","Detta","|","|","|denna|","|","|","|denna..pn.1|","null","2","SS","PN.NEU.SIN.DEF.SUB+OBJ","PN","1","|Case=Acc,Nom|Definite=Def|Gender=Neut|Number=Sing|","|denna..1:-1.000|"
"***","skapar","|alstring|form|förmåga|grund|gudom|skicklighet|tillvaro|verklighet|","|Intentionally_create|","|skapa|","|","|","|skapa..vb.1|","neutral","null","ROOT","VB.PRS.AKT","VB","2","|Mood=Ind|Tense=Pres|VerbForm=Fin|Voice=Act|","|skapa..1:-1.000|"
"***","förutsättningar","|antagande|betingelse|bevis|förbehåll|förhand|förhoppning|förmåga|grund|logik|omständighet|tankeämne|","|","|förutsättning|","|förut..ab.1+sättning..nn.1:4.029e-12|för..nn.1+ut..ab.1+sättning..nn.1:3.134e-21|föra..vb.1+ut..ab.1+sättning..nn.1:4.884e-22|","|förut+sättningar|för+ut+sättningar|","|förutsättning..nn.1|","neutral","2","OO","NN.UTR.PLU.IND.NOM","NN","3","|Case=Nom|Definite=Ind|Gender=Com|Number=Plur|","|förutsättning..1:-1.000|"
"***","för","|","|","|för|","|","|","|för..pp.1|","null","3","ET","PP","PP","4","|","|för..1:-1.000|för..5:-1.000|för..6:-1.000|för..7:-1.000|för..9:-1.000|"
"","god","|dygd|fullständighet|fördel|gott|mildhet|oskuld|tillräcklighet|välvilja|","|Morality_evaluation|","|god|","|","|","|god..av.1|","positive","6","AT","JJ.POS.UTR.SIN.IND.NOM","JJ","5","|Case=Nom|Definite=Ind|Degree=Pos|Gender=Com|Number=Sing|","|god..1:0.991|god..3:0.009|god..2:0.000|"
"","livskvalitet","|","|","|livskvalitet|","|liv..nn.1+kvalitet..nn.1:9.755e-11|livs..nn.1+kvalitet..nn.1:9.755e-11|livs..av.1+kvalitet..nn.1:1.160e-19|","|livs+kvalitet|","|livskvalitet..nn.1|","positive","4","PA","NN.UTR.SIN.IND.NOM","NN","6","|Case=Nom|Definite=Ind|Gender=Com|Number=Sing|","|livskvalitet..1:-1.000|"
"",".","|","|","|","|","|","|","null","2","IP","MAD","MAD","7","|","|"
"# Svenska partiprogram och valmanifest; text attributes: text_source: ""Hämtat från forskningsprojektet ""Partiernas opinionspåverkan"", finansierat av HSFR, juli 1991-juni 1994. Peter Esaiasson och Niclas Håkansson, Statsvetenskapliga institiutionen vid Göteborgs universitet."", text_party: ""c"", text_blingbring: ""|parallellism:29.7|sparsamhet:10.774|medelväg:9.565|"", text__id: ""8674"", text_lix: ""53.93"", text_nk: ""2.32"", text_ovix: ""73.13"", text_year: ""1982"", text_type: ""Valmanifest - Riksdagsval"", text_type_id: ""v"", text_title: ""Gemenskap där alla behövs"", text_swefn: ""|Satisfying:126.05|Make_possible_to_do:76.612|Seeking_to_achieve:39.436|"", text_party_name: ""Centerpartiet""","","","","","","","","","","","","","","",""
"","Detta","|","|","|denna|","|","|","|denna..pn.1|","null","2","SS","PN.NEU.SIN.DEF.SUB+OBJ","PN","1","|Case=Acc,Nom|Definite=Def|Gender=Neut|Number=Sing|","|denna..1:-1.000|"
"***","skapar","|alstring|form|förmåga|grund|gudom|skicklighet|tillvaro|verklighet|","|Intentionally_create|","|skapa|","|","|","|skapa..vb.1|","neutral","null","ROOT","VB.PRS.AKT","VB","2","|Mood=Ind|Tense=Pres|VerbForm=Fin|Voice=Act|","|skapa..1:-1.000|"
"***","förutsättningar","|antagande|betingelse|bevis|förbehåll|förhand|förhoppning|förmåga|grund|logik|omständighet|tankeämne|","|","|förutsättning|","|förut..ab.1+sättning..nn.1:4.029e-12|för..nn.1+ut..ab.1+sättning..nn.1:3.134e-21|föra..vb.1+ut..ab.1+sättning..nn.1:4.884e-22|","|förut+sättningar|för+ut+sättningar|","|förutsättning..nn.1|","neutral","2","OO","NN.UTR.PLU.IND.NOM","NN","3","|Case=Nom|Definite=Ind|Gender=Com|Number=Plur|","|förutsättning..1:-1.000|"
"***","för","|","|","|för|","|","|","|för..pp.1|","null","3","ET","PP","PP","4","|","|för..1:-1.000|för..5:-1.000|för..6:-1.000|för..7:-1.000|för..9:-1.000|"
"","god","|dygd|fullständighet|fördel|gott|mildhet|oskuld|tillräcklighet|välvilja|","|Morality_evaluation|","|god|","|","|","|god..av.1|","positive","6","AT","JJ.POS.UTR.SIN.IND.NOM","JJ","5","|Case=Nom|Definite=Ind|Degree=Pos|Gender=Com|Number=Sing|","|god..1:0.992|god..3:0.008|god..2:0.000|"
"","livskvalitet","|","|","|livskvalitet|","|liv..nn.1+kvalitet..nn.1:9.755e-11|livs..nn.1+kvalitet..nn.1:9.755e-11|livs..av.1+kvalitet..nn.1:1.160e-19|","|livs+kvalitet|","|livskvalitet..nn.1|","positive","4","PA","NN.UTR.SIN.IND.NOM","NN","6","|Case=Nom|Definite=Ind|Gender=Com|Number=Sing|","|livskvalitet..1:-1.000|"
"",".","|","|","|","|","|","|","null","2","IP","MAD","MAD","7","|","|"
"# Svenska partiprogram och valmanifest; text attributes: text_source: ""Antaget av extra riksstämma i Västerås den 26 - 27 oktober 1990"", text_party: ""c"", text_blingbring: ""|parallellism:18.874|fortgång:17.37|osjälviskhet:9.011|"", text__id: ""c410"", text_lix: ""52.10"", text_nk: ""2.08"", text_ovix: ""68.16"", text_year: ""1990"", text_type: ""Partiprogram"", text_type_id: ""p"", text_title: ""Centerpartiets partiprogram 1990"", text_swefn: ""|Manipulate_into_shape:52.78|Overcoming_misunderstandings:52.512|Make_possible_to_do:40.572|"", text_party_name: ""Centerpartiet""","","","","","","","","","","","","","","",""
"","Decentralisering","|splittring|","|","|decentralisering|","|","|","|decentralisering..nn.1|","null","5","SS","NN.UTR.SIN.IND.NOM","NN","1","|Case=Nom|Definite=Ind|Gender=Com|Number=Sing|","|decentralisering..1:-1.000|"
"","av","|","|","|av|","|","|","|av..pp.1|","null","1","ET","PP","PP","2","|","|av..1:-1.000|"
"","offentlig","|offentliggörande|tillstädesvaro|ögonskenlighet|","|","|offentlig|","|","|","|offentlig..av.1|","neutral","4","AT","JJ.POS.UTR.SIN.IND.NOM","JJ","3","|Case=Nom|Definite=Ind|Degree=Pos|Gender=Com|Number=Sing|","|offentlig..1:-1.000|"
"","service","|","|Assistance|","|service|","|","|","|service..nn.1|","positive","2","PA","NN.UTR.SIN.IND.NOM","NN","4","|Case=Nom|Definite=Ind|Gender=Com|Number=Sing|","|service..1:0.993|service..2:0.007|"
"***","skapar","|alstring|form|förmåga|grund|gudom|skicklighet|tillvaro|verklighet|","|Intentionally_create|","|skapa|","|","|","|skapa..vb.1|","neutral","null","ROOT","VB.PRS.AKT","VB","5","|Mood=Ind|Tense=Pres|VerbForm=Fin|Voice=Act|","|skapa..1:-1.000|"
"***","förutsättningar","|antagande|betingelse|bevis|förbehåll|förhand|förhoppning|förmåga|grund|logik|omständighet|tankeämne|","|","|förutsättning|","|förut..ab.1+sättning..nn.1:4.029e-12|för..nn.1+ut..ab.1+sättning..nn.1:3.134e-21|föra..vb.1+ut..ab.1+sättning..nn.1:4.884e-22|","|förut+sättningar|för+ut+sättningar|","|förutsättning..nn.1|","neutral","5","OO","NN.UTR.PLU.IND.NOM","NN","6","|Case=Nom|Definite=Ind|Gender=Com|Number=Plur|","|förutsättning..1:-1.000|"
"***","för","|","|","|för|","|","|","|för..pp.1|","null","6","ET","PP","PP","7","|","|för..1:-1.000|för..5:-1.000|för..6:-1.000|för..7:-1.000|för..9:-1.000|"
"","mindre","|avtagande|fåtal|grad|jämförelse|korthet|litenhet|minus|musik|obetydlighet|otillräcklighet|underlägsenhet|","|Size|","|liten|","|","|","|liten..av.1|","neutral","9","AT","JJ.KOM.UTR+NEU.SIN+PLU.IND+DEF.NOM","JJ","8","|Case=Nom|Definite=Def,Ind|Degree=Cmp|Gender=Com,Neut|Number=Plur,Sing|","|liten..1:-1.000|"
"","orter","|plats|region|tyngd|","|Political_locales|","|ort|","|","|","|ort..nn.1|","neutral","7","PA","NN.UTR.PLU.IND.NOM","NN","9","|Case=Nom|Definite=Ind|Gender=Com|Number=Plur|","|ort..1:0.996|ort..2:0.004|"
"","att","|","|","|att|","|","|","|att..sn.1|","null","9","ET","IE","IE","10","|","|att..1:-1.000|"
"","utvecklas","|alstring|fortgång|fortsättning|framgång|hälsa|tilltagande|ungdom|övergång|","|Progress|","|utveckla|utvecklas|","|ut..ab.1+veckla..vb.1:3.136e-11|ut..ab.1+veck..nn.1+lägga..vb.1:1.590e-18|ut..ab.1+vecka..nn.1+lägga..vb.1:1.590e-18|ut..ab.1+vecka..vb.1+lägga..vb.1:1.068e-29|","|ut+vecklas|ut+veck+las|","|utveckla..vb.1|utvecklas..vb.1|","neutral","10","IF","VB.INF.SFO","VB","11","|VerbForm=Inf|Voice=Pass|","|utvecklas..1:0.592|utveckla..1:0.408|"
"",".","|","|","|","|","|","|","null","5","IP","MAD","MAD","12","|","|"
"# Svenska partiprogram och valmanifest; text attributes: text_source: ""Centerpartiets idéprogram antaget i Västervik 19 juni 2001"", text_party: ""c"", text_blingbring: ""|parallellism:16.744|växtriket:16.46|medelväg:15.215|"", text__id: ""ce4c"", text_lix: ""51.60"", text_nk: ""1.71"", text_ovix: ""59.58"", text_year: ""2001"", text_type: ""Idéprogram"", text_type_id: ""i"", text_title: ""Där människor får växa"", text_swefn: ""|Gusto:136.267|Manipulate_into_shape:89.742|Seeking_to_achieve:55.581|"", text_party_name: ""Centerpartiet""","","","","","","","","","","","","","","",""
"","Förutsättningar","|antagande|betingelse|bevis|förbehåll|förhand|förhoppning|förmåga|grund|logik|omständighet|tankeämne|","|","|förutsättning|","|förut..ab.1+sättning..nn.1:2.383e-13|föra..vb.1+ut..ab.1+sättning..nn.1:7.299e-24|för..nn.1+ut..ab.1+sättning..nn.1:4.477e-25|","|förut+sättningar|för+ut+sättningar|","|förutsättning..nn.1|","neutral","13","SS","NN.UTR.PLU.IND.NOM","NN","1","|Case=Nom|Definite=Ind|Gender=Com|Number=Plur|","|förutsättning..1:-1.000|"
"","att","|","|","|att|","|","|","|att..sn.1|","null","1","ET","IE","IE","2","|","|att..1:-1.000|"
"","växa","|alstring|höjning|längd|storhet|tilltagande|utvidgning|vidd|växt|växtriket|övergång|","|Expansion_mod|","|växa|","|","|","|växa..vb.1|","neutral","2","IF","VB.INF.AKT","VB","3","|VerbForm=Inf|Voice=Act|","|växa..1:0.606|växa..3:0.371|växa..2:0.023|"
"","Självbestämmande","|","|","|självbestämmande|","|","|själv+bestämmande|","|självbestämmande..nn.1|","positive","9","CJ","NN.NEU.SIN.IND.NOM","NN","4","|Case=Nom|Definite=Ind|Gender=Neut|Number=Sing|","|självbestämmande..1:-1.000|"
"",",","|","|","|","|","|","|","null","9","IK","MID","MID","5","|","|"
"","livskvalitet","|","|","|livskvalitet|","|liv..nn.1+kvalitet..nn.1:9.755e-11|livs..nn.1+kvalitet..nn.1:9.755e-11|livs..av.1+kvalitet..nn.1:1.160e-19|","|livs+kvalitet|","|livskvalitet..nn.1|","positive","9","CJ","NN.UTR.SIN.IND.NOM","NN","6","|Case=Nom|Definite=Ind|Gender=Com|Number=Sing|","|livskvalitet..1:-1.000|"
"",",","|","|","|","|","|","|","null","9","IK","MID","MID","7","|","|"
"","företagsamhet","|företag|förvärv|göromål|kraftyttring|raskhet|tidighet|verksamhetsbegär|vilja|villighet|","|","|företagsamhet|","|","|","|företagsamhet..nn.1|","null","9","CJ","NN.UTR.SIN.IND.NOM","NN","8","|Case=Nom|Definite=Ind|Gender=Com|Number=Sing|","|företagsamhet..1:-1.000|"
"","och","|","|","|och|","|","|","|och..kn.1|","null","3","OO","KN","KN","9","|","|och..1:-1.000|"
"","allas","|","|","|all|","|","|","|all..pn.1|","null","11","AT","PS.UTR+NEU.SIN+PLU.DEF","PS","10","|Definite=Def|Gender=Com,Neut|Number=Plur,Sing|","|all..1:-1.000|"
"","lika","|identitet|jämförelse|","|","|lik|lika|","|","|","|lik..av.1|lika..av.1|","neutral","12","AT","JJ.POS.UTR+NEU.PLU.IND+DEF.NOM","JJ","11","|Case=Nom|Definite=Def,Ind|Degree=Pos|Gender=Com,Neut|Number=Plur|","|lika..4:0.921|lik..1:0.079|"
"","möjligheter","|bestämmelse|förmåga|läglighet|lämplighet|lättvindighet|möjlighet|slump|","|Possibility|","|möjlighet|","|","|","|möjlighet..nn.1|","positive","9","CJ","NN.UTR.PLU.IND.NOM","NN","12","|Case=Nom|Definite=Ind|Gender=Com|Number=Plur|","|möjlighet..1:-1.000|"
"","är","|förtid|långvarighet|varaktighet|","|Existence|","|vara|","|","|","|vara..vb.1|","neutral","null","ROOT","VB.PRS.AKT","VB","13","|Mood=Ind|Tense=Pres|VerbForm=Fin|Voice=Act|","|vara..1:-1.000|"
"","viktiga","|anseende|betydenhet|förmåga|högmod|inflytande|omständighet|storhet|viktighet|överlägsenhet|","|Importance|","|viktig|","|","|","|viktig..av.1|","positive","15","AT","JJ.POS.UTR+NEU.PLU.IND+DEF.NOM","JJ","14","|Case=Nom|Definite=Def,Ind|Degree=Pos|Gender=Com,Neut|Number=Plur|","|viktig..1:0.997|viktig..2:0.003|"
"","värden","|behag|förmåga|gott|nytta|penningväsen|pris|uppskattning|viktighet|","|","|värde|","|","|","|värde..nn.1|","positive","13","SP","NN.NEU.PLU.IND.NOM","NN","15","|Case=Nom|Definite=Ind|Gender=Neut|Number=Plur|","|värde..1:0.975|värde..2:0.025|"
"","som","|","|","|","|","|","|","null","18","SS","HP.-.-.-","HP","16","|","|"
"","sammantaget","|förening|","|","|sammantagen|","|samman..ab.1+tagen..av.1:3.344e-11|sam..sxc.1+man..nn.1+tagen..av.1:3.909e-25|sam..sxc.1+man..nn.2+tagen..av.1:3.909e-25|","|samman+taget|sam+man+taget|","|sammantagen..av.1|","null","18","AA","AB","AB","17","|","|sammantagen..1:-1.000|"
"","kännetecknar","|beteckning|inre_väsen|orsakssammanhang|särskildhet|särskiljande|åtskillnad|","|Distinctiveness|","|känneteckna|","|","|","|känneteckna..vb.1|","null","22","CJ","VB.PRS.AKT","VB","18","|Mood=Ind|Tense=Pres|VerbForm=Fin|Voice=Act|","|känneteckna..1:-1.000|"
"","Centerpartiets","|medelväg|","|","|centerparti|","|center..nn.1+parti..nn.1:2.231e-15|center..nn.2+parti..nn.1:2.231e-15|center..nn.1+part..nn.1+i..nn.1:2.235e-24|center..nn.2+part..nn.1+i..nn.1:2.235e-24|cent..nn.1+era..nn.1+parti..nn.1:7.328e-27|","|center+partiets|center+part+iets|cent+er+partiets|","|centerparti..nn.1|","neutral","20","DT","NN.NEU.SIN.DEF.GEN","NN","19","|Case=Gen|Definite=Def|Gender=Neut|Number=Sing|","|centerparti..1:0.585|Centerpartiet..1:0.415|"
"","politik","|förfarande|försiktighet|planmässighet|skicklighet|slughet|","|","|politik|","|","|","|politik..nn.1|","neutral","18","OO","NN.UTR.SIN.IND.NOM","NN","20","|Case=Nom|Definite=Ind|Gender=Com|Number=Sing|","|politik..1:-1.000|"
"",",","|","|","|","|","|","|","null","22","IK","MID","MID","21","|","|"
"","och","|","|","|och|","|","|","|och..kn.1|","null","15","ET","KN","KN","22","|","|och..1:-1.000|"
"","som","|","|","|","|","|","|","null","24","SS","HP.-.-.-","HP","23","|","|"
"***","skapar","|alstring|form|förmåga|grund|gudom|skicklighet|tillvaro|verklighet|","|Intentionally_create|","|skapa|","|","|","|skapa..vb.1|","neutral","22","CJ","VB.PRS.AKT","VB","24","|Mood=Ind|Tense=Pres|VerbForm=Fin|Voice=Act|","|skapa..1:-1.000|"
"***","förutsättningar","|antagande|betingelse|bevis|förbehåll|förhand|förhoppning|förmåga|grund|logik|omständighet|tankeämne|","|","|förutsättning|","|förut..ab.1+sättning..nn.1:4.029e-12|för..nn.1+ut..ab.1+sättning..nn.1:3.134e-21|föra..vb.1+ut..ab.1+sättning..nn.1:4.884e-22|","|förut+sättningar|för+ut+sättningar|","|förutsättning..nn.1|","neutral","24","OO","NN.UTR.PLU.IND.NOM","NN","25","|Case=Nom|Definite=Ind|Gender=Com|Number=Plur|","|förutsättning..1:-1.000|"
"***","för","|","|","|för|","|","|","|för..pp.1|","null","24","OA","PP","PP","26","|","|för..1:-1.000|för..5:-1.000|för..6:-1.000|för..7:-1.000|för..9:-1.000|"
"","människor","|människa|","|People|","|människa|","|","|","|människa..nn.1|","neutral","26","PA","NN.UTR.PLU.IND.NOM","NN","27","|Case=Nom|Definite=Ind|Gender=Com|Number=Plur|","|människa..1:-1.000|"
"","att","|","|","|att|","|","|","|att..sn.1|","null","24","OO","IE","IE","28","|","|att..1:-1.000|"
"","växa","|alstring|höjning|längd|storhet|tilltagande|utvidgning|vidd|växt|växtriket|övergång|","|Expansion_mod|","|växa|","|","|","|växa..vb.1|","neutral","28","IF","VB.INF.AKT","VB","29","|VerbForm=Inf|Voice=Act|","|växa..1:0.841|växa..3:0.135|växa..2:0.023|"
"",".","|","|","|","|","|","|","null","13","IP","MAD","MAD","30","|","|"
"# Svenska partiprogram och valmanifest; text attributes: text_source: ""Hämtat från partiets officiella hemsida."", text_party: ""c"", text_blingbring: ""|medelväg:19.841|olärd:19.434|grönt:8.991|"", text__id: ""39c6"", text_lix: ""49.40"", text_nk: ""1.76"", text_ovix: ""68.87"", text_year: ""2010"", text_type: ""Valmanifest - Riksdagsval"", text_type_id: ""v"", text_title: ""Framtiden tillhör dem som vågar - Fler jobb i nya och växande företag, förnyad välfärd och god miljö"", text_swefn: ""|Rope_manipulation:90.528|Gusto:75.476|Historic_event:56.19|"", text_party_name: ""Centerpartiet""","","","","","","","","","","","","","","",""
"","5.2","|","|","|","|","|","|","null","4","DT","RG.NOM","RG","1","|Case=Nom|","|"
"","Mer","|jämförelse|","|Increment|","|mer|mycket|","|","|","|mer..ab.1|mycket..ab.1|","null","3","AA","AB.KOM","AB","2","|Degree=Cmp|","|mer..1:0.673|mycket..2:0.299|mycket..1:0.028|"
"","förnybar","|","|","|förnybar|","|","|","|förnybar..av.1|","null","4","AT","JJ.POS.UTR.SIN.IND.NOM","JJ","3","|Case=Nom|Definite=Ind|Degree=Pos|Gender=Com|Number=Sing|","|förnybar..1:-1.000|"
"","energi","|ansträngning|beslutsamhet|betydenhet|förmåga|grund|infall|inre_väsen|kraftyttring|mod|myndighet|orubblighet|raskhet|styrka|uttrycksfullhet|verksamhet|verksamhetsbegär|","|Dynamism|","|energi|","|","|","|energi..nn.1|","neutral","10","SS","NN.UTR.SIN.IND.NOM","NN","4","|Case=Nom|Definite=Ind|Gender=Com|Number=Sing|","|energi..1:-1.000|"
"","Som","|","|","|","|","|","|","null","4","AN","KN","KN","5","|","|"
"","en","|","|","|en|en_del|","|","|","|en..al.1|en_del..pnm.1|","null","7","DT","DT.UTR.SIN.IND","DT","6","|Definite=Ind|Gender=Com|Number=Sing|","|den..1:-1.000|en..2:-1.000|en_del..1:-1.000|"
"","del","|bok|del|fördelning|grad|inbegrepp|mängd|obetydlighet|","|Part_piece|","|del|en_del:6|","|","|","|del..nn.1|en_del..pnm.1:6|","neutral","5","UA","NN.UTR.SIN.IND.NOM","NN","7","|Case=Nom|Definite=Ind|Gender=Com|Number=Sing|","|del..1:-1.000|en_del..1:6:-1.000|"
"","i","|","|","|i|","|","|","|i..pp.1|","null","7","ET","PP","PP","8","|","|i..2:-1.000|"
"","Alliansregeringen","|","|","|alliansregering|","|allians..nn.1+regering..nn.1:1.029e-10|","|allians+regeringen|","|alliansregering..nn.1|","null","8","PA","NN.UTR.SIN.DEF.NOM","NN","9","|Case=Nom|Definite=Def|Gender=Com|Number=Sing|","|alliansregering..1:-1.000|"
"","har","|besittning|egendom|frändskap|inre_väsen|misshag|","|Possession|","|ha|","|","|","|ha..vb.1|","neutral","null","ROOT","VB.PRS.AKT","VB","10","|Mood=Ind|Tense=Pres|VerbForm=Fin|Voice=Act|","|ha..1:0.998|ha..3:0.002|"
"","Centerpartiet","|medelväg|","|","|centerparti|","|center..nn.1+parti..nn.1:1.009e-14|center..nn.2+parti..nn.1:1.009e-14|center..nn.1+part..nn.1+i..nn.1:3.811e-23|center..nn.2+part..nn.1+i..nn.1:3.811e-23|cent..nn.1+era..nn.1+parti..nn.1:3.316e-26|","|center+partiet|center+part+iet|cent+er+partiet|","|centerparti..nn.1|","neutral","10","SS","NN.NEU.SIN.DEF.NOM","NN","11","|Case=Nom|Definite=Def|Gender=Neut|Number=Sing|","|centerparti..1:0.551|Centerpartiet..1:0.449|"
"","medverkat","|benägenhet|enighet|gemensamhet|grund|göromål|kraftmedel|medverkan|sammanslutning|samverkan|","|Participation|","|medverka|","|mede..nn.1+verka..vb.1:2.620e-21|","|med+verkat|","|medverka..vb.1|","neutral","10","VG","VB.SUP.AKT","VB","12","|VerbForm=Sup|Voice=Act|","|medverka..1:-1.000|"
"","till","|","|","|till|","|","|","|till..pp.1|","null","12","OA","PP","PP","13","|","|till..1:-1.000|"
"","en","|","|","|en|","|","|","|en..al.1|","null","17","DT","DT.UTR.SIN.IND","DT","14","|Definite=Ind|Gender=Com|Number=Sing|","|den..1:-1.000|en..2:-1.000|"
"","historisk","|minne|minnesmärke|skildring|tidsförhållande|","|Historic_event|","|historisk|","|","|","|historisk..av.1|","positive","17","AT","JJ.POS.UTR.SIN.IND.NOM","JJ","15","|Case=Nom|Definite=Ind|Degree=Pos|Gender=Com|Number=Sing|","|historisk..2:0.590|historisk..1:0.410|"
"","klimat-","|luft|","|","|klimat|","|","|","|klimat..nn.1|","null","17","CJ","NN.UTR.-.-.SMS","NN","16","|Compound=Yes|Gender=Com|","|klimat..2:0.991|klimat..1:0.009|"
"","och","|","|","|och|","|","|","|och..kn.1|","null","13","PA","KN","KN","17","|","|och..1:-1.000|"
"","energiöverenskommelse","|","|","|energiöverenskommelse|","|energi..nn.1+överenskommelse..nn.1:2.995e-10|","|energi+överenskommelse|","|","null","17","CJ","NN.UTR.SIN.IND.NOM","NN","18","|Case=Nom|Definite=Ind|Gender=Com|Number=Sing|","|"
"","som","|","|","|","|","|","|","null","20","SS","HP.-.-.-","HP","19","|","|"
"***","skapar","|alstring|form|förmåga|grund|gudom|skicklighet|tillvaro|verklighet|","|Intentionally_create|","|skapa|","|","|","|skapa..vb.1|","neutral","17","ET","VB.PRS.AKT","VB","20","|Mood=Ind|Tense=Pres|VerbForm=Fin|Voice=Act|","|skapa..1:-1.000|"
"***","förutsättningar","|antagande|betingelse|bevis|förbehåll|förhand|förhoppning|förmåga|grund|logik|omständighet|tankeämne|","|","|förutsättning|","|förut..ab.1+sättning..nn.1:4.029e-12|för..nn.1+ut..ab.1+sättning..nn.1:3.134e-21|föra..vb.1+ut..ab.1+sättning..nn.1:4.884e-22|","|förut+sättningar|för+ut+sättningar|","|förutsättning..nn.1|","neutral","20","OO","NN.UTR.PLU.IND.NOM","NN","21","|Case=Nom|Definite=Ind|Gender=Com|Number=Plur|","|förutsättning..1:-1.000|"
"***","för","|","|","|för|","|","|","|för..pp.1|","null","20","OA","PP","PP","22","|","|för..1:-1.000|för..5:-1.000|för..6:-1.000|för..7:-1.000|för..9:-1.000|"
"","en","|","|","|en|","|","|","|en..al.1|","null","24","DT","DT.UTR.SIN.IND","DT","23","|Definite=Ind|Gender=Com|Number=Sing|","|den..1:-1.000|en..2:-1.000|"
"","storsatsning","|","|","|storsatsning|","|stor..av.1+satsning..nn.1:2.518e-10|stor..nn.1+satsning..nn.1:5.142e-19|","|stor+satsning|","|storsatsning..nn.1|","null","22","PA","NN.UTR.SIN.IND.NOM","NN","24","|Case=Nom|Definite=Ind|Gender=Com|Number=Sing|","|storsatsning..1:-1.000|"
"","på","|","|","|på|","|","|","|på..pp.1|","null","24","ET","PP","PP","25","|","|på..1:-1.000|"
"","förnybar","|","|","|förnybar|","|","|","|förnybar..av.1|","null","27","AT","JJ.POS.UTR.SIN.IND.NOM","JJ","26","|Case=Nom|Definite=Ind|Degree=Pos|Gender=Com|Number=Sing|","|förnybar..1:-1.000|"
"","energi","|ansträngning|beslutsamhet|betydenhet|förmåga|grund|infall|inre_väsen|kraftyttring|mod|myndighet|orubblighet|raskhet|styrka|uttrycksfullhet|verksamhet|verksamhetsbegär|","|Dynamism|","|energi|","|","|","|energi..nn.1|","neutral","25","PA","NN.UTR.SIN.IND.NOM","NN","27","|Case=Nom|Definite=Ind|Gender=Com|Number=Sing|","|energi..1:-1.000|"
"",".","|","|","|","|","|","|","null","10","IP","MAD","MAD","28","|","|"
"# Svenska partiprogram och valmanifest; text attributes: text_source: ""Hämtat från partiets officiella hemsida."", text_party: ""c"", text_blingbring: ""|olärd:19.803|tredubbling:10.754|medelväg:9.591|"", text__id: ""7319"", text_lix: ""46.90"", text_nk: ""1.53"", text_ovix: ""63.93"", text_year: ""2018"", text_type: ""Valmanifest - Riksdagsval"", text_type_id: ""v"", text_title: ""Nytt ledarskap för Sverige framåt - valmanifest 2018 + Nytt ledarskap för Sverige - valplattform 2018"", text_swefn: ""|Labeling:209.299|Confronting_problem:33.68|Reforming_a_system:29.373|"", text_party_name: ""Centerpartiet""","","","","","","","","","","","","","","",""
"","Digitaliseringen","|","|","|digitalisering|","|digitalis..nn.1+era..nn.1+in..ab.1+gen..nn.1:1.376e-32|digital..av.1+is..nn.1+era..nn.1+in..ab.1+gen..nn.1:1.553e-39|","|digitalis+er+in+gen|digital+is+er+in+gen|","|digitalisering..nn.1|","null","4","SS","NN.UTR.SIN.DEF.NOM","NN","1","|Case=Nom|Definite=Def|Gender=Com|Number=Sing|","|digitalisering..1:-1.000|"
"","i","|","|","|i|","|","|","|i..pp.1|","null","1","ET","PP","PP","2","|","|i..2:-1.000|"
"","vården","|beteckning|försvar|hjälp|kvarhållande|ledning|omsorg|skydd|skyddsmedel|","|Medical_interaction_scenario|","|vård|","|","|","|vård..nn.1|vård..nn.2|vård..nn.3|","neutral","2","PA","NN.UTR.SIN.DEF.NOM","NN","3","|Case=Nom|Definite=Def|Gender=Com|Number=Sing|","|vård..2:0.983|vård..1:0.008|vård..3:0.007|våd..1:0.001|vård..4:0.000|våd..2:0.000|"
"***","skapar","|alstring|form|förmåga|grund|gudom|skicklighet|tillvaro|verklighet|","|Intentionally_create|","|skapa|","|","|","|skapa..vb.1|","neutral","null","ROOT","VB.PRS.AKT","VB","4","|Mood=Ind|Tense=Pres|VerbForm=Fin|Voice=Act|","|skapa..1:-1.000|"
"***","förutsättningar","|antagande|betingelse|bevis|förbehåll|förhand|förhoppning|förmåga|grund|logik|omständighet|tankeämne|","|","|förutsättning|","|förut..ab.1+sättning..nn.1:4.029e-12|för..nn.1+ut..ab.1+sättning..nn.1:3.134e-21|föra..vb.1+ut..ab.1+sättning..nn.1:4.884e-22|","|förut+sättningar|för+ut+sättningar|","|förutsättning..nn.1|","neutral","4","OO","NN.UTR.PLU.IND.NOM","NN","5","|Case=Nom|Definite=Ind|Gender=Com|Number=Plur|","|förutsättning..1:-1.000|"
"***","för","|","|","|för|","|","|","|för..pp.1|","null","4","AA","PP","PP","6","|","|för..1:-1.000|för..5:-1.000|för..6:-1.000|för..7:-1.000|för..9:-1.000|"
"","att","|","|","|att|","|","|","|att..sn.1|","null","6","PA","IE","IE","7","|","|att..1:-1.000|"
"","mer","|jämförelse|","|Increment|","|mer|mycket|","|","|","|mer..ab.1|mycket..ab.1|","null","11","AA","AB.KOM","AB","8","|Degree=Cmp|","|mer..1:0.715|mycket..2:0.276|mycket..1:0.009|"
"","av","|","|","|av|","|","|","|av..pp.1|","null","8","HD","PP","PP","9","|","|av..1:-1.000|"
"","vården","|beteckning|försvar|hjälp|kvarhållande|ledning|omsorg|skydd|skyddsmedel|","|Medical_interaction_scenario|","|vård|","|","|","|vård..nn.1|vård..nn.2|vård..nn.3|","neutral","9","PA","NN.UTR.SIN.DEF.NOM","NN","10","|Case=Nom|Definite=Def|Gender=Com|Number=Sing|","|vård..2:0.969|vård..3:0.015|vård..1:0.012|våd..1:0.003|vård..4:0.001|våd..2:0.000|"
"","kan","|förmåga|kunnighet|skicklighet|styrka|","|Capability|","|kunna|","|","|","|kunna..vb.1|","neutral","7","IF","VB.PRS.AKT","VB","11","|Mood=Ind|Tense=Pres|VerbForm=Fin|Voice=Act|","|kunna..1:0.542|kunna..4:0.206|kunna..3:0.162|kunna..2:0.090|"
"","göras","|anvisning|arbete|bekräftelse|bevis|göromål|räkning|viktighet|","|Intentionally_affect|","|göra|","|","|","|göra..vb.1|","neutral","11","VG","VB.INF.SFO","VB","12","|VerbForm=Inf|Voice=Pass|","|göra..2:0.576|göra..1:0.394|göra..3:0.030|"
"","nära","|","|","|","|","|","|","null","12","RA","PP","PP","13","|","|"
"","patienten","|ohälsa|","|People_by_disease|","|patient|","|","|","|patient..nn.1|","neutral","13","PA","NN.UTR.SIN.DEF.NOM","NN","14","|Case=Nom|Definite=Def|Gender=Com|Number=Sing|","|patient..1:-1.000|"
"",".","|","|","|","|","|","|","null","4","IP","MAD","MAD","15","|","|"
"# Svenska partiprogram och valmanifest; text attributes: text_source: ""Hämtat från partiets officiella hemsida."", text_party: ""fi"", text_blingbring: ""|parallellism:23.537|kraftmedel:9.267|olaglighet:8.777|"", text__id: ""5844"", text_lix: ""49.38"", text_nk: ""1.87"", text_ovix: ""67.48"", text_year: ""2019"", text_type: ""Partiprogram"", text_type_id: ""p"", text_title: ""För en feministisk politik - Partiprogram för Feministiskt Initiativ 2019-2021"", text_swefn: ""|Make_possible_to_do:54.209|Treating_and_mistreating:54.144|Ratification:38.739|"", text_party_name: ""Feministiskt initiativ""","","","","","","","","","","","","","","",""
"","En","|","|","|en|","|","|","|en..al.1|","null","3","DT","DT.UTR.SIN.IND","DT","1","|Definite=Ind|Gender=Com|Number=Sing|","|den..1:-1.000|en..2:-1.000|"
"","sådan","|identitet|jämförelse|likhet|omständighet|samhörighet|tidsförhållande|tillstånd|","|","|sån|","|så..vb.1+dan..av.1:7.624e-24|så..nn.1+dan..av.1:2.422e-28|","|så+dan|","|sån..pn.1|","null","3","DT","JJ.POS.UTR.SIN.IND.NOM","JJ","2","|Case=Nom|Definite=Ind|Degree=Pos|Gender=Com|Number=Sing|","|sådan..1:-1.000|"
"","insikt","|förnuft|förstånd|kunnighet|skicklighet|studium|uppmärksamhet|","|Coming_to_believe|","|insikt|","|in..ab.1+sikt..nn.1:2.267e-09|in..ab.1+sikt..nn.2:2.267e-09|","|in+sikt|","|insikt..nn.1|","positive","4","SS","NN.UTR.SIN.IND.NOM","NN","3","|Case=Nom|Definite=Ind|Gender=Com|Number=Sing|","|insikt..1:-1.000|"
"***","skapar","|alstring|form|förmåga|grund|gudom|skicklighet|tillvaro|verklighet|","|Intentionally_create|","|skapa|","|","|","|skapa..vb.1|","neutral","null","ROOT","VB.PRS.AKT","VB","4","|Mood=Ind|Tense=Pres|VerbForm=Fin|Voice=Act|","|skapa..1:-1.000|"
"***","förutsättningar","|antagande|betingelse|bevis|förbehåll|förhand|förhoppning|förmåga|grund|logik|omständighet|tankeämne|","|","|förutsättning|","|förut..ab.1+sättning..nn.1:4.029e-12|för..nn.1+ut..ab.1+sättning..nn.1:3.134e-21|föra..vb.1+ut..ab.1+sättning..nn.1:4.884e-22|","|förut+sättningar|för+ut+sättningar|","|förutsättning..nn.1|","neutral","4","OO","NN.UTR.PLU.IND.NOM","NN","5","|Case=Nom|Definite=Ind|Gender=Com|Number=Plur|","|förutsättning..1:-1.000|"
"***","för","|","|","|för|","|","|","|för..pp.1|","null","4","AA","PP","PP","6","|","|för..1:-1.000|för..5:-1.000|för..6:-1.000|för..7:-1.000|för..9:-1.000|"
"","att","|","|","|att|","|","|","|att..sn.1|","null","6","PA","IE","IE","7","|","|att..1:-1.000|"
"","gripa","|anklagelse|besittningstagande|brådska|förvärv|inflytande|inskränkning|kvarhållande|känsla|vidröring|åtrå|","|Taking_captive|","|gripa|gripa_tag|","|","|","|gripa..vb.1|gripa_tag..vbm.1|","neutral","7","IF","VB.INF.AKT","VB","8","|VerbForm=Inf|Voice=Act|","|gripa..2:0.747|gripa..1:0.253|gripa_tag..1:-1.000|gripa_tag..2:-1.000|"
"","tag","|ansträngning|kortvarighet|myndighet|tid|vidröring|","|","|tag|gripa_tag:8|","|","|","|tag..nn.1|tag..nn.2|gripa_tag..vbm.1:8|","neutral","8","OO","NN.NEU.SIN.IND.NOM","NN","9","|Case=Nom|Definite=Ind|Gender=Neut|Number=Sing|","|tag..1:0.815|tag..2:0.185|gripa_tag..1:8:-1.000|gripa_tag..2:8:-1.000|"
"","i","|","|","|i|","|","|","|i..pp.1|","null","8","RA","PP","PP","10","|","|i..2:-1.000|"
"","möjligheterna","|bestämmelse|förmåga|läglighet|lämplighet|lättvindighet|möjlighet|slump|","|Possibility|","|möjlighet|","|","|","|möjlighet..nn.1|","positive","10","PA","NN.UTR.PLU.DEF.NOM","NN","11","|Case=Nom|Definite=Def|Gender=Com|Number=Plur|","|möjlighet..1:-1.000|"
"","som","|","|","|","|","|","|","null","14","OO","HP.-.-.-","HP","12","|","|"
"","globaliseringen","|","|","|globalisering|","|global..av.1+is..nn.1+era..nn.1+in..ab.1+gen..nn.1:3.623e-39|glo..vb.1+bal..nn.1+is..nn.1+era..nn.1+in..ab.1+gen..nn.1:2.728e-45|glo..vb.1+bal..nn.2+is..nn.1+era..nn.1+in..ab.1+gen..nn.1:2.728e-45|glo..vb.1+bale..nn.1+is..nn.1+era..nn.1+in..ab.1+gen..nn.1:2.728e-45|glob..nn.1+al..nn.1+is..nn.1+era..nn.1+in..ab.1+gen..nn.1:9.064e-47|glo..vb.1+bala..vb.1+is..nn.1+era..nn.1+in..ab.1+gen..nn.1:1.226e-52|","|global+is+er+in+gen|glo+bal+is+er+in+gen|glob+al+is+er+in+gen|","|globalisering..nn.1|","null","14","SS","NN.UTR.SIN.DEF.NOM","NN","13","|Case=Nom|Definite=Def|Gender=Com|Number=Sing|","|globalisering..1:-1.000|"
"","bär","|fruktbarhet|förmåga|kraftmedel|stöd|tidsförhållande|","|Bringing|","|bära|bära_sig|","|","|","|bära..vb.1|bära_sig..vbm.1|","neutral","11","ET","VB.PRS.AKT","VB","14","|Mood=Ind|Tense=Pres|VerbForm=Fin|Voice=Act|","|bära..1:0.510|bära..2:0.371|bära..3:0.119|bära_sig..1:-1.000|"
"","med","|","|","|med|","|","|","|med..pp.1|","null","14","OA","PP","PP","15","|","|med..1:-1.000|med..2:-1.000|"
"","sig","|","|","|sig|bära_sig:14|","|","|","|sig..pn.1|bära_sig..vbm.1:14|","null","15","PA","PN.UTR+NEU.SIN+PLU.DEF.OBJ","PN","16","|Case=Acc|Definite=Def|Gender=Com,Neut|Number=Plur,Sing|","|bära_sig..1:14:-1.000|sig..1:-1.000|"
"",".","|","|","|","|","|","|","null","4","IP","MAD","MAD","17","|","|"
"# Svenska partiprogram och valmanifest; text attributes: text_source: ""Hämtat från partiets officiella hemsida."", text_party: ""fi"", text_blingbring: ""|parallellism:23.699|olaglighet:15.254|sjöfarande och luftseglare:12.618|"", text__id: ""794d"", text_lix: ""51.02"", text_nk: ""1.63"", text_ovix: ""67.55"", text_year: ""2022"", text_type: ""Valmanifest - Riksdagsval"", text_type_id: ""v"", text_title: ""Med omsorg för alla liv och allt - Feministiskt iniciativs valplattform 2022"", text_swefn: ""|Ratification:100.304|Historic_event:68.377|Pardon:60.323|"", text_party_name: ""Feministiskt initiativ""","","","","","","","","","","","","","","",""
"","Den","|","|","|den|","|","|","|den..pn.1|","null","2","SS","PN.UTR.SIN.DEF.SUB+OBJ","PN","1","|Case=Acc,Nom|Definite=Def|Gender=Com|Number=Sing|","|den..2:-1.000|"
"***","skapar","|alstring|form|förmåga|grund|gudom|skicklighet|tillvaro|verklighet|","|Intentionally_create|","|skapa|","|","|","|skapa..vb.1|","neutral","19","MS","VB.PRS.AKT","VB","2","|Mood=Ind|Tense=Pres|VerbForm=Fin|Voice=Act|","|skapa..1:-1.000|"
"***","förutsättningar","|antagande|betingelse|bevis|förbehåll|förhand|förhoppning|förmåga|grund|logik|omständighet|tankeämne|","|","|förutsättning|","|förut..ab.1+sättning..nn.1:4.029e-12|för..nn.1+ut..ab.1+sättning..nn.1:3.134e-21|föra..vb.1+ut..ab.1+sättning..nn.1:4.884e-22|","|förut+sättningar|för+ut+sättningar|","|förutsättning..nn.1|","neutral","2","OO","NN.UTR.PLU.IND.NOM","NN","3","|Case=Nom|Definite=Ind|Gender=Com|Number=Plur|","|förutsättning..1:-1.000|"
"***","för","|","|","|för|","|","|","|för..pp.1|","null","3","ET","PP","PP","4","|","|för..1:-1.000|för..5:-1.000|för..6:-1.000|för..7:-1.000|för..9:-1.000|"
"","en","|","|","|en|","|","|","|en..al.1|","null","7","DT","DT.UTR.SIN.IND","DT","5","|Definite=Ind|Gender=Com|Number=Sing|","|den..1:-1.000|en..2:-1.000|"
"","hållbar","|bekräftelse|bevisföring|förmåga|långvarighet|oföränderlighet|seghet|skydd|styrka|varaktighet|överensstämmelse|","|","|hållbar|","|","|","|hållbar..av.1|","null","7","AT","JJ.POS.UTR.SIN.IND.NOM","JJ","6","|Case=Nom|Definite=Ind|Degree=Pos|Gender=Com|Number=Sing|","|hållbar..1:-1.000|"
"","livsstil","|","|Manner_of_life|","|livsstil|","|liv..nn.1+stil..nn.1:9.729e-11|livs..nn.1+stil..nn.1:9.729e-11|livs..av.1+stil..nn.1:1.157e-19|","|livs+stil|","|livsstil..nn.1|","null","4","PA","NN.UTR.SIN.IND.NOM","NN","7","|Case=Nom|Definite=Ind|Gender=Com|Number=Sing|","|livsstil..1:-1.000|"
"","med","|","|","|med|","|","|","|med..pp.1|","null","7","ET","PP","PP","8","|","|med..1:-1.000|med..2:-1.000|"
"","mer","|","|","|","|","|","|","null","10","DT","JJ.KOM.UTR+NEU.SIN+PLU.IND+DEF.NOM","JJ","9","|Case=Nom|Definite=Def,Ind|Degree=Cmp|Gender=Com,Neut|Number=Plur,Sing|","|"
"","tid","|tid|","|Measure_duration|","|tid|","|","|","|tid..nn.1|","neutral","8","PA","NN.UTR.SIN.IND.NOM","NN","10","|Case=Nom|Definite=Ind|Gender=Com|Number=Sing|","|tid..1:-1.000|"
"","för","|","|","|för|","|","|","|för..pp.1|","null","10","ET","PP","PP","11","|","|för..1:-1.000|för..5:-1.000|för..6:-1.000|för..7:-1.000|för..9:-1.000|"
"","familj","|alstring|frändskap|förening|härkomst|klass|människa|samling|","|Kinship|","|familj|","|","|","|familj..nn.1|","neutral","11","PA","NN.UTR.SIN.IND.NOM","NN","12","|Case=Nom|Definite=Ind|Gender=Com|Number=Sing|","|familj..1:0.997|familj..2:0.003|"
"",",","|","|","|","|","|","|","null","19","IK","MID","MID","13","|","|"
"","relationer","|drivfjäder|förbindelse|inflytande|samhörighet|skildring|","|Relation|","|relation|","|","|","|relation..nn.1|","neutral","16","CJ","NN.UTR.PLU.IND.NOM","NN","14","|Case=Nom|Definite=Ind|Gender=Com|Number=Plur|","|relation..1:0.736|relation..2:0.264|"
"",",","|","|","|","|","|","|","null","16","IK","MID","MID","15","|","|"
"","och","|","|","|och|","|","|","|och..kn.1|","null","11","PA","KN","KN","16","|","|och..1:-1.000|"
"","samhällsengagemang","|","|","|samhällsengagemang|","|samhälle..nn.1+engagemang..nn.1:5.897e-19|sam..sxc.1+häll..nn.1+engagemang..nn.1:1.166e-28|sam..sxc.1+hälla..nn.1+engagemang..nn.1:1.166e-28|","|samhälls+engagemang|sam+hälls+engagemang|","|","null","16","CJ","NN.NEU.SIN.IND.NOM","NN","17","|Case=Nom|Definite=Ind|Gender=Neut|Number=Sing|","|"
"",",","|","|","|","|","|","|","null","19","IK","MID","MID","18","|","|"
"","samt","|","|","|samt|","|","|","|samt..kn.1|","null","null","ROOT","KN","KN","19","|","|samt..1:-1.000|"
"","fokus","|konvergens|medelpunkt|samlingspunkt|","|","|fokus|","|","|","|fokus..nn.1|","null","19","CJ","NN.NEU.SIN.IND.NOM","NN","20","|Case=Nom|Definite=Ind|Gender=Neut|Number=Sing|","|fokus..2:0.733|fokus..1:0.267|"
"","på","|","|","|på|","|","|","|på..pp.1|","null","20","ET","PP","PP","21","|","|på..1:-1.000|"
"","fysisk","|kroppslighet|","|","|fysisk|","|","|","|fysisk..av.1|","neutral","23","CJ","JJ.POS.UTR.SIN.IND.NOM","JJ","22","|Case=Nom|Definite=Ind|Degree=Pos|Gender=Com|Number=Sing|","|fysisk..2:0.978|fysisk..1:0.022|"
"","och","|","|","|och|","|","|","|och..kn.1|","null","25","AT","KN","KN","23","|","|och..1:-1.000|"
"","psykisk","|förnuft|okroppslighet|","|","|psykisk|","|","|","|psykisk..av.1|","negative","23","CJ","JJ.POS.UTR.SIN.IND.NOM","JJ","24","|Case=Nom|Definite=Ind|Degree=Pos|Gender=Com|Number=Sing|","|psykisk..1:-1.000|"
"","hälsa","|hälsa|liv|omständighet|tillstånd|","|Health_status|","|hälsa|","|","|","|hälsa..nn.1|","positive","21","PA","NN.UTR.SIN.IND.NOM","NN","25","|Case=Nom|Definite=Ind|Gender=Com|Number=Sing|","|hälsa..2:-1.000|"
"",".","|","|","|","|","|","|","null","2","IP","MAD","MAD","26","|","|"
"# Svenska partiprogram och valmanifest; text attributes: text_source: ""Hämtat från ""Svenska valprogram 1902-1952"", sammanställda av Sven-Olov Håkansson vid Statsvetenskapliga inst. Göteborgs universitet 1959. ISBN 99-0391724-4"", text_party: ""fp"", text_blingbring: ""|smältning:19.287|filantropi:12.919|sparsamhet:10.782|"", text__id: ""01dc"", text_lix: ""59.16"", text_nk: ""2.21"", text_ovix: ""84.92"", text_year: ""1924"", text_type: ""Valmanifest - Riksdagsval"", text_type_id: ""v"", text_title: ""Frisinnade folkpartiets valprogram 1924"", text_swefn: ""|Agriculture:116.85|Execute_plan:93.582|Preventing:86.968|"", text_party_name: ""Folkpartiet liberalerna""","","","","","","","","","","","","","","",""
"","I","|","|","|i|i_den_mån|","|","|","|i..pp.1|i_den_mån..snm.1|","null","5","AA","PP","PP","1","|","|i..2:-1.000|i_den_mån..1:-1.000|"
"","den","|","|","|den|en|i_den_mån:1|","|","|","|den..pn.1|en..al.1|i_den_mån..snm.1:1|","null","3","DT","DT.UTR.SIN.DEF","DT","2","|Definite=Def|Gender=Com|Number=Sing|","|den..1:-1.000|den..2:-1.000|en..2:-1.000|i_den_mån..1:1:-1.000|"
"","mån","|","|","|mån|i_den_mån:1|","|","|","|mån..nn.1|mån..nna.1|i_den_mån..snm.1:1|","null","1","PA","NN.UTR.SIN.IND.NOM","NN","3","|Case=Nom|Definite=Ind|Gender=Com|Number=Sing|","|mån..1:0.942|måndag..1:0.058|i_den_mån..1:1:-1.000|"
"","utvecklingen","|alstring|avhandling|avslöjning|betydelse|fortgång|fortsättning|framåtskridande|fråga|följd|fördel|förfarande|ofullständighet|omdöme|rörelse|tilltagande|uttydning|utvidgning|övergång|","|Cause_to_make_progress|","|utveckling|","|ut..ab.1+veck..nn.1+lin..nn.1+gen..nn.1:4.650e-25|ut..ab.1+veck..nn.1+lina..nn.1+gen..nn.1:4.650e-25|ut..ab.1+vecka..nn.1+lin..nn.1+gen..nn.1:4.650e-25|ut..ab.1+vecka..nn.1+lina..nn.1+gen..nn.1:4.650e-25|ut..ab.1+vecka..vb.1+lin..nn.1+gen..nn.1:2.497e-35|ut..ab.1+vecka..vb.1+lina..nn.1+gen..nn.1:2.497e-35|","|ut+veck+lin+gen|","|utveckling..nn.1|","neutral","1","PA","NN.UTR.SIN.DEF.NOM","NN","4","|Case=Nom|Definite=Def|Gender=Com|Number=Sing|","|utveckling..1:1.000|utveckling..2:0.000|"
"***","skapar","|alstring|form|förmåga|grund|gudom|skicklighet|tillvaro|verklighet|","|Intentionally_create|","|skapa|","|","|","|skapa..vb.1|","neutral","null","ROOT","VB.PRS.AKT","VB","5","|Mood=Ind|Tense=Pres|VerbForm=Fin|Voice=Act|","|skapa..1:-1.000|"
"***","förutsättningar","|antagande|betingelse|bevis|förbehåll|förhand|förhoppning|förmåga|grund|logik|omständighet|tankeämne|","|","|förutsättning|","|förut..ab.1+sättning..nn.1:4.029e-12|för..nn.1+ut..ab.1+sättning..nn.1:3.134e-21|föra..vb.1+ut..ab.1+sättning..nn.1:4.884e-22|","|förut+sättningar|för+ut+sättningar|","|förutsättning..nn.1|","neutral","5","SS","NN.UTR.PLU.IND.NOM","NN","6","|Case=Nom|Definite=Ind|Gender=Com|Number=Plur|","|förutsättning..1:-1.000|"
"***","för","|","|","|för|","|","|","|för..pp.1|","null","6","ET","PP","PP","7","|","|för..1:-1.000|för..5:-1.000|för..6:-1.000|för..7:-1.000|för..9:-1.000|"
"","en","|","|","|en|","|","|","|en..al.1|","null","9","DT","DT.UTR.SIN.IND","DT","8","|Definite=Ind|Gender=Com|Number=Sing|","|den..1:-1.000|en..2:-1.000|"
"","lagstiftning","|befallning|laglighet|myndighet|","|","|lagstiftning|","|","|","|lagstiftning..nn.1|","neutral","7","PA","NN.UTR.SIN.IND.NOM","NN","9","|Case=Nom|Definite=Ind|Gender=Com|Number=Sing|","|lagstiftning..1:-1.000|"
"","i","|","|","|i|","|","|","|i..pp.1|","null","9","ET","PP","PP","10","|","|i..2:-1.000|"
"","förbudsriktning","|","|","|förbudsriktning|","|förbud..nn.1+riktning..nn.1:4.765e-13|föra..vb.1+bud..nn.1+riktning..nn.1:2.362e-18|för..nn.1+bud..nn.1+riktning..nn.1:2.149e-21|","|förbuds+riktning|för+buds+riktning|","|","null","10","PA","NN.UTR.SIN.IND.NOM","NN","11","|Case=Nom|Definite=Ind|Gender=Com|Number=Sing|","|"
"","känner","|känsel|känsla|känslighet|","|Perception_experience|","|känna|","|","|","|känna..vb.1|känna..vb.2|","neutral","5","OO","VB.PRS.AKT","VB","12","|Mood=Ind|Tense=Pres|VerbForm=Fin|Voice=Act|","|känna..2:0.580|känna..1:0.216|känna..4:0.195|känna..3:0.009|"
"","frisinnade","|","|","|","|","|","|","null","14","DT","VB.PRT.AKT","VB","13","|Mood=Ind|Tense=Past|VerbForm=Fin|Voice=Act|","|"
"","folkpartiet","|plebej|","|","|folkparti|","|folk..nn.1+parti..nn.1:5.887e-09|folk..nn.1+part..nn.1+i..nn.1:2.222e-17|","|folk+partiet|folk+part+iet|","|folkparti..nn.1|","neutral","12","OO","NN.NEU.SIN.DEF.NOM","NN","14","|Case=Nom|Definite=Def|Gender=Neut|Number=Sing|","|folkparti..1:-1.000|"
"","sig","|","|","|sig|","|","|","|sig..pn.1|","null","12","OO","PN.UTR+NEU.SIN+PLU.DEF.OBJ","PN","15","|Case=Acc|Definite=Def|Gender=Com,Neut|Number=Plur,Sing|","|sig..1:-1.000|"
"","av","|","|","|av|","|","|","|av..pp.1|","null","14","ET","PP","PP","16","|","|av..1:-1.000|"
"","sin","|","|","|sig|","|","|","|sig..pn.1|","null","22","DT","PS.UTR.SIN.DEF","PS","17","|Definite=Def|Gender=Com|Number=Sing|","|sig..1:-1.000|"
"","demokratiska","|plebej|","|","|demokratisk|","|","|","|demokratisk..av.1|","positive","19","AT","JJ.POS.UTR+NEU.SIN.DEF.NOM","JJ","18","|Case=Nom|Definite=Def|Degree=Pos|Gender=Com,Neut|Number=Sing|","|demokratisk..1:-1.000|"
"","o","|","|","|o|","|","|","|o..kna.1|","null","16","PA","KN","KN","19","|","|och..1:-1.000|"
"","h","|","|","|","|","|","|","null","22","AT","JJ.POS.UTR+NEU.SIN.DEF.NOM","JJ","20","|Case=Nom|Definite=Def|Degree=Pos|Gender=Com,Neut|Number=Sing|","|"
"","socialreformatoriska","|","|","|socialreformatorisk|","|social..av.1+reformatorisk..av.1:1.049e-14|","|social+reformatoriska|","|","null","22","AT","JJ.POS.UTR+NEU.SIN.DEF.NOM","JJ","21","|Case=Nom|Definite=Def|Degree=Pos|Gender=Com,Neut|Number=Sing|","|"
"","grundsyn","|","|","|grundsyn|","|grund..nn.1+syn..nn.1:3.272e-09|grund..nn.1+syn..nn.2:3.272e-09|grund..nn.2+syn..nn.1:3.272e-09|grund..nn.2+syn..nn.2:3.272e-09|grund..av.1+syn..nn.1:8.026e-13|grund..av.1+syn..nn.2:8.026e-13|grunda..vb.1+syn..nn.1:6.363e-20|grunda..vb.1+syn..nn.2:6.363e-20|grunda..vb.2+syn..nn.1:6.363e-20|grunda..vb.2+syn..nn.2:6.363e-20|","|grund+syn|","|grundsyn..nn.1|","null","16","PA","NN.UTR.SIN.IND.NOM","NN","22","|Case=Nom|Definite=Ind|Gender=Com|Number=Sing|","|grundsyn..1:-1.000|"
"","förpliktat","|bundenhet|löfte|ofrihet|ofrivillighet|plikt|tvång|","|Being_obligated|","|förplikta|","|föra..vb.1+plikta..vb.1:2.496e-17|för..nn.1+plikta..vb.1:3.053e-20|","|för+pliktat|","|förplikta..vb.1|","null","5","OO","VB.SUP.AKT","VB","23","|VerbForm=Sup|Voice=Act|","|förplikta..1:-1.000|"
"","att","|","|","|att|","|","|","|att..sn.1|","null","23","OO","IE","IE","24","|","|att..1:-1.000|"
"","jämväl","|tillägg|vidfogning|","|","|jämväl|","|","|","|jämväl..ab.1|","null","29","AA","AB","AB","25","|","|jämväl..1:-1.000|"
"","i","|","|","|i|","|","|","|i..pp.1|","null","29","MA","PP","PP","26","|","|i..2:-1.000|"
"","detta","|","|","|denna|","|","|","|denna..pn.1|","null","28","DT","DT.NEU.SIN.DEF","DT","27","|Definite=Def|Gender=Neut|Number=Sing|","|denna..1:-1.000|"
"","avseende","|omständighet|samhörighet|","|Purpose|","|avseende|","|av..ab.1+seende..nn.1:9.989e-12|av..av.1+seende..nn.1:3.067e-21|","|av+seende|","|avseende..nn.1|","neutral","26","PA","NN.NEU.SIN.IND.NOM","NN","28","|Case=Nom|Definite=Ind|Gender=Neut|Number=Sing|","|avseende..1:0.989|avseende..2:0.011|"
"","realisera","|bytande|fullbordan|företag|försäljning|göromål|handel|särskildhet|utbyte|","|Execute_plan|","|realisera|","|","|","|realisera..vb.1|","null","24","IF","VB.INF.AKT","VB","29","|VerbForm=Inf|Voice=Act|","|realisera..1:0.975|realisera..3:0.019|realisera..2:0.006|"
"",".","|","|","|","|","|","|","null","5","IP","MAD","MAD","30","|","|"
"# Svenska partiprogram och valmanifest; text attributes: text_source: ""Hämtat från ""Svenska valprogram 1902-1952"", sammanställda av Sven-Olov Håkansson vid Statsvetenskapliga inst. Göteborgs universitet 1959. ISBN 99-0391724-4"", text_party: ""fp"", text_blingbring: ""|smältning:9.516|fortgång:9.329|stank:8.715|"", text__id: ""b529"", text_lix: ""59.89"", text_nk: ""2.10"", text_ovix: ""85.54"", text_year: ""1928"", text_type: ""Valmanifest - Riksdagsval"", text_type_id: ""v"", text_title: ""Det frisinnade folkpartiets valprogram 1928"", text_swefn: ""|Scope:120.969|Win_prize:118.655|Agriculture:80.712|"", text_party_name: ""Folkpartiet liberalerna""","","","","","","","","","","","","","","",""
"","I","|","|","|i|i_den_mån|","|","|","|i..pp.1|i_den_mån..snm.1|","null","5","AA","PP","PP","1","|","|i..2:-1.000|i_den_mån..1:-1.000|"
"","den","|","|","|den|en|i_den_mån:1|","|","|","|den..pn.1|en..al.1|i_den_mån..snm.1:1|","null","3","DT","DT.UTR.SIN.DEF","DT","2","|Definite=Def|Gender=Com|Number=Sing|","|den..1:-1.000|den..2:-1.000|en..2:-1.000|i_den_mån..1:1:-1.000|"
"","mån","|","|","|mån|i_den_mån:1|","|","|","|mån..nn.1|mån..nna.1|i_den_mån..snm.1:1|","null","1","PA","NN.UTR.SIN.IND.NOM","NN","3","|Case=Nom|Definite=Ind|Gender=Com|Number=Sing|","|mån..1:0.949|måndag..1:0.051|i_den_mån..1:1:-1.000|"
"","utvecklingen","|alstring|avhandling|avslöjning|betydelse|fortgång|fortsättning|framåtskridande|fråga|följd|fördel|förfarande|ofullständighet|omdöme|rörelse|tilltagande|uttydning|utvidgning|övergång|","|Cause_to_make_progress|","|utveckling|","|ut..ab.1+veck..nn.1+lin..nn.1+gen..nn.1:4.650e-25|ut..ab.1+veck..nn.1+lina..nn.1+gen..nn.1:4.650e-25|ut..ab.1+vecka..nn.1+lin..nn.1+gen..nn.1:4.650e-25|ut..ab.1+vecka..nn.1+lina..nn.1+gen..nn.1:4.650e-25|ut..ab.1+vecka..vb.1+lin..nn.1+gen..nn.1:2.497e-35|ut..ab.1+vecka..vb.1+lina..nn.1+gen..nn.1:2.497e-35|","|ut+veck+lin+gen|","|utveckling..nn.1|","neutral","1","PA","NN.UTR.SIN.DEF.NOM","NN","4","|Case=Nom|Definite=Def|Gender=Com|Number=Sing|","|utveckling..1:1.000|utveckling..2:0.000|"
"***","skapar","|alstring|form|förmåga|grund|gudom|skicklighet|tillvaro|verklighet|","|Intentionally_create|","|skapa|","|","|","|skapa..vb.1|","neutral","null","ROOT","VB.PRS.AKT","VB","5","|Mood=Ind|Tense=Pres|VerbForm=Fin|Voice=Act|","|skapa..1:-1.000|"
"***","förutsättningar","|antagande|betingelse|bevis|förbehåll|förhand|förhoppning|förmåga|grund|logik|omständighet|tankeämne|","|","|förutsättning|","|förut..ab.1+sättning..nn.1:4.029e-12|för..nn.1+ut..ab.1+sättning..nn.1:3.134e-21|föra..vb.1+ut..ab.1+sättning..nn.1:4.884e-22|","|förut+sättningar|för+ut+sättningar|","|förutsättning..nn.1|","neutral","5","SS","NN.UTR.PLU.IND.NOM","NN","6","|Case=Nom|Definite=Ind|Gender=Com|Number=Plur|","|förutsättning..1:-1.000|"
"***","för","|","|","|för|","|","|","|för..pp.1|","null","6","ET","PP","PP","7","|","|för..1:-1.000|för..5:-1.000|för..6:-1.000|för..7:-1.000|för..9:-1.000|"
"","en","|","|","|en|","|","|","|en..al.1|","null","9","DT","DT.UTR.SIN.IND","DT","8","|Definite=Ind|Gender=Com|Number=Sing|","|den..1:-1.000|en..2:-1.000|"
"","lagstiftning","|befallning|laglighet|myndighet|","|","|lagstiftning|","|","|","|lagstiftning..nn.1|","neutral","7","PA","NN.UTR.SIN.IND.NOM","NN","9","|Case=Nom|Definite=Ind|Gender=Com|Number=Sing|","|lagstiftning..1:-1.000|"
"","i","|","|","|i|","|","|","|i..pp.1|","null","9","ET","PP","PP","10","|","|i..2:-1.000|"
"","förbudsriktning","|","|","|förbudsriktning|","|förbud..nn.1+riktning..nn.1:4.765e-13|föra..vb.1+bud..nn.1+riktning..nn.1:2.362e-18|för..nn.1+bud..nn.1+riktning..nn.1:2.149e-21|","|förbuds+riktning|för+buds+riktning|","|","null","10","PA","NN.UTR.SIN.IND.NOM","NN","11","|Case=Nom|Definite=Ind|Gender=Com|Number=Sing|","|"
"","känner","|känsel|känsla|känslighet|","|Perception_experience|","|känna|känna_sig|","|","|","|känna..vb.1|känna..vb.2|känna_sig..vbm.1|","neutral","5","+F","VB.PRS.AKT","VB","12","|Mood=Ind|Tense=Pres|VerbForm=Fin|Voice=Act|","|känna..2:0.641|känna..1:0.178|känna..4:0.177|känna..3:0.003|känna_sig..1:-1.000|"
"","Frisinnade","|","|","|frisinnad|","|fri..av.1+sinnad..av.1:3.989e-14|fria..vb.1+sinnad..av.1:4.987e-23|","|fri+sinnade|","|frisinnad..av.1|","null","14","AT","PC.PRF.UTR+NEU.SIN.DEF.NOM","PC","13","|Case=Nom|Definite=Def|Gender=Com,Neut|Number=Sing|Tense=Past|VerbForm=Part|","|frisinnad..1:-1.000|"
"","Folkpartiet","|plebej|","|","|folkparti|","|folk..nn.1+parti..nn.1:5.982e-10|folk..nn.1+part..nn.1+i..nn.1:2.258e-18|","|folk+partiet|folk+part+iet|","|folkparti..nn.1|","neutral","12","SS","NN.NEU.SIN.DEF.NOM","NN","14","|Case=Nom|Definite=Def|Gender=Neut|Number=Sing|","|folkparti..1:-1.000|"
"","sig","|","|","|sig|känna_sig:12|","|","|","|sig..pn.1|känna_sig..vbm.1:12|","null","12","OO","PN.UTR+NEU.SIN+PLU.DEF.OBJ","PN","15","|Case=Acc|Definite=Def|Gender=Com,Neut|Number=Plur,Sing|","|känna_sig..1:12:-1.000|sig..1:-1.000|"
"","alltjämt","|fortsättning|oföränderlighet|sammanhang|tid|","|Frequency|","|alltjämt|","|","|","|alltjämt..ab.1|","null","17","CA","AB","AB","16","|","|alltjämt..1:-1.000|"
"","av","|","|","|av|","|","|","|av..pp.1|","null","12","OA","PP","PP","17","|","|av..1:-1.000|"
"","sin","|","|","|sig|","|","|","|sig..pn.1|","null","22","DT","PS.UTR.SIN.DEF","PS","18","|Definite=Def|Gender=Com|Number=Sing|","|sig..1:-1.000|"
"","demokratiska","|plebej|","|","|demokratisk|","|","|","|demokratisk..av.1|","positive","20","CJ","JJ.POS.UTR+NEU.SIN.DEF.NOM","JJ","19","|Case=Nom|Definite=Def|Degree=Pos|Gender=Com,Neut|Number=Sing|","|demokratisk..1:-1.000|"
"","och","|","|","|och|","|","|","|och..kn.1|","null","22","AT","KN","KN","20","|","|och..1:-1.000|"
"","socialreformatoriska","|","|","|socialreformatorisk|","|social..av.1+reformatorisk..av.1:1.049e-14|","|social+reformatoriska|","|","null","20","CJ","JJ.POS.UTR+NEU.SIN.DEF.NOM","JJ","21","|Case=Nom|Definite=Def|Degree=Pos|Gender=Com,Neut|Number=Sing|","|"
"","grundsyn","|","|","|grundsyn|","|grund..nn.1+syn..nn.1:3.272e-09|grund..nn.1+syn..nn.2:3.272e-09|grund..nn.2+syn..nn.1:3.272e-09|grund..nn.2+syn..nn.2:3.272e-09|grund..av.1+syn..nn.1:8.026e-13|grund..av.1+syn..nn.2:8.026e-13|grunda..vb.1+syn..nn.1:6.363e-20|grunda..vb.1+syn..nn.2:6.363e-20|grunda..vb.2+syn..nn.1:6.363e-20|grunda..vb.2+syn..nn.2:6.363e-20|","|grund+syn|","|grundsyn..nn.1|","null","17","PA","NN.UTR.SIN.IND.NOM","NN","22","|Case=Nom|Definite=Ind|Gender=Com|Number=Sing|","|grundsyn..1:-1.000|"
"","förpliktat","|bundenhet|löfte|ofrihet|ofrivillighet|plikt|tvång|","|Being_obligated|","|förplikta|","|föra..vb.1+plikta..vb.1:2.496e-17|för..nn.1+plikta..vb.1:3.053e-20|","|för+pliktat|","|förplikta..vb.1|","null","5","OO","VB.SUP.AKT","VB","23","|VerbForm=Sup|Voice=Act|","|förplikta..1:-1.000|"
"","att","|","|","|att|","|","|","|att..sn.1|","null","23","OO","IE","IE","24","|","|att..1:-1.000|"
"","jämväl","|","|","|","|","|","|","null","29","AA","IE","IE","25","|","|"
"","i","|","|","|i|","|","|","|i..pp.1|","null","29","AA","PP","PP","26","|","|i..2:-1.000|"
"","detta","|","|","|denna|","|","|","|denna..pn.1|","null","28","DT","DT.NEU.SIN.DEF","DT","27","|Definite=Def|Gender=Neut|Number=Sing|","|denna..1:-1.000|"
"","avseende","|omständighet|samhörighet|","|Purpose|","|avseende|","|av..ab.1+seende..nn.1:9.989e-12|av..av.1+seende..nn.1:3.067e-21|","|av+seende|","|avseende..nn.1|","neutral","26","PA","NN.NEU.SIN.IND.NOM","NN","28","|Case=Nom|Definite=Ind|Gender=Neut|Number=Sing|","|avseende..1:0.990|avseende..2:0.010|"
"","realisera","|bytande|fullbordan|företag|försäljning|göromål|handel|särskildhet|utbyte|","|Execute_plan|","|realisera|","|","|","|realisera..vb.1|","null","24","IF","VB.INF.AKT","VB","29","|VerbForm=Inf|Voice=Act|","|realisera..1:0.982|realisera..3:0.014|realisera..2:0.004|"
"","folkets","|fördel|innevånare|människa|ordvarietet|samling|","|People|","|folk|","|","|","|folk..nn.1|","neutral","31","DT","NN.NEU.SIN.DEF.GEN","NN","30","|Case=Gen|Definite=Def|Gender=Neut|Number=Sing|","|folk..1:0.577|folk..3:0.407|folk..4:0.016|"
"","önskemål","|vilja|åtrå|","|Desiring|","|önskemål|","|önska..vb.1+mål..nn.1:7.702e-15|önska..vb.1+emma..nn.1+ål..nn.1:4.154e-35|","|önske+mål|önsk+em+ål|","|önskemål..nn.1|","neutral","29","OO","NN.NEU.PLU.IND.NOM","NN","31","|Case=Nom|Definite=Ind|Gender=Neut|Number=Plur|","|önskemål..1:-1.000|"
"","och","|","|","|och|","|","|","|och..kn.1|","null","24","IF","KN","KN","32","|","|och..1:-1.000|"
"","främja","|förbättring|hjälp|","|Conferring_benefit|","|främja|","|","|","|främja..vb.1|","positive","32","+F","VB.INF.AKT","VB","33","|VerbForm=Inf|Voice=Act|","|främja..1:-1.000|"
"","dess","|","|","|den|","|","|","|den..pn.1|","null","35","DT","PS.UTR+NEU.SIN+PLU.DEF","PS","34","|Definite=Def|Gender=Com,Neut|Number=Plur,Sing|","|den..2:-1.000|"
"","bästa","|dygd|fullständighet|fördel|gott|mildhet|oskuld|tillräcklighet|välvilja|","|Morality_evaluation|","|bra|bäst|god|","|","|","|bra..av.1|bäst..av.1|god..av.1|","positive","33","OO","JJ.SUV.UTR+NEU.SIN+PLU.DEF.NOM","JJ","35","|Case=Nom|Definite=Def|Degree=Sup|Gender=Com,Neut|Number=Plur,Sing|","|god..1:0.751|bra..3:0.132|bäst..1:0.085|god..3:0.017|bra..5:0.013|god..2:0.002|"
"",".","|","|","|","|","|","|","null","5","IP","MAD","MAD","36","|","|"
"# Svenska partiprogram och valmanifest; text attributes: text_source: ""Dokumentet kommer från Göteborgs universitetsbibliotek."", text_party: ""fp"", text_blingbring: ""|osjälviskhet:11.445|nykterhet:8.939|fortgång:8.145|"", text__id: ""57bb"", text_lix: ""52.81"", text_nk: ""1.87"", text_ovix: ""74.38"", text_year: ""1972"", text_type: ""Partiprogram"", text_type_id: ""p"", text_title: ""Socialliberal kurs"", text_swefn: ""|Seeking_to_achieve:46.044|Social_care_scenario:37.844|Institutionalization:31.629|"", text_party_name: ""Folkpartiet liberalerna""","","","","","","","","","","","","","","",""
"","Dessa","|","|","|denna|","|","|","|denna..pn.1|","null","2","DT","DT.UTR+NEU.PLU.DEF","DT","1","|Definite=Def|Gender=Com,Neut|Number=Plur|","|denna..1:-1.000|"
"","krav","|befallning|begäran|förmåga|förnödenhet|kreditväsen|meddelande|plikt|utmaning|","|Have_as_requirement|","|krav|","|","|","|krav..nn.1|","negative","3","SS","NN.NEU.PLU.IND.NOM","NN","2","|Case=Nom|Definite=Ind|Gender=Neut|Number=Plur|","|krav..1:-1.000|"
"","tillgodoses","|hjälp|","|Satisfying|","|tillgodose|","|tillgodo..ab.1+se..vb.1:5.179e-12|","|tillgodo+ses|till+godo+ses|","|tillgodose..vb.1|","positive","null","ROOT","VB.PRS.SFO","VB","3","|Mood=Ind|Tense=Pres|VerbForm=Fin|Voice=Pass|","|tillgodose..1:-1.000|"
"","bäst","|dygd|fullständighet|fördel|gott|mildhet|oskuld|tillräcklighet|välvilja|","|Morality_evaluation|","|bra|bäst|god|","|","|","|bra..ab.1|bra..av.1|bäst..av.1|god..av.1|","positive","3","AA","AB.SUV","AB","4","|Degree=Sup|","|god..1:0.819|bra..3:0.063|bra..1:0.062|bäst..1:0.039|god..3:0.014|bra..5:0.002|god..2:0.000|"
"","genom","|","|","|genom|","|","|","|genom..pp.1|","null","3","AA","PP","PP","5","|","|genom..1:-1.000|genom..3:-1.000|"
"","en","|","|","|en|","|","|","|en..al.1|","null","7","DT","DT.UTR.SIN.IND","DT","6","|Definite=Ind|Gender=Com|Number=Sing|","|den..1:-1.000|en..2:-1.000|"
"","konkurrens","|avund|motsats|motstånd|samtidighet|strid|övermått|","|Competition|","|konkurrens|","|kon..nn.1+kurr..nn.2:9.593e-14|kon..nn.1+kurre..nn.1:9.593e-14|kona..nn.1+kurr..nn.2:9.593e-14|kona..nn.1+kurre..nn.1:9.593e-14|kon..nn.1+kur..nn.1+r..nn.1:8.663e-19|kon..nn.1+kur..nn.1+ren..nn.1:8.663e-19|kon..nn.1+kur..nn.2+r..nn.1:8.663e-19|kon..nn.1+kur..nn.2+ren..nn.1:8.663e-19|kona..nn.1+kur..nn.1+r..nn.1:8.663e-19|kona..nn.1+kur..nn.1+ren..nn.1:8.663e-19|kona..nn.1+kur..nn.2+r..nn.1:8.663e-19|kona..nn.1+kur..nn.2+ren..nn.1:8.663e-19|kon..nn.1+kurr..nn.1+r..nn.1:7.154e-21|kon..nn.1+kurr..nn.1+ren..nn.1:7.154e-21|kon..nn.1+kurr..nn.2+r..nn.1:7.154e-21|kon..nn.1+kurr..nn.2+ren..nn.1:7.154e-21|kon..nn.1+kurre..nn.1+r..nn.1:7.154e-21|kon..nn.1+kurre..nn.1+ren..nn.1:7.154e-21|kona..nn.1+kurr..nn.1+r..nn.1:7.154e-21|kona..nn.1+kurr..nn.1+ren..nn.1:7.154e-21|kona..nn.1+kurr..nn.2+r..nn.1:7.154e-21|kona..nn.1+kurr..nn.2+ren..nn.1:7.154e-21|kona..nn.1+kurre..nn.1+r..nn.1:7.154e-21|kona..nn.1+kurre..nn.1+ren..nn.1:7.154e-21|kon..nn.1+kura..vb.1+r..nn.1:1.202e-29|kon..nn.1+kura..vb.1+ren..nn.1:1.202e-29|kona..nn.1+kura..vb.1+r..nn.1:1.202e-29|kona..nn.1+kura..vb.1+ren..nn.1:1.202e-29|","|kon+kurrens|kon+kur+rens|kon+kurr+rens|","|konkurrens..nn.1|","neutral","5","PA","NN.UTR.SIN.IND.NOM","NN","7","|Case=Nom|Definite=Ind|Gender=Com|Number=Sing|","|konkurrens..1:-1.000|"
"","som","|","|","|","|","|","|","null","9","SS","HP.-.-.-","HP","8","|","|"
"***","skapar","|alstring|form|förmåga|grund|gudom|skicklighet|tillvaro|verklighet|","|Intentionally_create|","|skapa|","|","|","|skapa..vb.1|","neutral","7","ET","VB.PRS.AKT","VB","9","|Mood=Ind|Tense=Pres|VerbForm=Fin|Voice=Act|","|skapa..1:-1.000|"
"***","förutsättningar","|antagande|betingelse|bevis|förbehåll|förhand|förhoppning|förmåga|grund|logik|omständighet|tankeämne|","|","|förutsättning|","|förut..ab.1+sättning..nn.1:4.029e-12|för..nn.1+ut..ab.1+sättning..nn.1:3.134e-21|föra..vb.1+ut..ab.1+sättning..nn.1:4.884e-22|","|förut+sättningar|för+ut+sättningar|","|förutsättning..nn.1|","neutral","9","OO","NN.UTR.PLU.IND.NOM","NN","10","|Case=Nom|Definite=Ind|Gender=Com|Number=Plur|","|förutsättning..1:-1.000|"
"***","för","|","|","|för|","|","|","|för..pp.1|","null","9","OA","PP","PP","11","|","|för..1:-1.000|för..5:-1.000|för..6:-1.000|för..7:-1.000|för..9:-1.000|"
"","en","|","|","|en|","|","|","|en..al.1|","null","15","DT","DT.UTR.SIN.IND","DT","12","|Definite=Ind|Gender=Com|Number=Sing|","|den..1:-1.000|en..2:-1.000|"
"","mer","|jämförelse|","|Increment|","|mer|mycket|","|","|","|mer..ab.1|mycket..ab.1|","null","14","AA","AB.KOM","AB","13","|Degree=Cmp|","|mer..1:0.689|mycket..2:0.301|mycket..1:0.010|"
"","balanserad","|","|","|balansera|balanserad|","|","|","|balansera..vb.2|balanserad..av.1|","null","15","AT","PC.PRF.UTR.SIN.IND.NOM","PC","14","|Case=Nom|Definite=Ind|Gender=Com|Number=Sing|Tense=Past|VerbForm=Part|","|balanserad..1:0.908|balansera..2:0.092|"
"","nyhetsinformation","|","|","|nyhetsinformation|","|nyhet..nn.1+information..nn.1:7.590e-12|nyhet..nn.1+in..ab.1+formation..nn.1:6.627e-26|","|nyhets+information|nyhets+in+formation|","|","null","16","CJ","NN.UTR.SIN.IND.NOM","NN","15","|Case=Nom|Definite=Ind|Gender=Com|Number=Sing|","|"
"","och","|","|","|och|","|","|","|och..kn.1|","null","11","PA","KN","KN","16","|","|och..1:-1.000|"
"","en","|","|","|en|","|","|","|en..al.1|","null","20","DT","DT.UTR.SIN.IND","DT","17","|Definite=Ind|Gender=Com|Number=Sing|","|den..1:-1.000|en..2:-1.000|"
"","mer","|jämförelse|","|Increment|","|mer|mycket|","|","|","|mer..ab.1|mycket..ab.1|","null","19","AA","AB.KOM","AB","18","|Degree=Cmp|","|mer..1:0.712|mycket..2:0.263|mycket..1:0.025|"
"","mångsidig","|hakformighet|kunnighet|månggestaltning|sidoläge|åtskillnad|","|Diversity|","|mångsidig|","|mång..sxc.1+sidig..avh.1:1.014e-15|","|mång+sidig|","|mångsidig..av.1|","null","20","AT","JJ.POS.UTR.SIN.IND.NOM","JJ","19","|Case=Nom|Definite=Ind|Degree=Pos|Gender=Com|Number=Sing|","|mångsidig..1:-1.000|"
"","programpolitik","|","|","|programpolitik|","|program..nn.1+politik..nn.1:2.350e-09|prog..nn.1+ram..nn.1+politik..nn.1:2.105e-17|pro..sxc.1+gram..nn.1+politik..nn.1:5.471e-24|prog..nn.1+rama..vb.1+politik..nn.1:6.204e-28|","|program+politik|prog+ram+politik|pro+gram+politik|","|","null","16","CJ","NN.UTR.SIN.IND.NOM","NN","20","|Case=Nom|Definite=Ind|Gender=Com|Number=Sing|","|"
"",".","|","|","|","|","|","|","null","3","IP","MAD","MAD","21","|","|"
"# Svenska partiprogram och valmanifest; text attributes: text_source: ""Dokumentet kommer från Göteborgs universitetsbibliotek."", text_party: ""fp"", text_blingbring: ""|frikostighet:12.541|osjälviskhet:9.796|sparsamhet:7.785|"", text__id: ""7506"", text_lix: ""50.51"", text_nk: ""1.77"", text_ovix: ""72.85"", text_year: ""1982"", text_type: ""Partiprogram"", text_type_id: ""p"", text_title: ""Liberalismen"", text_swefn: ""|Satisfying:34.289|Overcoming_misunderstandings:32.111|Seeking_to_achieve:28.735|"", text_party_name: ""Folkpartiet liberalerna""","","","","","","","","","","","","","","",""
"","En","|","|","|en|","|","|","|en..al.1|","null","2","DT","DT.UTR.SIN.IND","DT","1","|Definite=Ind|Gender=Com|Number=Sing|","|den..1:-1.000|en..2:-1.000|"
"","satsning","|slump|","|","|satsning|","|","|","|satsning..nn.1|","neutral","5","SS","NN.UTR.SIN.IND.NOM","NN","2","|Case=Nom|Definite=Ind|Gender=Com|Number=Sing|","|satsning..1:-1.000|"
"","på","|","|","|på|","|","|","|på..pp.1|","null","2","ET","PP","PP","3","|","|på..1:-1.000|"
"","kollektivtrafik","|","|","|kollektivtrafik|","|kollektiv..nn.1+trafik..nn.1:1.918e-11|kollektiv..av.1+trafik..nn.1:2.708e-12|","|kollektiv+trafik|","|kollektivtrafik..nn.1|","null","3","PA","NN.UTR.SIN.IND.NOM","NN","4","|Case=Nom|Definite=Ind|Gender=Com|Number=Sing|","|kollektivtrafik..1:-1.000|"
"","är","|förtid|långvarighet|varaktighet|","|Existence|","|vara|","|","|","|vara..vb.1|","neutral","null","ROOT","VB.PRS.AKT","VB","5","|Mood=Ind|Tense=Pres|VerbForm=Fin|Voice=Act|","|vara..1:-1.000|"
"","av","|","|","|av|","|","|","|av..pp.1|","null","5","SP","PP","PP","6","|","|av..1:-1.000|"
"","starkt","|betydenhet|färg|förmåga|hälsa|hårdhet|kallblodighet|kraftyttring|ljudstyrka|seghet|smakstyrka|styrka|våldsamhet|","|Exertive_force|","|stark|","|","|","|stark..av.1|","positive","8","AA","AB.POS","AB","7","|Degree=Pos|","|stark..1:0.817|stark..3:0.173|stark..2:0.009|stark..5:0.001|stark..4:0.000|"
"","miljöpolitiskt","|","|","|miljöpolitisk|","|miljö..nn.1+politisk..av.1:1.816e-11|","|miljö+politiskt|","|miljöpolitisk..av.1|","null","9","AT","JJ.POS.NEU.SIN.IND.NOM","JJ","8","|Case=Nom|Definite=Ind|Degree=Pos|Gender=Neut|Number=Sing|","|miljöpolitisk..1:-1.000|"
"","intresse","|anbud|fördel|förstånd|inflytande|kunskapsbegär|samhörighet|sinnesart|uppmärksamhet|verksamhetsbegär|viktighet|villighet|åtrå|","|Emotion_directed|","|intresse|","|","|","|intresse..nn.1|","positive","6","PA","NN.NEU.SIN.IND.NOM","NN","9","|Case=Nom|Definite=Ind|Gender=Neut|Number=Sing|","|intresse..1:0.851|intresse..2:0.149|"
"","genom","|","|","|genom|","|","|","|genom..pp.1|","null","5","AA","PP","PP","10","|","|genom..1:-1.000|genom..3:-1.000|"
"","att","|","|","|att|","|","|","|att..sn.1|","null","10","PA","SN","SN","11","|","|att..1:-1.000|"
"","den","|","|","|den|","|","|","|den..pn.1|","null","13","SS","PN.UTR.SIN.DEF.SUB+OBJ","PN","12","|Case=Acc,Nom|Definite=Def|Gender=Com|Number=Sing|","|den..2:-1.000|"
"***","skapar","|alstring|form|förmåga|grund|gudom|skicklighet|tillvaro|verklighet|","|Intentionally_create|","|skapa|","|","|","|skapa..vb.1|","neutral","11","UA","VB.PRS.AKT","VB","13","|Mood=Ind|Tense=Pres|VerbForm=Fin|Voice=Act|","|skapa..1:-1.000|"
"***","förutsättningar","|antagande|betingelse|bevis|förbehåll|förhand|förhoppning|förmåga|grund|logik|omständighet|tankeämne|","|","|förutsättning|","|förut..ab.1+sättning..nn.1:4.029e-12|för..nn.1+ut..ab.1+sättning..nn.1:3.134e-21|föra..vb.1+ut..ab.1+sättning..nn.1:4.884e-22|","|förut+sättningar|för+ut+sättningar|","|förutsättning..nn.1|","neutral","13","OO","NN.UTR.PLU.IND.NOM","NN","14","|Case=Nom|Definite=Ind|Gender=Com|Number=Plur|","|förutsättning..1:-1.000|"
"***","för","|","|","|för|","|","|","|för..pp.1|","null","13","AA","PP","PP","15","|","|för..1:-1.000|för..5:-1.000|för..6:-1.000|för..7:-1.000|för..9:-1.000|"
"","att","|","|","|att|","|","|","|att..sn.1|","null","15","PA","IE","IE","16","|","|att..1:-1.000|"
"","minska","|avtagande|frånskiljning|fåtal|förlust|försämring|föränderlighet|hopkrympning|intighet|kvantitet|litenhet|minus|ofullständighet|oförmåga|rabatt|sänkning|underlägsenhet|övergång|","|Cause_change_of_position_on_a_scale_decrease|","|minska|","|min..nn.1+skola..vb.2:2.083e-09|mina..nn.1+skola..vb.2:2.083e-09|","|min+ska|","|minska..vb.1|","neutral","16","IF","VB.INF.AKT","VB","17","|VerbForm=Inf|Voice=Act|","|minska..2:0.602|minska..1:0.398|"
"","privatbilismen","|","|","|privatbilism|","|privat..av.1+bilism..nn.1:1.325e-12|privat..av.1+bil..nn.1+ism..nn.1:2.562e-18|privat..av.1+bila..nn.1+ism..nn.1:2.562e-18|privat..av.1+bila..vb.1+ism..nn.1:4.847e-29|","|privat+bilismen|privat+bil+ismen|","|","null","17","OO","NN.UTR.SIN.DEF.NOM","NN","18","|Case=Nom|Definite=Def|Gender=Com|Number=Sing|","|"
"",".","|","|","|","|","|","|","null","5","IP","MAD","MAD","19","|","|"
"# Svenska partiprogram och valmanifest; text attributes: text_source: ""Hämtat från forskningsprojektet ""Partiernas opinionspåverkan"", finansierat av HSFR, juli 1991-juni 1994. Peter Esaiasson och Niclas Håkansson, Statsvetenskapliga institiutionen vid Göteborgs universitet."", text_party: ""fp"", text_blingbring: ""|frikostighet:23.562|vanställning:8.341|osjälviskhet:8.339|"", text__id: ""9d3a"", text_lix: ""41.64"", text_nk: ""1.33"", text_ovix: ""64.44"", text_year: ""1991"", text_type: ""Valmanifest - Riksdagsval"", text_type_id: ""v"", text_title: ""Det nya Sverige. Ett liberalare Sverige."", text_swefn: ""|Strictness:77.217|Atonement:48.824|Manipulate_into_shape:43.963|"", text_party_name: ""Folkpartiet liberalerna""","","","","","","","","","","","","","","",""
"","Demokratiseringen","|","|","|demokratisering|","|demokrati..nn.1+se..vb.1+ring..nn.1:3.805e-18|","|demokrati+se+ringen|","|demokratisering..nn.1|","null","6","SS","NN.UTR.SIN.DEF.NOM","NN","1","|Case=Nom|Definite=Def|Gender=Com|Number=Sing|","|demokratisering..1:-1.000|"
"","i","|","|","|i|","|","|","|i..pp.1|","null","1","ET","PP","PP","2","|","|i..2:-1.000|"
"","Öst-","|förtäring|ledning|morgon|region|svampighet|","|","|öst|","|","|","|öst..nn.1|","neutral","4","CJ","NN.UTR.-.-.SMS","NN","3","|Compound=Yes|Gender=Com|","|öster..2:-1.000|"
"","och","|","|","|och|","|","|","|och..kn.1|","null","2","PA","KN","KN","4","|","|och..1:-1.000|"
"","Centraleuropa","|","|","|Centraleuropa|","|","|","|Centraleuropa..pm.1|","null","4","CJ","PM.NOM","PM","5","|Case=Nom|","|Centraleuropa..1:-1.000|"
"***","skapar","|alstring|form|förmåga|grund|gudom|skicklighet|tillvaro|verklighet|","|Intentionally_create|","|skapa|","|","|","|skapa..vb.1|","neutral","null","ROOT","VB.PRS.AKT","VB","6","|Mood=Ind|Tense=Pres|VerbForm=Fin|Voice=Act|","|skapa..1:-1.000|"
"***","förutsättningar","|antagande|betingelse|bevis|förbehåll|förhand|förhoppning|förmåga|grund|logik|omständighet|tankeämne|","|","|förutsättning|","|förut..ab.1+sättning..nn.1:4.029e-12|för..nn.1+ut..ab.1+sättning..nn.1:3.134e-21|föra..vb.1+ut..ab.1+sättning..nn.1:4.884e-22|","|förut+sättningar|för+ut+sättningar|","|förutsättning..nn.1|","neutral","6","OO","NN.UTR.PLU.IND.NOM","NN","7","|Case=Nom|Definite=Ind|Gender=Com|Number=Plur|","|förutsättning..1:-1.000|"
"***","för","|","|","|för|","|","|","|för..pp.1|","null","6","OA","PP","PP","8","|","|för..1:-1.000|för..5:-1.000|för..6:-1.000|för..7:-1.000|för..9:-1.000|"
"","det","|","|","|den|","|","|","|den..pn.1|","null","8","PA","PN.NEU.SIN.DEF.SUB+OBJ","PN","9","|Case=Acc,Nom|Definite=Def|Gender=Neut|Number=Sing|","|den..2:-1.000|"
"",".","|","|","|","|","|","|","null","6","IP","MAD","MAD","10","|","|"
"# Svenska partiprogram och valmanifest; text attributes: text_source: ""Inskannat från partiets egna tryckta material"", text_party: ""kd"", text_blingbring: ""|bekännelse:37.791|nykterhet:22.621|osjälviskhet:12.26|"", text__id: ""4587"", text_lix: ""53.17"", text_nk: ""1.90"", text_ovix: ""71.55"", text_year: ""1979"", text_type: ""Partiprogram"", text_type_id: ""p"", text_title: ""Kristen Demokratisk Samling - Partiprogram 1979"", text_swefn: ""|Institutionalization:71.148|Satisfying:63.758|People_by_religion:61.586|"", text_party_name: ""Kristdemokraterna""","","","","","","","","","","","","","","",""
"","Mindre","|avtagande|fåtal|grad|jämförelse|korthet|litenhet|minus|musik|obetydlighet|otillräcklighet|underlägsenhet|","|Size|","|liten|","|","|","|liten..av.1|","neutral","3","AT","JJ.KOM.UTR+NEU.SIN+PLU.IND+DEF.NOM","JJ","1","|Case=Nom|Definite=Def,Ind|Degree=Cmp|Gender=Com,Neut|Number=Plur,Sing|","|liten..1:-1.000|"
"","skolenheter","|","|","|skolenhet|","|skola..nn.1+enhet..nn.1:3.224e-12|skola..vb.2+enhet..nn.1:1.535e-20|","|skol+enheter|","|","null","3","CJ","NN.UTR.PLU.IND.NOM","NN","2","|Case=Nom|Definite=Ind|Gender=Com|Number=Plur|","|"
"","och","|","|","|och|","|","|","|och..kn.1|","null","5","SS","KN","KN","3","|","|och..1:-1.000|"
"","klasser","|benämning|del|förening|förnämhet|grad|inbegrepp|jämförelse|läge|omfattning|ordning|sammanhang|sammanslutning|ståndpunkt|tillstånd|undervisningsanstalt|","|Aggregate|","|klass|","|","|","|klass..nn.1|","neutral","3","CJ","NN.UTR.PLU.IND.NOM","NN","4","|Case=Nom|Definite=Ind|Gender=Com|Number=Plur|","|klass..1:0.606|klass..2:0.175|klass..5:0.103|klass..3:0.064|klass..4:0.052|"
"***","skapar","|alstring|form|förmåga|grund|gudom|skicklighet|tillvaro|verklighet|","|Intentionally_create|","|skapa|","|","|","|skapa..vb.1|","neutral","null","ROOT","VB.PRS.AKT","VB","5","|Mood=Ind|Tense=Pres|VerbForm=Fin|Voice=Act|","|skapa..1:-1.000|"
"***","förutsättningar","|antagande|betingelse|bevis|förbehåll|förhand|förhoppning|förmåga|grund|logik|omständighet|tankeämne|","|","|förutsättning|","|förut..ab.1+sättning..nn.1:4.029e-12|för..nn.1+ut..ab.1+sättning..nn.1:3.134e-21|föra..vb.1+ut..ab.1+sättning..nn.1:4.884e-22|","|förut+sättningar|för+ut+sättningar|","|förutsättning..nn.1|","neutral","5","OO","NN.UTR.PLU.IND.NOM","NN","6","|Case=Nom|Definite=Ind|Gender=Com|Number=Plur|","|förutsättning..1:-1.000|"
"***","för","|","|","|för|","|","|","|för..pp.1|","null","6","ET","PP","PP","7","|","|för..1:-1.000|för..5:-1.000|för..6:-1.000|för..7:-1.000|för..9:-1.000|"
"","en","|","|","|en|","|","|","|en..al.1|","null","11","DT","DT.UTR.SIN.IND","DT","8","|Definite=Ind|Gender=Com|Number=Sing|","|den..1:-1.000|en..2:-1.000|"
"","bättre","|dygd|fullständighet|fördel|gott|mildhet|oskuld|tillräcklighet|välvilja|","|Morality_evaluation|","|bra|god|","|","|","|bra..ab.1|bra..av.1|god..av.1|","positive","10","AA","AB.KOM","AB","9","|Degree=Cmp|","|god..1:0.877|bra..3:0.074|bra..1:0.037|god..3:0.007|bra..5:0.005|god..2:0.000|"
"","mänsklig","|medkänsla|människa|","|","|mänsklig|","|","|","|mänsklig..av.1|mänsklig..av.2|","neutral","11","AT","JJ.POS.UTR.SIN.IND.NOM","JJ","10","|Case=Nom|Definite=Ind|Degree=Pos|Gender=Com|Number=Sing|","|mänsklig..1:0.914|mänsklig..2:0.086|"
"","gemenskap","|frändskap|förbindelse|gemensamhet|samhörighet|samling|sammanslutning|samstämmighet|vänskap|","|","|gemenskap|","|gemen..av.1+skap..nn.1:9.414e-15|","|gemen+skap|","|gemenskap..nn.1|gemenskap..nn.2|","positive","7","PA","NN.UTR.SIN.IND.NOM","NN","11","|Case=Nom|Definite=Ind|Gender=Com|Number=Sing|","|gemenskap..1:0.972|gemenskap..2:0.028|"
"",".","|","|","|","|","|","|","null","5","IP","MAD","MAD","12","|","|"
"# Svenska partiprogram och valmanifest; text attributes: text_source: ""Inskannat från partiets egna tryckta material"", text_party: ""kd"", text_blingbring: ""|bekännelse:40.313|nykterhet:19.28|osjälviskhet:11.99|"", text__id: ""29fd"", text_lix: ""53.73"", text_nk: ""1.98"", text_ovix: ""69.70"", text_year: ""1984"", text_type: ""Partiprogram"", text_type_id: ""p"", text_title: ""Kristen Demokratisk Samling - Partiprogram 1984"", text_swefn: ""|Satisfying:82.767|People_by_religion:67.488|Social_care_scenario:62.968|"", text_party_name: ""Kristdemokraterna""","","","","","","","","","","","","","","",""
"","Mindre","|avtagande|fåtal|grad|jämförelse|korthet|litenhet|minus|musik|obetydlighet|otillräcklighet|underlägsenhet|","|Size|","|liten|","|","|","|liten..av.1|","neutral","3","AT","JJ.KOM.UTR+NEU.SIN+PLU.IND+DEF.NOM","JJ","1","|Case=Nom|Definite=Def,Ind|Degree=Cmp|Gender=Com,Neut|Number=Plur,Sing|","|liten..1:-1.000|"
"","skolenheter","|","|","|skolenhet|","|skola..nn.1+enhet..nn.1:3.224e-12|skola..vb.2+enhet..nn.1:1.535e-20|","|skol+enheter|","|","null","3","CJ","NN.UTR.PLU.IND.NOM","NN","2","|Case=Nom|Definite=Ind|Gender=Com|Number=Plur|","|"
"","och","|","|","|och|","|","|","|och..kn.1|","null","5","SS","KN","KN","3","|","|och..1:-1.000|"
"","klasser","|benämning|del|förening|förnämhet|grad|inbegrepp|jämförelse|läge|omfattning|ordning|sammanhang|sammanslutning|ståndpunkt|tillstånd|undervisningsanstalt|","|Aggregate|","|klass|","|","|","|klass..nn.1|","neutral","3","CJ","NN.UTR.PLU.IND.NOM","NN","4","|Case=Nom|Definite=Ind|Gender=Com|Number=Plur|","|klass..1:0.600|klass..2:0.179|klass..5:0.114|klass..3:0.060|klass..4:0.046|"
"***","skapar","|alstring|form|förmåga|grund|gudom|skicklighet|tillvaro|verklighet|","|Intentionally_create|","|skapa|","|","|","|skapa..vb.1|","neutral","null","ROOT","VB.PRS.AKT","VB","5","|Mood=Ind|Tense=Pres|VerbForm=Fin|Voice=Act|","|skapa..1:-1.000|"
"***","förutsättningar","|antagande|betingelse|bevis|förbehåll|förhand|förhoppning|förmåga|grund|logik|omständighet|tankeämne|","|","|förutsättning|","|förut..ab.1+sättning..nn.1:4.029e-12|för..nn.1+ut..ab.1+sättning..nn.1:3.134e-21|föra..vb.1+ut..ab.1+sättning..nn.1:4.884e-22|","|förut+sättningar|för+ut+sättningar|","|förutsättning..nn.1|","neutral","5","OO","NN.UTR.PLU.IND.NOM","NN","6","|Case=Nom|Definite=Ind|Gender=Com|Number=Plur|","|förutsättning..1:-1.000|"
"***","för","|","|","|för|","|","|","|för..pp.1|","null","6","ET","PP","PP","7","|","|för..1:-1.000|för..5:-1.000|för..6:-1.000|för..7:-1.000|för..9:-1.000|"
"","en","|","|","|en|","|","|","|en..al.1|","null","11","DT","DT.UTR.SIN.IND","DT","8","|Definite=Ind|Gender=Com|Number=Sing|","|den..1:-1.000|en..2:-1.000|"
"","bättre","|dygd|fullständighet|fördel|gott|mildhet|oskuld|tillräcklighet|välvilja|","|Morality_evaluation|","|bra|god|","|","|","|bra..ab.1|bra..av.1|god..av.1|","positive","10","AA","AB.KOM","AB","9","|Degree=Cmp|","|god..1:0.877|bra..3:0.074|bra..1:0.037|god..3:0.007|bra..5:0.005|god..2:0.000|"
"","mänsklig","|medkänsla|människa|","|","|mänsklig|","|","|","|mänsklig..av.1|mänsklig..av.2|","neutral","11","AT","JJ.POS.UTR.SIN.IND.NOM","JJ","10","|Case=Nom|Definite=Ind|Degree=Pos|Gender=Com|Number=Sing|","|mänsklig..1:0.926|mänsklig..2:0.074|"
"","gemenskap","|frändskap|förbindelse|gemensamhet|samhörighet|samling|sammanslutning|samstämmighet|vänskap|","|","|gemenskap|","|gemen..av.1+skap..nn.1:9.414e-15|","|gemen+skap|","|gemenskap..nn.1|gemenskap..nn.2|","positive","7","PA","NN.UTR.SIN.IND.NOM","NN","11","|Case=Nom|Definite=Ind|Gender=Com|Number=Sing|","|gemenskap..1:0.979|gemenskap..2:0.021|"
"",".","|","|","|","|","|","|","null","5","IP","MAD","MAD","12","|","|"
"# Svenska partiprogram och valmanifest; text attributes: text_source: ""Inskannat från partiets egna tryckta material"", text_party: ""kd"", text_blingbring: ""|bekännelse:40.313|nykterhet:19.28|osjälviskhet:11.99|"", text__id: ""29fd"", text_lix: ""53.73"", text_nk: ""1.98"", text_ovix: ""69.70"", text_year: ""1984"", text_type: ""Partiprogram"", text_type_id: ""p"", text_title: ""Kristen Demokratisk Samling - Partiprogram 1984"", text_swefn: ""|Satisfying:82.767|People_by_religion:67.488|Social_care_scenario:62.968|"", text_party_name: ""Kristdemokraterna""","","","","","","","","","","","","","","",""
"","*","|","|","|","|","|","|","null","3","VA","MID","MID","1","|","|"
"","Hälso-","|hälsa|liv|omständighet|tillstånd|","|Health_status|","|hälsa|","|","|","|hälsa..nn.1|","positive","3","CJ","NN.UTR.-.-.SMS","NN","2","|Compound=Yes|Gender=Com|","|hälsa..2:-1.000|"
"","och","|","|","|och|","|","|","|och..kn.1|","null","5","SS","KN","KN","3","|","|och..1:-1.000|"
"","sjukvårdsinrättningar","|","|","|sjukvårdsinrättning|","|sjukvård..nn.1+inrättning..nn.1:7.828e-14|sjukvård..nn.1+in..ab.1+rättning..nn.1:7.944e-20|sjuk..av.1+vård..nn.1+inrättning..nn.1:2.185e-20|sjuk..av.1+vård..nn.2+inrättning..nn.1:2.185e-20|sjuk..av.1+vård..nn.3+inrättning..nn.1:2.185e-20|sjuka..nn.1+vård..nn.1+inrättning..nn.1:8.094e-29|sjuka..nn.1+vård..nn.2+inrättning..nn.1:8.094e-29|sjuka..nn.1+vård..nn.3+inrättning..nn.1:8.094e-29|","|sjukvårds+inrättningar|sjukvårds+in+rättningar|sjuk+vårds+inrättningar|sjukvård+sin+rättningar|","|","null","3","CJ","NN.UTR.PLU.IND.NOM","NN","4","|Case=Nom|Definite=Ind|Gender=Com|Number=Plur|","|"
"","bör","|plikt|","|Desirable_event|","|böra|","|","|","|böra..vb.1|","neutral","null","ROOT","VB.PRS.AKT","VB","5","|Mood=Ind|Tense=Pres|VerbForm=Fin|Voice=Act|","|böra..1:-1.000|"
"","lokaliseras","|lägebestämning|","|Locating|","|lokalisera|","|","|","|lokalisera..vb.1|","null","5","VG","VB.INF.SFO","VB","6","|VerbForm=Inf|Voice=Pass|","|lokalisera..1:0.423|lokalisera..3:0.401|lokalisera..2:0.176|"
"","så","|metod|omständighet|","|Sufficiency|","|så|","|","|","|så..ab.1|","null","6","AA","AB","AB","7","|","|så..1:-1.000|"
"","att","|","|","|att|","|","|","|att..sn.1|","null","6","KA","SN","SN","8","|","|att..1:-1.000|"
"","de","|","|","|de|","|","|","|de..pn.1|","null","10","SS","PN.UTR+NEU.PLU.DEF.SUB","PN","9","|Case=Nom|Definite=Def|Gender=Com,Neut|Number=Plur|","|de..1:-1.000|"
"","ger","|bortgivande|fullbordan|ogillande|tvedräkt|","|Giving|","|ge|","|","|","|ge..vb.1|","neutral","8","UA","VB.PRS.AKT","VB","10","|Mood=Ind|Tense=Pres|VerbForm=Fin|Voice=Act|","|ge..1:0.687|givas..1:0.313|"
"","närhet","|anslutning|närhet|samhörighet|tillstädesvaro|","|","|närhet|","|","|","|närhet..nn.1|","neutral","12","CJ","NN.UTR.SIN.IND.NOM","NN","11","|Case=Nom|Definite=Ind|Gender=Com|Number=Sing|","|närhet..1:-1.000|"
"","och","|","|","|och|","|","|","|och..kn.1|","null","10","OO","KN","KN","12","|","|och..1:-1.000|"
"","trygghet","|försvar|förvaring|kvarhållande|skydd|säkerhet|","|Being_at_risk|","|trygghet|","|","|","|trygghet..nn.1|trygghet..nn.2|","positive","12","CJ","NN.UTR.SIN.IND.NOM","NN","13","|Case=Nom|Definite=Ind|Gender=Com|Number=Sing|","|trygghet..1:0.996|trygghet..2:0.004|"
"","samt","|","|","|samt|","|","|","|samt..kn.1|","null","8","UA","KN","KN","14","|","|samt..1:-1.000|"
"***","skapar","|alstring|form|förmåga|grund|gudom|skicklighet|tillvaro|verklighet|","|Intentionally_create|","|skapa|","|","|","|skapa..vb.1|","neutral","14","+F","VB.PRS.AKT","VB","15","|Mood=Ind|Tense=Pres|VerbForm=Fin|Voice=Act|","|skapa..1:-1.000|"
"***","förutsättningar","|antagande|betingelse|bevis|förbehåll|förhand|förhoppning|förmåga|grund|logik|omständighet|tankeämne|","|","|förutsättning|","|förut..ab.1+sättning..nn.1:4.029e-12|för..nn.1+ut..ab.1+sättning..nn.1:3.134e-21|föra..vb.1+ut..ab.1+sättning..nn.1:4.884e-22|","|förut+sättningar|för+ut+sättningar|","|förutsättning..nn.1|","neutral","15","OO","NN.UTR.PLU.IND.NOM","NN","16","|Case=Nom|Definite=Ind|Gender=Com|Number=Plur|","|förutsättning..1:-1.000|"
"***","för","|","|","|för|","|","|","|för..pp.1|","null","15","OA","PP","PP","17","|","|för..1:-1.000|för..5:-1.000|för..6:-1.000|för..7:-1.000|för..9:-1.000|"
"","personlig","|helhet|inre_väsen|människa|särskildhet|","|","|personlig|","|","|per+sonlig|","|personlig..av.1|","neutral","19","AT","JJ.POS.UTR.SIN.IND.NOM","JJ","18","|Case=Nom|Definite=Ind|Degree=Pos|Gender=Com|Number=Sing|","|personlig..1:0.996|personlig..2:0.004|"
"","omsorg","|anskaffning|ansträngning|arbete|beredelse|förstånd|förutseende|förvaring|hjälp|omsorg|redlighet|sparsamhet|","|","|omsorg|","|om..ab.1+sorg..nn.1:2.310e-10|om..nn.1+sorg..nn.1:6.218e-19|","|om+sorg|","|omsorg..nn.1|","positive","17","PA","NN.UTR.SIN.IND.NOM","NN","19","|Case=Nom|Definite=Ind|Gender=Com|Number=Sing|","|omsorg..1:-1.000|"
"","om","|","|","|om|","|","|","|om..pp.1|","null","19","ET","PP","PP","20","|","|om..1:-1.000|om..5:-1.000|"
"","varje","|","|","|","|","|","|","null","22","DT","DT.UTR+NEU.SIN.IND","DT","21","|Definite=Ind|Gender=Com,Neut|Number=Sing|","|"
"","patient","|ohälsa|","|People_by_disease|","|patient|","|","|","|patient..nn.1|","neutral","20","PA","NN.UTR.SIN.IND.NOM","NN","22","|Case=Nom|Definite=Ind|Gender=Com|Number=Sing|","|patient..1:-1.000|"
"",".","|","|","|","|","|","|","null","5","IP","MAD","MAD","23","|","|"
"# Svenska partiprogram och valmanifest; text attributes: text_source: ""Inskannat från partiets egna tryckta material"", text_party: ""kd"", text_blingbring: ""|parallellism:15.726|bekännelse:13.393|obotfärdighet:8.243|"", text__id: ""338d"", text_lix: ""54.15"", text_nk: ""2.03"", text_ovix: ""78.50"", text_year: ""1987"", text_type: ""Partiprogram"", text_type_id: ""p"", text_title: ""Kristdemokratiska Samhällspartiet - Partiprogram 1987"", text_swefn: ""|Institutionalization:107.58|Justifying:62.266|Seeking_to_achieve:55.103|"", text_party_name: ""Kristdemokraterna""","","","","","","","","","","","","","","",""
"","Större","|betydenhet|grad|jämförelse|medelmåttighet|musik|mängd|storhet|utvidgning|viktighet|överlägsenhet|","|Size|","|stor|","|","|","|stor..av.1|","neutral","2","AT","JJ.KOM.UTR+NEU.SIN+PLU.IND+DEF.NOM","JJ","1","|Case=Nom|Definite=Def,Ind|Degree=Cmp|Gender=Com,Neut|Number=Plur,Sing|","|stor..1:-1.000|"
"","vikt","|anseende|betydelse|fördelning|förhand|förmåga|grad|inflytande|myndighet|penningväsen|storhet|tyngd|uppskattning|uttrycksfullhet|viktighet|överlägsenhet|","|Dimension|","|vikt|","|","|","|vikt..nn.1|","neutral","3","SS","NN.UTR.SIN.IND.NOM","NN","2","|Case=Nom|Definite=Ind|Gender=Com|Number=Sing|","|vikt..1:0.972|vikt..3:0.018|vikt..2:0.010|"
"","skall","|beredelse|bestämmelse|bundenhet|förfarande|handledning|ledning|ofrivillighet|plikt|skicklighet|undervisningsanstalt|","|Desirable_event|","|skola|","|","|","|skola..vb.2|","neutral","null","ROOT","VB.PRS.AKT","VB","3","|Mood=Ind|Tense=Pres|VerbForm=Fin|Voice=Act|","|skola..4:-1.000|"
"","läggas","|lägebestämning|uppvärmning|utjämning|vågräthet|","|","|lägga|","|","|","|lägga..vb.1|","neutral","3","VG","VB.INF.SFO","VB","4","|VerbForm=Inf|Voice=Pass|","|lägga..1:0.959|lägga..2:0.039|lägga..3:0.002|"
"","vid","|","|","|vid|","|","|","|vid..pp.1|","null","4","OA","PP","PP","5","|","|vid..1:-1.000|"
"","att","|","|","|att|","|","|","|att..sn.1|","null","5","PA","SN","SN","6","|","|att..1:-1.000|"
"","biståndet","|bortgivande|fördel|hjälp|nytta|sammanslutning|verksamhet|välvilja|","|Assistance|","|bistånd|","|bi..nn.1+stånd..nn.1:8.330e-13|bi..nn.1+stånd..nn.2:8.330e-13|bi..av.1+stånd..nn.1:2.547e-21|bi..av.1+stånd..nn.2:2.547e-21|","|bi+ståndet|","|bistånd..nn.1|","positive","8","SS","NN.NEU.SIN.DEF.NOM","NN","7","|Case=Nom|Definite=Def|Gender=Neut|Number=Sing|","|bistånd..1:-1.000|"
"","leder","|benägenhet|betydelse|förhand|grund|handledning|ledning|ljushuvud|mjukhet|myndighet|verksamhet|vikning|överensstämmelse|överföring|","|Cotheme|","|leda|","|","|","|leda..vb.1|","neutral","11","MS","VB.PRS.AKT","VB","8","|Mood=Ind|Tense=Pres|VerbForm=Fin|Voice=Act|","|leda..7:0.915|leda..1:0.044|leda..8:0.013|leda..5:0.012|leda..2:0.010|leda..6:0.007|"
"","till","|","|","|till|","|","|","|till..pp.1|","null","8","OA","PP","PP","9","|","|till..1:-1.000|"
"","utjämning","|betalning|fredsslut|jämnhet|kompromiss|likformighet|mellangrad|utjämning|","|","|utjämning|","|","|","|utjämning..nn.1|","null","9","PA","NN.UTR.SIN.IND.NOM","NN","10","|Case=Nom|Definite=Ind|Gender=Com|Number=Sing|","|utjämning..1:-1.000|"
"","och","|","|","|och|","|","|","|och..kn.1|","null","6","UA","KN","KN","11","|","|och..1:-1.000|"
"***","skapar","|alstring|form|förmåga|grund|gudom|skicklighet|tillvaro|verklighet|","|Intentionally_create|","|skapa|","|","|","|skapa..vb.1|","neutral","11","+F","VB.PRS.AKT","VB","12","|Mood=Ind|Tense=Pres|VerbForm=Fin|Voice=Act|","|skapa..1:-1.000|"
"***","förutsättningar","|antagande|betingelse|bevis|förbehåll|förhand|förhoppning|förmåga|grund|logik|omständighet|tankeämne|","|","|förutsättning|","|förut..ab.1+sättning..nn.1:4.029e-12|för..nn.1+ut..ab.1+sättning..nn.1:3.134e-21|föra..vb.1+ut..ab.1+sättning..nn.1:4.884e-22|","|förut+sättningar|för+ut+sättningar|","|förutsättning..nn.1|","neutral","12","OO","NN.UTR.PLU.IND.NOM","NN","13","|Case=Nom|Definite=Ind|Gender=Com|Number=Plur|","|förutsättning..1:-1.000|"
"***","för","|","|","|för|","|","|","|för..pp.1|","null","12","OA","PP","PP","14","|","|för..1:-1.000|för..5:-1.000|för..6:-1.000|för..7:-1.000|för..9:-1.000|"
"","demokratisk","|plebej|","|","|demokratisk|","|","|","|demokratisk..av.1|","positive","17","AT","JJ.POS.UTR.SIN.IND.NOM","JJ","15","|Case=Nom|Definite=Ind|Degree=Pos|Gender=Com|Number=Sing|","|demokratisk..1:-1.000|"
"","utveckling","|alstring|avhandling|avslöjning|betydelse|fortgång|fortsättning|framåtskridande|fråga|följd|fördel|förfarande|ofullständighet|omdöme|rörelse|tilltagande|uttydning|utvidgning|övergång|","|Cause_to_make_progress|","|utveckling|","|","|","|utveckling..nn.1|","neutral","17","CJ","NN.UTR.SIN.IND.NOM","NN","16","|Case=Nom|Definite=Ind|Gender=Com|Number=Sing|","|utveckling..1:1.000|utveckling..2:0.000|"
"","och","|","|","|och|","|","|","|och..kn.1|","null","14","PA","KN","KN","17","|","|och..1:-1.000|"
"","oberoende","|frihet|rikedom|saknad_av_samhörighet|","|","|oberoende|","|","|","|oberoende..nn.1|","neutral","17","CJ","NN.NEU.SIN.IND.NOM","NN","18","|Case=Nom|Definite=Ind|Gender=Neut|Number=Sing|","|oberoende..2:-1.000|"
"",".","|","|","|","|","|","|","null","3","IP","MAD","MAD","19","|","|"
"# Svenska partiprogram och valmanifest; text attributes: text_source: ""Hämtat från partiets officiella hemsida."", text_party: ""kd"", text_blingbring: ""|bekännelse:12.982|osjälviskhet:9.626|fortgång:9.425|"", text__id: ""db52"", text_lix: ""53.19"", text_nk: ""2.05"", text_ovix: ""71.77"", text_year: ""1993"", text_type: ""Principprogram"", text_type_id: ""c"", text_title: ""Principprogram för gemenskap och människovärde"", text_swefn: ""|Satisfying:66.751|Entity_specific_change_of_state:51.081|Seeking_to_achieve:38.153|"", text_party_name: ""Kristdemokraterna""","","","","","","","","","","","","","","",""
"","Dessa","|","|","|denna|","|","|","|denna..pn.1|","null","2","DT","DT.UTR+NEU.PLU.DEF","DT","1","|Definite=Def|Gender=Com,Neut|Number=Plur|","|denna..1:-1.000|"
"","grundtankar","|planmässighet|viktighet|","|","|grundtanke|","|grund..nn.1+tank..nn.1:5.038e-09|grund..nn.1+tank..nn.2:5.038e-09|grund..nn.1+tanke..nn.1:5.038e-09|grund..nn.2+tank..nn.1:5.038e-09|grund..nn.2+tank..nn.2:5.038e-09|grund..nn.2+tanke..nn.1:5.038e-09|grund..av.1+tank..nn.1:1.236e-12|grund..av.1+tank..nn.2:1.236e-12|grund..av.1+tanke..nn.1:1.236e-12|grunda..vb.1+tank..nn.1:9.796e-20|grunda..vb.1+tank..nn.2:9.796e-20|grunda..vb.1+tanke..nn.1:9.796e-20|grunda..vb.2+tank..nn.1:9.796e-20|grunda..vb.2+tank..nn.2:9.796e-20|grunda..vb.2+tanke..nn.1:9.796e-20|grund..nn.1+tana..nn.1+kar..nn.1:9.126e-18|grund..nn.2+tana..nn.1+kar..nn.1:9.126e-18|grund..av.1+tana..nn.1+kar..nn.1:5.857e-21|grunda..vb.1+tana..nn.1+kar..nn.1:3.999e-28|grunda..vb.2+tana..nn.1+kar..nn.1:3.999e-28|","|grund+tankar|grund+tan+kar|","|grundtanke..nn.1|","null","3","SS","NN.UTR.PLU.IND.NOM","NN","2","|Case=Nom|Definite=Ind|Gender=Com|Number=Plur|","|grundtanke..1:-1.000|"
"***","skapar","|alstring|form|förmåga|grund|gudom|skicklighet|tillvaro|verklighet|","|Intentionally_create|","|skapa|","|","|","|skapa..vb.1|","neutral","null","ROOT","VB.PRS.AKT","VB","3","|Mood=Ind|Tense=Pres|VerbForm=Fin|Voice=Act|","|skapa..1:-1.000|"
"***","förutsättningar","|antagande|betingelse|bevis|förbehåll|förhand|förhoppning|förmåga|grund|logik|omständighet|tankeämne|","|","|förutsättning|","|förut..ab.1+sättning..nn.1:4.029e-12|för..nn.1+ut..ab.1+sättning..nn.1:3.134e-21|föra..vb.1+ut..ab.1+sättning..nn.1:4.884e-22|","|förut+sättningar|för+ut+sättningar|","|förutsättning..nn.1|","neutral","3","OO","NN.UTR.PLU.IND.NOM","NN","4","|Case=Nom|Definite=Ind|Gender=Com|Number=Plur|","|förutsättning..1:-1.000|"
"***","för","|","|","|för|","|","|","|för..pp.1|","null","4","ET","PP","PP","5","|","|för..1:-1.000|för..5:-1.000|för..6:-1.000|för..7:-1.000|för..9:-1.000|"
"","ett","|","|","|en|","|","|","|en..al.1|","null","10","DT","DT.NEU.SIN.IND","DT","6","|Definite=Ind|Gender=Neut|Number=Sing|","|den..1:-1.000|en..2:-1.000|"
"","mångsidigt","|hakformighet|kunnighet|månggestaltning|sidoläge|åtskillnad|","|Diversity|","|mångsidig|","|mång..sxc.1+sidig..avh.1:7.392e-16|","|mång+sidigt|","|mångsidig..av.1|","null","8","CJ","JJ.POS.NEU.SIN.IND.NOM","JJ","7","|Case=Nom|Definite=Ind|Degree=Pos|Gender=Neut|Number=Sing|","|mångsidig..1:-1.000|"
"","och","|","|","|och|","|","|","|och..kn.1|","null","10","AT","KN","KN","8","|","|och..1:-1.000|"
"","solidariskt","|förbindelse|","|","|solidarisk|","|solid..av.1+arisk..av.1:4.675e-15|sol..nn.1+id..nn.1+arisk..av.1:6.662e-21|sol..nn.1+id..nn.2+arisk..av.1:6.662e-21|sol..nn.1+id..nn.3+arisk..av.1:6.662e-21|sol..nn.2+id..nn.1+arisk..av.1:6.662e-21|sol..nn.2+id..nn.2+arisk..av.1:6.662e-21|sol..nn.2+id..nn.3+arisk..av.1:6.662e-21|so..nn.1+lid..nn.1+arisk..av.1:1.408e-21|so..nn.1+lida..vb.1+arisk..av.1:2.611e-28|sola..vb.1+id..nn.1+arisk..av.1:3.877e-30|sola..vb.1+id..nn.2+arisk..av.1:3.877e-30|sola..vb.1+id..nn.3+arisk..av.1:3.877e-30|","|solid+ariskt|sol+id+ariskt|so+lid+ariskt|","|solidarisk..av.1|","positive","8","CJ","JJ.POS.NEU.SIN.IND.NOM","JJ","9","|Case=Nom|Definite=Ind|Degree=Pos|Gender=Neut|Number=Sing|","|solidarisk..1:-1.000|"
"","samhälle","|förbindelse|förening|människa|","|","|samhälle|","|","|","|samhälle..nn.1|","neutral","5","PA","NN.NEU.SIN.IND.NOM","NN","10","|Case=Nom|Definite=Ind|Gender=Neut|Number=Sing|","|samhälle..1:0.987|samhälle..2:0.013|"
"",",","|","|","|","|","|","|","null","10","IK","MID","MID","11","|","|"
"","där","|","|","|där|","|","|","|där..ab.1|","null","15","RA","HA","HA","12","|","|där..1:-1.000|"
"","människans","|människa|","|People|","|människa|","|","|människa+ns|","|människa..nn.1|","neutral","14","DT","NN.UTR.SIN.DEF.GEN","NN","13","|Case=Gen|Definite=Def|Gender=Com|Number=Sing|","|människa..1:-1.000|"
"","behov","|fattigdom|förnödenhet|åtrå|","|Being_necessary|","|behov|","|","|","|behov..nn.1|","neutral","15","SS","NN.NEU.SIN.IND.NOM","NN","14","|Case=Nom|Definite=Ind|Gender=Neut|Number=Sing|","|behov..1:-1.000|"
"","får","|förvärv|mottagande|","|Receiving|","|få|","|","|","|få..vb.1|","positive","10","ET","VB.PRS.AKT","VB","15","|Mood=Ind|Tense=Pres|VerbForm=Fin|Voice=Act|","|få..1:0.823|få..3:0.177|"
"","komma","|ankomst|följd|långsamhet|slump|tidsförhållande|övergång|överlägsenhet|","|Arriving|","|komma|","|","|","|komma..vb.1|","neutral","15","VG","VB.INF.AKT","VB","16","|VerbForm=Inf|Voice=Act|","|komma..1:0.737|komma..3:0.263|"
"","till","|","|","|till|","|","|","|till..pp.1|","null","16","PL","PP","PP","17","|","|till..1:-1.000|"
"","uttryck","|benämning|betydelse|fras|ord|tal|talröst|","|Encoding|","|uttryck|","|ut..ab.1+tryck..nn.1:2.117e-09|ut..ab.1+tryck..nn.2:2.117e-09|","|ut+tryck|","|uttryck..nn.1|","neutral","17","HD","NN.NEU.SIN.IND.NOM","NN","18","|Case=Nom|Definite=Ind|Gender=Neut|Number=Sing|","|uttryck..1:0.949|uttryck..2:0.050|uttryck..3:0.000|"
"",",","|","|","|","|","|","|","null","16","IK","MID","MID","19","|","|"
"","både","|","|","|både_och|","|","|","|både_och..knm.1|","null","24","VA","KN","KN","20","|","|både_och..1:-1.000|"
"","socialt","|gemensamhet|människa|","|","|social|","|","|","|social..av.1|","neutral","22","CJ","AB.POS","AB","21","|Degree=Pos|","|social..1:0.807|social..2:0.193|"
"","och","|","|","|och|både_och:20|","|","|","|och..kn.1|både_och..knm.1:20|","null","24","CJ","KN","KN","22","|","|både_och..1:20:-1.000|och..1:-1.000|"
"","individuellt","|beteckning|ental|människa|särskildhet|verklighet|","|","|individuell|","|","|","|individuell..av.1|","neutral","22","CJ","AB.POS","AB","23","|Degree=Pos|","|individuell..1:-1.000|"
"",",","|","|","|","|","|","|","null","16","OP","MID","MID","24","|","|"
"","andligt","|förnuft|inre_väsen|okroppslighet|prästerskap|religiositet|","|","|andlig|","|","|","|andlig..av.1|","null","24","CJ","AB.POS","AB","25","|Degree=Pos|","|andlig..1:-1.000|"
"","såväl","|","|","|såväl_som|","|","|","|såväl_som..knm.1|","null","24","CJ","KN","KN","26","|","|såväl_som..1:-1.000|"
"","som","|","|","|såväl_som:26|","|","|","|såväl_som..knm.1:26|","null","24","CJ","KN","KN","27","|","|såväl_som..1:26:-1.000|"
"","materiellt","|kroppslighet|verklighet|","|","|materiell|","|","|","|materiell..av.1|","null","27","UA","AB.POS","AB","28","|Degree=Pos|","|materiell..1:-1.000|"
"",".","|","|","|","|","|","|","null","3","IP","MAD","MAD","29","|","|"
"# Svenska partiprogram och valmanifest; text attributes: text_source: ""Hämtat från partiets officiella hemsida."", text_party: ""kd"", text_blingbring: ""|rabatt:9.63|skyddsmedel:7.37|huvuddel:7.185|"", text__id: ""ba76"", text_lix: ""51.17"", text_nk: ""2.01"", text_ovix: ""84.16"", text_year: ""1998"", text_type: ""Valmanifest - Riksdagsval"", text_type_id: ""v"", text_title: ""Valmanifest för ett tryggare och friare Sverige"", text_swefn: ""|Make_possible_to_do:55.341|Preventing:43.157|Reforming_a_system:37.788|"", text_party_name: ""Kristdemokraterna""","","","","","","","","","","","","","","",""
"","Flexibel","|grammatik|","|","|flexibel|","|","|","|flexibel..av.1|","neutral","3","AT","JJ.POS.UTR.SIN.IND.NOM","JJ","1","|Case=Nom|Definite=Ind|Degree=Pos|Gender=Com|Number=Sing|","|flexibel..1:0.911|flexibel..2:0.089|"
"","skolstart","|","|","|skolstart|","|skola..nn.1+start..nn.1:1.301e-11|skola..vb.2+start..nn.1:6.195e-20|","|skol+start|","|","null","3","CJ","NN.UTR.SIN.IND.NOM","NN","2","|Case=Nom|Definite=Ind|Gender=Com|Number=Sing|","|"
"","och","|","|","|och|","|","|","|och..kn.1|","null","12","SS","KN","KN","3","|","|och..1:-1.000|"
"","möjlighet","|bestämmelse|förmåga|läglighet|lämplighet|lättvindighet|möjlighet|slump|","|Possibility|","|möjlighet|","|","|","|möjlighet..nn.1|","positive","3","CJ","NN.UTR.SIN.IND.NOM","NN","4","|Case=Nom|Definite=Ind|Gender=Com|Number=Sing|","|möjlighet..1:-1.000|"
"","att","|","|","|att|","|","|","|att..sn.1|","null","4","ET","IE","IE","5","|","|att..1:-1.000|"
"","utnyttja","|förbrukning|förvärv|nytta|verksamhet|","|Using_resource|","|utnyttja|","|ut..ab.1+nyttja..vb.1:5.002e-10|","|ut+nyttja|","|utnyttja..vb.1|","neutral","5","IF","VB.INF.AKT","VB","6","|VerbForm=Inf|Voice=Act|","|utnyttja..1:-1.000|"
"","ett","|","|","|en|","|","|","|en..al.1|","null","9","DT","DT.NEU.SIN.IND","DT","7","|Definite=Ind|Gender=Neut|Number=Sing|","|den..1:-1.000|en..2:-1.000|"
"","tionde","|","|","|","|","|","|","null","9","DT","RO.NOM","RO","8","|Case=Nom|","|"
"","år","|period|tid|","|Calendric_unit|","|år|","|","|","|år..nn.1|","neutral","6","OO","NN.NEU.SIN.IND.NOM","NN","9","|Case=Nom|Definite=Ind|Gender=Neut|Number=Sing|","|år..1:-1.000|"
"","i","|","|","|i|","|","|","|i..pp.1|","null","6","RA","PP","PP","10","|","|i..2:-1.000|"
"","grundskolan","|","|Education_teaching|","|grundskola|","|grund..nn.1+skola..nn.1:1.078e-08|grund..nn.2+skola..nn.1:1.078e-08|grund..av.1+skola..nn.1:2.644e-12|grunda..vb.1+skola..nn.1:2.096e-19|grunda..vb.2+skola..nn.1:2.096e-19|grund..nn.1+sko..nn.1+lan..nn.1:4.692e-17|grund..nn.2+sko..nn.1+lan..nn.1:4.692e-17|grund..nn.1+sko..vb.1+lan..nn.1:4.419e-20|grund..nn.2+sko..vb.1+lan..nn.1:4.419e-20|grund..av.1+sko..nn.1+lan..nn.1:3.011e-20|grund..av.1+sko..vb.1+lan..nn.1:3.733e-26|grunda..vb.1+sko..nn.1+lan..nn.1:2.056e-27|grunda..vb.2+sko..nn.1+lan..nn.1:2.056e-27|grunda..vb.1+sko..vb.1+lan..nn.1:7.782e-30|grunda..vb.2+sko..vb.1+lan..nn.1:7.782e-30|","|grund+skolan|grund+sko+lan|","|grundskola..nn.1|","neutral","10","PA","NN.UTR.SIN.DEF.NOM","NN","11","|Case=Nom|Definite=Def|Gender=Com|Number=Sing|","|grundskola..1:-1.000|"
"***","skapar","|alstring|form|förmåga|grund|gudom|skicklighet|tillvaro|verklighet|","|Intentionally_create|","|skapa|","|","|","|skapa..vb.1|","neutral","null","ROOT","VB.PRS.AKT","VB","12","|Mood=Ind|Tense=Pres|VerbForm=Fin|Voice=Act|","|skapa..1:-1.000|"
"***","förutsättningar","|antagande|betingelse|bevis|förbehåll|förhand|förhoppning|förmåga|grund|logik|omständighet|tankeämne|","|","|förutsättning|","|förut..ab.1+sättning..nn.1:4.029e-12|för..nn.1+ut..ab.1+sättning..nn.1:3.134e-21|föra..vb.1+ut..ab.1+sättning..nn.1:4.884e-22|","|förut+sättningar|för+ut+sättningar|","|förutsättning..nn.1|","neutral","12","OO","NN.UTR.PLU.IND.NOM","NN","13","|Case=Nom|Definite=Ind|Gender=Com|Number=Plur|","|förutsättning..1:-1.000|"
"***","för","|","|","|för|","|","|","|för..pp.1|","null","13","ET","PP","PP","14","|","|för..1:-1.000|för..5:-1.000|för..6:-1.000|för..7:-1.000|för..9:-1.000|"
"","att","|","|","|att|","|","|","|att..sn.1|","null","14","PA","SN","SN","15","|","|att..1:-1.000|"
"","alla","|","|","|all|","|","|","|all..pn.1|","null","17","SS","PN.UTR+NEU.PLU.IND.SUB+OBJ","PN","16","|Case=Acc,Nom|Definite=Ind|Gender=Com,Neut|Number=Plur|","|all..1:-1.000|"
"","ska","|beredelse|bestämmelse|bundenhet|förfarande|handledning|ledning|ofrivillighet|plikt|skicklighet|undervisningsanstalt|","|Desirable_event|","|skola|","|","|","|skola..vb.2|","neutral","14","UA","VB.PRS.AKT","VB","17","|Mood=Ind|Tense=Pres|VerbForm=Fin|Voice=Act|","|skola..4:-1.000|"
"","kunna","|förmåga|kunnighet|skicklighet|styrka|","|Capability|","|kunna|","|","|","|kunna..vb.1|","neutral","17","VG","VB.INF.AKT","VB","18","|VerbForm=Inf|Voice=Act|","|kunna..1:0.883|kunna..4:0.057|kunna..3:0.054|kunna..2:0.006|"
"","uppnå","|ankomst|besittningstagande|framgång|fullbordan|jämnhet|lättvindighet|närmande|","|Accomplishment|","|uppnå|","|upp..ab.1+nå..vb.1:7.289e-09|","|upp+nå|","|uppnå..vb.1|","neutral","18","VG","VB.INF.AKT","VB","19","|VerbForm=Inf|Voice=Act|","|uppnå..1:-1.000|"
"","läroplanens","|","|","|läroplan|","|lära..nn.1+plan..nn.1:1.367e-15|lära..nn.1+plan..nn.2:1.367e-15|lära..nn.1+plan..nn.3:1.367e-15|läroplan..nn.1+n..nn.1:3.456e-20|lä..nn.1+ro..nn.1+plan..nn.1:9.886e-19|lä..nn.1+ro..nn.1+plan..nn.2:9.886e-19|lä..nn.1+ro..nn.1+plan..nn.3:9.886e-19|lä..nn.1+ro..nn.2+plan..nn.1:9.886e-19|lä..nn.1+ro..nn.2+plan..nn.2:9.886e-19|lä..nn.1+ro..nn.2+plan..nn.3:9.886e-19|lä..nn.1+ro..nn.3+plan..nn.1:9.886e-19|lä..nn.1+ro..nn.3+plan..nn.2:9.886e-19|lä..nn.1+ro..nn.3+plan..nn.3:9.886e-19|lä..nn.1+ro..vb.1+plan..nn.1:4.880e-22|lä..nn.1+ro..vb.1+plan..nn.2:4.880e-22|lä..nn.1+ro..vb.1+plan..nn.3:4.880e-22|lä..nn.1+rop..nn.1+lan..nn.1:1.039e-22|lära..nn.1+plan..nn.1+n..nn.1:1.389e-29|lä..nn.1+ropa..vb.1+lan..nn.1:1.544e-32|","|läro+planens|läroplane+ns|lä+ro+planens|lä+rop+lanens|läro+plane+ns|","|läroplan..nn.1|","null","21","DT","NN.UTR.SIN.DEF.GEN","NN","20","|Case=Gen|Definite=Def|Gender=Com|Number=Sing|","|läroplan..1:-1.000|"
"","mål","|ankomst|arbete|domstolsförhandling|fördelning|förtäring|grad|göromål|slut|språk|syfte|tal|uppskattning|","|","|mål|","|","|","|mål..nn.1|","neutral","19","OO","NN.NEU.SIN.IND.NOM","NN","21","|Case=Nom|Definite=Ind|Gender=Neut|Number=Sing|","|mål..7:1.000|mål..1:0.000|mål..5:0.000|mål..3:0.000|mål..6:0.000|mål..4:0.000|mål..2:0.000|"
"",".","|","|","|","|","|","|","null","12","IP","MAD","MAD","22","|","|"
"# Svenska partiprogram och valmanifest; text attributes: text_source: ""Hämtat från partiets officiella hemsida."", text_party: ""kd"", text_blingbring: ""|bekännelse:14.178|gravyrkonst:9.717|gemensamhet:8.332|"", text__id: ""5564"", text_lix: ""52.37"", text_nk: ""1.71"", text_ovix: ""69.28"", text_year: ""2001"", text_type: ""Principprogram"", text_type_id: ""c"", text_title: ""Kristdemokraternas principprogram 2001"", text_swefn: ""|Preventing:34.033|Execute_plan:29.297|Satisfying:28.721|"", text_party_name: ""Kristdemokraterna""","","","","","","","","","","","","","","",""
"","Bäst","|dygd|fullständighet|fördel|gott|mildhet|oskuld|tillräcklighet|välvilja|","|Morality_evaluation|","|bra|bäst|god|","|","|","|bra..ab.1|bra..av.1|bäst..av.1|god..av.1|","positive","2","AA","AB.SUV","AB","1","|Degree=Sup|","|god..1:0.598|bra..1:0.119|bra..3:0.110|bäst..1:0.085|god..3:0.076|bra..5:0.012|god..2:0.001|"
"","görs","|anvisning|arbete|bekräftelse|bevis|göromål|räkning|viktighet|","|Intentionally_act|","|göra|","|","|","|göra..vb.1|","neutral","null","ROOT","VB.PRS.SFO","VB","2","|Mood=Ind|Tense=Pres|VerbForm=Fin|Voice=Pass|","|göra..1:0.747|göra..2:0.238|göra..3:0.015|"
"","detta","|","|","|denna|","|","|","|denna..pn.1|","null","2","SS","PN.NEU.SIN.DEF.SUB+OBJ","PN","3","|Case=Acc,Nom|Definite=Def|Gender=Neut|Number=Sing|","|denna..1:-1.000|"
"","genom","|","|","|genom|","|","|","|genom..pp.1|","null","2","AA","PP","PP","4","|","|genom..1:-1.000|genom..3:-1.000|"
"","att","|","|","|att|","|","|","|att..sn.1|","null","4","PA","SN","SN","5","|","|att..1:-1.000|"
"","EUländerna","|","|","|","|","|","|","null","7","SS","NN.NEU.PLU.DEF.NOM","NN","6","|Case=Nom|Definite=Def|Gender=Neut|Number=Plur|","|"
"***","skapar","|alstring|form|förmåga|grund|gudom|skicklighet|tillvaro|verklighet|","|Intentionally_create|","|skapa|","|","|","|skapa..vb.1|","neutral","5","UA","VB.PRS.AKT","VB","7","|Mood=Ind|Tense=Pres|VerbForm=Fin|Voice=Act|","|skapa..1:-1.000|"
"***","förutsättningar","|antagande|betingelse|bevis|förbehåll|förhand|förhoppning|förmåga|grund|logik|omständighet|tankeämne|","|","|förutsättning|","|förut..ab.1+sättning..nn.1:4.029e-12|för..nn.1+ut..ab.1+sättning..nn.1:3.134e-21|föra..vb.1+ut..ab.1+sättning..nn.1:4.884e-22|","|förut+sättningar|för+ut+sättningar|","|förutsättning..nn.1|","neutral","7","OO","NN.UTR.PLU.IND.NOM","NN","8","|Case=Nom|Definite=Ind|Gender=Com|Number=Plur|","|förutsättning..1:-1.000|"
"***","för","|","|","|för|","|","|","|för..pp.1|","null","8","ET","PP","PP","9","|","|för..1:-1.000|för..5:-1.000|för..6:-1.000|för..7:-1.000|för..9:-1.000|"
"","livslångt","|storhet|","|","|livslång|","|liv..nn.1+lång..av.1:4.967e-11|livs..nn.1+lång..av.1:4.967e-11|livs..av.1+lång..av.1:2.689e-19|","|livs+långt|","|livslång..av.1|","null","11","AT","JJ.POS.NEU.SIN.IND.NOM","JJ","10","|Case=Nom|Definite=Ind|Degree=Pos|Gender=Neut|Number=Sing|","|livslång..1:-1.000|"
"","lärande","|","|Coming_to_believe|","|lärande|","|lära..vb.1+ande..nn.1:1.094e-11|lära..nn.1+ande..nn.1:1.477e-19|","|lär+ande|","|lärande..nn.1|","neutral","12","CJ","NN.NEU.SIN.IND.NOM","NN","11","|Case=Nom|Definite=Ind|Gender=Neut|Number=Sing|","|lärande..1:0.998|lärande..2:0.002|"
"","och","|","|","|och|","|","|","|och..kn.1|","null","9","PA","KN","KN","12","|","|och..1:-1.000|"
"","en","|","|","|en|","|","|","|en..al.1|","null","16","DT","DT.UTR.SIN.IND","DT","13","|Definite=Ind|Gender=Com|Number=Sing|","|den..1:-1.000|en..2:-1.000|"
"","dynamisk","|infall|","|Dynamism|","|dynamisk|","|","|","|dynamisk..av.1|","null","16","AT","JJ.POS.UTR.SIN.IND.NOM","JJ","14","|Case=Nom|Definite=Ind|Degree=Pos|Gender=Com|Number=Sing|","|dynamisk..1:-1.000|"
"","ekonomisk","|anskaffning|förfarande|ledning|skicklighet|sparsamhet|","|Economy|","|ekonomisk|","|","|","|ekonomisk..av.1|ekonomisk..av.2|","neutral","16","AT","JJ.POS.UTR.SIN.IND.NOM","JJ","15","|Case=Nom|Definite=Ind|Degree=Pos|Gender=Com|Number=Sing|","|ekonomisk..1:0.986|ekonomisk..3:0.012|ekonomisk..2:0.002|"
"","utveckling","|alstring|avhandling|avslöjning|betydelse|fortgång|fortsättning|framåtskridande|fråga|följd|fördel|förfarande|ofullständighet|omdöme|rörelse|tilltagande|uttydning|utvidgning|övergång|","|Cause_to_make_progress|","|utveckling|","|","|","|utveckling..nn.1|","neutral","12","CJ","NN.UTR.SIN.IND.NOM","NN","16","|Case=Nom|Definite=Ind|Gender=Com|Number=Sing|","|utveckling..1:1.000|utveckling..2:0.000|"
"","i","|","|","|i|","|","|","|i..pp.1|","null","16","ET","PP","PP","17","|","|i..2:-1.000|"
"","alla","|","|","|all|","|","|","|all..pn.1|","null","19","DT","DT.UTR+NEU.PLU.IND+DEF","DT","18","|Definite=Def,Ind|Gender=Com,Neut|Number=Plur|","|all..1:-1.000|"
"","regioner","|del|region|","|Locale|","|region|","|","|","|region..nn.1|","neutral","17","PA","NN.UTR.PLU.IND.NOM","NN","19","|Case=Nom|Definite=Ind|Gender=Com|Number=Plur|","|region..1:-1.000|"
"",".","|","|","|","|","|","|","null","2","IP","MAD","MAD","20","|","|"
"# Svenska partiprogram och valmanifest; text attributes: text_source: ""Hämtat från partiets officiella hemsida."", text_party: ""kd"", text_blingbring: ""|bekännelse:14.178|gravyrkonst:9.717|gemensamhet:8.332|"", text__id: ""5564"", text_lix: ""52.37"", text_nk: ""1.71"", text_ovix: ""69.28"", text_year: ""2001"", text_type: ""Principprogram"", text_type_id: ""c"", text_title: ""Kristdemokraternas principprogram 2001"", text_swefn: ""|Preventing:34.033|Execute_plan:29.297|Satisfying:28.721|"", text_party_name: ""Kristdemokraterna""","","","","","","","","","","","","","","",""
"","Det","|","|","|den|","|","|","|den..pn.1|","null","2","FS","PN.NEU.SIN.DEF.SUB+OBJ","PN","1","|Case=Acc,Nom|Definite=Def|Gender=Neut|Number=Sing|","|den..2:-1.000|"
"","bör","|plikt|","|Desirable_event|","|böra|","|","|","|böra..vb.1|","neutral","null","ROOT","VB.PRS.AKT","VB","2","|Mood=Ind|Tense=Pres|VerbForm=Fin|Voice=Act|","|böra..1:-1.000|"
"","finnas","|tillvaro|","|Existence|","|finna|finnas|","|","|","|finna..vb.1|finnas..vb.1|","neutral","2","VG","VB.INF.SFO","VB","3","|VerbForm=Inf|Voice=Pass|","|finnas..1:0.481|finna..1:0.430|finna..2:0.089|"
"","en","|","|","|en|","|","|","|en..al.1|","null","5","DT","DT.UTR.SIN.IND","DT","4","|Definite=Ind|Gender=Com|Number=Sing|","|den..1:-1.000|en..2:-1.000|"
"","rättighetslag","|","|","|rättighetslag|","|rättighet..nn.1+lag..nn.1:2.503e-12|rättighet..nn.1+lag..nn.2:2.503e-12|rättighet..nn.1+lag..nn.3:2.503e-12|","|rättighet+slag|rättighets+lag|","|","null","3","ES","NN.UTR.SIN.IND.NOM","NN","5","|Case=Nom|Definite=Ind|Gender=Com|Number=Sing|","|"
"","för","|","|","|för|","|","|","|för..pp.1|","null","5","ET","PP","PP","6","|","|för..1:-1.000|för..5:-1.000|för..6:-1.000|för..7:-1.000|för..9:-1.000|"
"","funktionshindrade","|","|","|funktionshindrad|","|funktion..nn.1+hindra..vb.1:2.057e-15|","|funktions+hindrade|","|funktionshindrad..av.1|","null","6","PA","PC.PRF.UTR+NEU.PLU.IND+DEF.NOM","PC","7","|Case=Nom|Definite=Def,Ind|Gender=Com,Neut|Number=Plur|Tense=Past|VerbForm=Part|","|funktionshindrad..1:-1.000|"
"","vilken","|","|","|","|","|","|","null","9","SS","HP.UTR.SIN.IND","HP","8","|Definite=Ind|Gender=Com|Number=Sing|","|"
"***","skapar","|alstring|form|förmåga|grund|gudom|skicklighet|tillvaro|verklighet|","|Intentionally_create|","|skapa|","|","|","|skapa..vb.1|","neutral","5","ET","VB.PRS.AKT","VB","9","|Mood=Ind|Tense=Pres|VerbForm=Fin|Voice=Act|","|skapa..1:-1.000|"
"***","förutsättningar","|antagande|betingelse|bevis|förbehåll|förhand|förhoppning|förmåga|grund|logik|omständighet|tankeämne|","|","|förutsättning|","|förut..ab.1+sättning..nn.1:4.029e-12|för..nn.1+ut..ab.1+sättning..nn.1:3.134e-21|föra..vb.1+ut..ab.1+sättning..nn.1:4.884e-22|","|förut+sättningar|för+ut+sättningar|","|förutsättning..nn.1|","neutral","9","OO","NN.UTR.PLU.IND.NOM","NN","10","|Case=Nom|Definite=Ind|Gender=Com|Number=Plur|","|förutsättning..1:-1.000|"
"***","för","|","|","|för|","|","|","|för..pp.1|","null","9","OA","PP","PP","11","|","|för..1:-1.000|för..5:-1.000|för..6:-1.000|för..7:-1.000|för..9:-1.000|"
"","goda","|dygd|fullständighet|fördel|gott|mildhet|oskuld|tillräcklighet|välvilja|","|Morality_evaluation|","|god|","|","|","|god..av.1|","positive","13","AT","JJ.POS.UTR+NEU.PLU.IND+DEF.NOM","JJ","12","|Case=Nom|Definite=Def,Ind|Degree=Pos|Gender=Com,Neut|Number=Plur|","|god..1:0.996|god..3:0.004|god..2:0.000|"
"","levnadsvillkor","|anseende|förfarande|ståndpunkt|tillstånd|","|","|levnadsvillkor|","|levnad..nn.1+villkor..nn.1:3.287e-12|levnad..nn.1+villa..nn.2+ko..nn.1:2.107e-27|levnad..nn.1+villa..nn.2+kor..nn.1:2.107e-27|levnad..nn.1+vill..ab.1+ko..nn.1:2.477e-28|levnad..nn.1+vill..ab.1+kor..nn.1:2.477e-28|","|levnads+villkor|levnads+vill+kor|","|levnadsvillkor..nn.1|","null","11","PA","NN.NEU.PLU.IND.NOM","NN","13","|Case=Nom|Definite=Ind|Gender=Neut|Number=Plur|","|levnadsvillkor..1:-1.000|"
"",".","|","|","|","|","|","|","null","2","IP","MAD","MAD","14","|","|"
"# Svenska partiprogram och valmanifest; text attributes: text_source: ""Hämtat från partiets officiella hemsida."", text_party: ""kd"", text_blingbring: ""|bekännelse:14.178|gravyrkonst:9.717|gemensamhet:8.332|"", text__id: ""5564"", text_lix: ""52.37"", text_nk: ""1.71"", text_ovix: ""69.28"", text_year: ""2001"", text_type: ""Principprogram"", text_type_id: ""c"", text_title: ""Kristdemokraternas principprogram 2001"", text_swefn: ""|Preventing:34.033|Execute_plan:29.297|Satisfying:28.721|"", text_party_name: ""Kristdemokraterna""","","","","","","","","","","","","","","",""
"","Jordbrukspolitiken","|","|Law|","|jordbrukspolitik|","|jordbruk..nn.1+politik..nn.1:2.891e-13|jord..nn.1+bruk..nn.1+politik..nn.1:1.945e-19|jord..nn.1+bruk..nn.2+politik..nn.1:1.945e-19|jorda..vb.1+bruk..nn.1+politik..nn.1:1.798e-27|jorda..vb.1+bruk..nn.2+politik..nn.1:1.798e-27|","|jordbruks+politiken|jord+bruks+politiken|","|jordbrukspolitik..nn.1|","null","2","SS","NN.UTR.SIN.DEF.NOM","NN","1","|Case=Nom|Definite=Def|Gender=Com|Number=Sing|","|jordbrukspolitik..1:-1.000|"
"","bör","|plikt|","|Desirable_event|","|böra|","|","|","|böra..vb.1|","neutral","null","ROOT","VB.PRS.AKT","VB","2","|Mood=Ind|Tense=Pres|VerbForm=Fin|Voice=Act|","|böra..1:-1.000|"
"","utformas","|form|","|Coming_up_with|","|utforma|","|ut..ab.1+forma..vb.1:2.567e-10|","|ut+formas|","|utforma..vb.1|","neutral","2","VG","VB.INF.SFO","VB","3","|VerbForm=Inf|Voice=Pass|","|utforma..1:-1.000|"
"","så","|metod|omständighet|","|Sufficiency|","|så|","|","|","|så..ab.1|","null","3","AA","AB","AB","4","|","|så..1:-1.000|"
"","att","|","|","|att|","|","|","|att..sn.1|","null","3","KA","SN","SN","5","|","|att..1:-1.000|"
"","den","|","|","|den|","|","|","|den..pn.1|","null","7","SS","PN.UTR.SIN.DEF.SUB+OBJ","PN","6","|Case=Acc,Nom|Definite=Def|Gender=Com|Number=Sing|","|den..2:-1.000|"
"***","skapar","|alstring|form|förmåga|grund|gudom|skicklighet|tillvaro|verklighet|","|Intentionally_create|","|skapa|","|","|","|skapa..vb.1|","neutral","5","UA","VB.PRS.AKT","VB","7","|Mood=Ind|Tense=Pres|VerbForm=Fin|Voice=Act|","|skapa..1:-1.000|"
"***","förutsättningar","|antagande|betingelse|bevis|förbehåll|förhand|förhoppning|förmåga|grund|logik|omständighet|tankeämne|","|","|förutsättning|","|förut..ab.1+sättning..nn.1:4.029e-12|för..nn.1+ut..ab.1+sättning..nn.1:3.134e-21|föra..vb.1+ut..ab.1+sättning..nn.1:4.884e-22|","|förut+sättningar|för+ut+sättningar|","|förutsättning..nn.1|","neutral","7","OO","NN.UTR.PLU.IND.NOM","NN","8","|Case=Nom|Definite=Ind|Gender=Com|Number=Plur|","|förutsättning..1:-1.000|"
"***","för","|","|","|för|","|","|","|för..pp.1|","null","7","OA","PP","PP","9","|","|för..1:-1.000|för..5:-1.000|för..6:-1.000|för..7:-1.000|för..9:-1.000|"
"","närhet","|anslutning|närhet|samhörighet|tillstädesvaro|","|","|närhet|","|","|","|närhet..nn.1|","neutral","9","PA","NN.UTR.SIN.IND.NOM","NN","10","|Case=Nom|Definite=Ind|Gender=Com|Number=Sing|","|närhet..1:-1.000|"
"","mellan","|","|","|mellan|","|","|","|mellan..pp.1|","null","10","ET","PP","PP","11","|","|mellan..1:-1.000|"
"","producent","|alstrare|grund|","|Manufacturing|","|producent|","|","|","|producent..nn.1|","neutral","13","CJ","NN.UTR.SIN.IND.NOM","NN","12","|Case=Nom|Definite=Ind|Gender=Com|Number=Sing|","|producent..1:-1.000|"
"","och","|","|","|och|","|","|","|och..kn.1|","null","11","PA","KN","KN","13","|","|och..1:-1.000|"
"","konsument","|förbrukning|","|Commerce_buy|","|konsument|","|","|","|konsument..nn.1|","neutral","13","CJ","NN.UTR.SIN.IND.NOM","NN","14","|Case=Nom|Definite=Ind|Gender=Com|Number=Sing|","|konsument..1:-1.000|"
"",".","|","|","|","|","|","|","null","2","IP","MAD","MAD","15","|","|"
"# Svenska partiprogram och valmanifest; text attributes: text_source: ""Hämtat från partiets officiella hemsida."", text_party: ""kd"", text_blingbring: ""|gravyrkonst:11.608|skyddsmedel:8.941|inskjutning:7.181|"", text__id: ""7eb9"", text_lix: ""46.51"", text_nk: ""1.81"", text_ovix: ""71.72"", text_year: ""2002"", text_type: ""Valmanifest - Riksdagsval"", text_type_id: ""v"", text_title: ""Tid för förändring. Tid för handling."", text_swefn: ""|Entity_specific_change_of_state:88.752|Confronting_problem:84.907|Preventing:84.57|"", text_party_name: ""Kristdemokraterna""","","","","","","","","","","","","","","",""
"","Det","|","|","|den|","|","|","|den..pn.1|","null","2","FS","PN.NEU.SIN.DEF.SUB+OBJ","PN","1","|Case=Acc,Nom|Definite=Def|Gender=Neut|Number=Sing|","|den..2:-1.000|"
"","krävs","|","|","|kräva|krävas|","|","|","|kräva..vb.1|krävas..vb.1|","neutral","null","ROOT","VB.PRS.SFO","VB","2","|Mood=Ind|Tense=Pres|VerbForm=Fin|Voice=Pass|","|krävas..1:0.545|kräva..1:0.440|kräva..2:0.015|"
"","därför","|drivfjäder|följd|grund|logik|orsakssammanhang|syfte|tid|","|Causation|","|därför|","|","|","|därför..ab.1|","null","2","AA","AB","AB","3","|","|därför..1:-1.000|"
"","en","|","|","|en|","|","|","|en..al.1|","null","5","DT","DT.UTR.SIN.IND","DT","4","|Definite=Ind|Gender=Com|Number=Sing|","|den..1:-1.000|en..2:-1.000|"
"","politik","|förfarande|försiktighet|planmässighet|skicklighet|slughet|","|","|politik|","|","|","|politik..nn.1|","neutral","2","ES","NN.UTR.SIN.IND.NOM","NN","5","|Case=Nom|Definite=Ind|Gender=Com|Number=Sing|","|politik..1:-1.000|"
"","som","|","|","|","|","|","|","null","7","SS","HP.-.-.-","HP","6","|","|"
"***","skapar","|alstring|form|förmåga|grund|gudom|skicklighet|tillvaro|verklighet|","|Intentionally_create|","|skapa|","|","|","|skapa..vb.1|","neutral","5","ET","VB.PRS.AKT","VB","7","|Mood=Ind|Tense=Pres|VerbForm=Fin|Voice=Act|","|skapa..1:-1.000|"
"***","förutsättningar","|antagande|betingelse|bevis|förbehåll|förhand|förhoppning|förmåga|grund|logik|omständighet|tankeämne|","|","|förutsättning|","|förut..ab.1+sättning..nn.1:4.029e-12|för..nn.1+ut..ab.1+sättning..nn.1:3.134e-21|föra..vb.1+ut..ab.1+sättning..nn.1:4.884e-22|","|förut+sättningar|för+ut+sättningar|","|förutsättning..nn.1|","neutral","7","OO","NN.UTR.PLU.IND.NOM","NN","8","|Case=Nom|Definite=Ind|Gender=Com|Number=Plur|","|förutsättning..1:-1.000|"
"***","för","|","|","|för|","|","|","|för..pp.1|","null","7","OA","PP","PP","9","|","|för..1:-1.000|för..5:-1.000|för..6:-1.000|för..7:-1.000|för..9:-1.000|"
"","mer","|","|","|","|","|","|","null","11","DT","JJ.KOM.UTR+NEU.SIN+PLU.IND+DEF.NOM","JJ","10","|Case=Nom|Definite=Def,Ind|Degree=Cmp|Gender=Com,Neut|Number=Plur,Sing|","|"
"","tid","|tid|","|Measure_duration|","|tid|","|","|","|tid..nn.1|","neutral","9","PA","NN.UTR.SIN.IND.NOM","NN","11","|Case=Nom|Definite=Ind|Gender=Com|Number=Sing|","|tid..1:-1.000|"
"","för","|","|","|för|","|","|","|för..pp.1|","null","11","ET","PP","PP","12","|","|för..1:-1.000|för..5:-1.000|för..6:-1.000|för..7:-1.000|för..9:-1.000|"
"","barnen","|alstring|barndom|efterkommande|frändskap|handledning|","|Kinship|","|barn|","|bar..nn.1+n..nn.1:5.258e-12|bar..nn.1+nen..nn.1:5.258e-12|bar..nn.2+n..nn.1:5.258e-12|bar..nn.2+nen..nn.1:5.258e-12|bar..av.1+n..nn.1:6.151e-13|bar..av.1+nen..nn.1:6.151e-13|","|bar+nen|","|barn..nn.1|","neutral","12","PA","NN.NEU.PLU.DEF.NOM","NN","13","|Case=Nom|Definite=Def|Gender=Neut|Number=Plur|","|barn..2:0.681|barn..1:0.319|"
"",".","|","|","|","|","|","|","null","2","IP","MAD","MAD","14","|","|"
"# Svenska partiprogram och valmanifest; text attributes: text_source: ""Hämtat från partiets officiella hemsida."", text_party: ""kd"", text_blingbring: ""|filantropi:12.426|ömsesidighet:10.987|olaglighet:10.492|"", text__id: ""7f42"", text_lix: ""54.46"", text_nk: ""1.66"", text_ovix: ""68.17"", text_year: ""2013"", text_type: ""Partiprogram - EU"", text_type_id: ""p_eu"", text_title: ""Kristdemokraternas Europapolitiska program inför Europavalet 2014"", text_swefn: ""|Confronting_problem:50.392|Terrorism:44.174|Alliance:44.058|"", text_party_name: ""Kristdemokraterna""","","","","","","","","","","","","","","",""
"","Frihandel","|billighet|bytande|frihet|","|","|frihandel|","|fri..av.1+handel..nn.1:3.667e-12|fri..av.1+handel..nn.2:3.667e-12|fria..vb.1+handel..nn.1:2.269e-20|fria..vb.1+handel..nn.2:2.269e-20|fri..av.1+hand..nn.1+el..nn.1:3.937e-16|fri..av.1+hane..nn.1+del..nn.1:2.328e-24|fria..vb.1+hand..nn.1+el..nn.1:2.098e-24|fria..vb.1+hane..nn.1+del..nn.1:1.241e-32|","|fri+handel|fri+hand+el|fri+han+del|","|frihandel..nn.1|","null","2","SS","NN.UTR.SIN.IND.NOM","NN","1","|Case=Nom|Definite=Ind|Gender=Com|Number=Sing|","|frihandel..1:-1.000|"
"***","skapar","|alstring|form|förmåga|grund|gudom|skicklighet|tillvaro|verklighet|","|Intentionally_create|","|skapa|","|","|","|skapa..vb.1|","neutral","null","ROOT","VB.PRS.AKT","VB","2","|Mood=Ind|Tense=Pres|VerbForm=Fin|Voice=Act|","|skapa..1:-1.000|"
"***","förutsättningar","|antagande|betingelse|bevis|förbehåll|förhand|förhoppning|förmåga|grund|logik|omständighet|tankeämne|","|","|förutsättning|","|förut..ab.1+sättning..nn.1:4.029e-12|för..nn.1+ut..ab.1+sättning..nn.1:3.134e-21|föra..vb.1+ut..ab.1+sättning..nn.1:4.884e-22|","|förut+sättningar|för+ut+sättningar|","|förutsättning..nn.1|","neutral","2","OO","NN.UTR.PLU.IND.NOM","NN","3","|Case=Nom|Definite=Ind|Gender=Com|Number=Plur|","|förutsättning..1:-1.000|"
"***","för","|","|","|för|","|","|","|för..pp.1|","null","3","ET","PP","PP","4","|","|för..1:-1.000|för..5:-1.000|för..6:-1.000|för..7:-1.000|för..9:-1.000|"
"","tillväxt","|alstring|betydenhet|fortsättning|framgång|framåtskridande|förbättring|fördel|lycka|ofullständighet|rörelse|tilltagande|uppgång|utvidgning|vidfogning|övergång|","|","|tillväxt|","|till..ab.1+växt..nn.1:4.433e-11|","|till+växt|","|tillväxt..nn.1|","neutral","6","CJ","NN.UTR.SIN.IND.NOM","NN","5","|Case=Nom|Definite=Ind|Gender=Com|Number=Sing|","|tillväxt..1:-1.000|"
"","och","|","|","|och|","|","|","|och..kn.1|","null","4","PA","KN","KN","6","|","|och..1:-1.000|"
"","utveckling","|alstring|avhandling|avslöjning|betydelse|fortgång|fortsättning|framåtskridande|fråga|följd|fördel|förfarande|ofullständighet|omdöme|rörelse|tilltagande|uttydning|utvidgning|övergång|","|Cause_to_make_progress|","|utveckling|","|","|","|utveckling..nn.1|","neutral","6","CJ","NN.UTR.SIN.IND.NOM","NN","7","|Case=Nom|Definite=Ind|Gender=Com|Number=Sing|","|utveckling..1:1.000|utveckling..2:0.000|"
"",".","|","|","|","|","|","|","null","2","IP","MAD","MAD","8","|","|"
"# Svenska partiprogram och valmanifest; text attributes: text_source: ""Hämtat från partiets officiella hemsida."", text_party: ""kd"", text_blingbring: ""|parallellism:22.476|filantropi:16.311|rabatt:8.494|"", text__id: ""efd0"", text_lix: ""49.95"", text_nk: ""1.66"", text_ovix: ""71.45"", text_year: ""2014"", text_type: ""Valmanifest - Riksdagsval"", text_type_id: ""v"", text_title: ""Frihet och gemenskap - Kristdemokraternas valmanifest 2014"", text_swefn: ""|Preventing:48.443|Make_possible_to_do:41.413|Reforming_a_system:32.991|"", text_party_name: ""Kristdemokraterna""","","","","","","","","","","","","","","",""
"","Värna","|försvar|skydd|","|Protecting|","|värna|","|","|","|värna..vb.1|","positive","2","CJ","VB.INF.AKT","VB","1","|Mood=Imp|VerbForm=Inf|Voice=Act|","|värna..1:-1.000|"
"","och","|","|","|och|","|","|","|och..kn.1|","null","13","MS","KN","KN","2","|","|och..1:-1.000|"
"","utveckla","|alstring|beredelse|fråga|fullständighet|reglering|skildring|tilltagande|uttydning|utvidgning|","|Cause_to_make_progress|","|utveckla|","|ut..ab.1+veckla..vb.1:4.570e-11|ut..ab.1+veck..nn.1+lägga..vb.1:4.724e-17|ut..ab.1+vecka..nn.1+lägga..vb.1:4.724e-17|ut..ab.1+vecka..vb.1+lägga..vb.1:3.173e-28|","|ut+veckla|ut+veck+la|","|utveckla..vb.1|","positive","2","CJ","VB.INF.AKT","VB","3","|VerbForm=Inf|Voice=Act|","|utveckla..1:-1.000|"
"","RUT-","|","|","|RUT|ruta|","|","|","|RUT..nna.1|ruta..nn.1|","null","5","CJ","NN.UTR.-.-.SMS","NN","4","|Compound=Yes|Gender=Com|","|RUT..1:1.000|ruta..1:0.000|ruta..2:0.000|"
"","och","|","|","|och|","|","|","|och..kn.1|","null","2","OO","KN","KN","5","|","|och..1:-1.000|"
"","ROT-avdragen","|","|","|ROT-avdrag|","|rot..sxc.1+avdrag..nn.1:2.841e-14|rota..vb.1+avdrag..nn.1:2.757e-17|ROT..nna.1+avdrag..nn.1:1.970e-20|rot..nn.1+avdrag..nn.1:1.970e-20|rot..sxc.1+av..ab.1+drag..nn.1:1.132e-19|ROT..nna.1+av..ab.1+drag..nn.1:7.850e-26|rot..nn.1+av..ab.1+drag..nn.1:7.850e-26|rota..vb.1+av..ab.1+drag..nn.1:3.510e-26|rot..sxc.1+av..av.1+drag..nn.1:1.485e-29|rota..vb.1+av..av.1+drag..nn.1:1.399e-32|ro..nn.1+T..pma.1+avdrag..nn.1:4.520e-34|ro..nn.2+T..pma.1+avdrag..nn.1:4.520e-34|ro..nn.3+T..pma.1+avdrag..nn.1:4.520e-34|ROT..nna.1+av..av.1+drag..nn.1:1.030e-35|rot..nn.1+av..av.1+drag..nn.1:1.030e-35|ro..vb.1+T..pma.1+avdrag..nn.1:1.179e-36|","|rot-+avdragen|rot-+av+dragen|RO+T-+avdragen|","|ROT-avdrag..nn.1|","null","5","CJ","NN.NEU.PLU.DEF.NOM","NN","6","|Case=Nom|Definite=Def|Gender=Neut|Number=Plur|","|rotavdrag..1:-1.000|"
"","RUT-","|","|","|RUT|ruta|","|","|","|RUT..nna.1|ruta..nn.1|","null","8","CJ","NN.UTR.-.-.SMS","NN","7","|Compound=Yes|Gender=Com|","|RUT..1:1.000|ruta..1:0.000|ruta..2:0.000|"
"","och","|","|","|och|","|","|","|och..kn.1|","null","5","CJ","KN","KN","8","|","|och..1:-1.000|"
"","ROT-avdragen","|","|","|ROT-avdrag|","|rot..sxc.1+avdrag..nn.1:2.841e-14|rota..vb.1+avdrag..nn.1:2.757e-17|ROT..nna.1+avdrag..nn.1:1.970e-20|rot..nn.1+avdrag..nn.1:1.970e-20|rot..sxc.1+av..ab.1+drag..nn.1:1.132e-19|ROT..nna.1+av..ab.1+drag..nn.1:7.850e-26|rot..nn.1+av..ab.1+drag..nn.1:7.850e-26|rota..vb.1+av..ab.1+drag..nn.1:3.510e-26|rot..sxc.1+av..av.1+drag..nn.1:1.485e-29|rota..vb.1+av..av.1+drag..nn.1:1.399e-32|ro..nn.1+T..pma.1+avdrag..nn.1:4.520e-34|ro..nn.2+T..pma.1+avdrag..nn.1:4.520e-34|ro..nn.3+T..pma.1+avdrag..nn.1:4.520e-34|ROT..nna.1+av..av.1+drag..nn.1:1.030e-35|rot..nn.1+av..av.1+drag..nn.1:1.030e-35|ro..vb.1+T..pma.1+avdrag..nn.1:1.179e-36|","|rot-+avdragen|rot-+av+dragen|RO+T-+avdragen|","|ROT-avdrag..nn.1|","null","8","CJ","NN.NEU.PLU.DEF.NOM","NN","9","|Case=Nom|Definite=Def|Gender=Neut|Number=Plur|","|rotavdrag..1:-1.000|"
"","öppnar","|avslöjning|befrielse|förhand|ljuskälla|öppning|","|Closure|","|öppna|","|","|","|öppna..vb.1|","neutral","13","MS","VB.PRS.AKT","VB","10","|Mood=Ind|Tense=Pres|VerbForm=Fin|Voice=Act|","|öppna..1:0.843|öppna..2:0.157|"
"","nya","|nytt|olikhet|tillägg|","|","|ny|","|","|","|ny..av.1|","neutral","12","AT","JJ.POS.UTR+NEU.PLU.IND+DEF.NOM","JJ","11","|Case=Nom|Definite=Def,Ind|Degree=Pos|Gender=Com,Neut|Number=Plur|","|ny..1:-1.000|"
"","marknader","|bytande|försäljning|handel|helhet|","|","|marknad|","|","|","|marknad..nn.1|","neutral","10","OO","NN.UTR.PLU.IND.NOM","NN","12","|Case=Nom|Definite=Ind|Gender=Com|Number=Plur|","|marknad..2:0.961|marknad..1:0.039|"
"","och","|","|","|och|","|","|","|och..kn.1|","null","null","ROOT","KN","KN","13","|","|och..1:-1.000|"
"***","skapar","|alstring|form|förmåga|grund|gudom|skicklighet|tillvaro|verklighet|","|Intentionally_create|","|skapa|","|","|","|skapa..vb.1|","neutral","13","+F","VB.PRS.AKT","VB","14","|Mood=Ind|Tense=Pres|VerbForm=Fin|Voice=Act|","|skapa..1:-1.000|"
"***","förutsättningar","|antagande|betingelse|bevis|förbehåll|förhand|förhoppning|förmåga|grund|logik|omständighet|tankeämne|","|","|förutsättning|","|förut..ab.1+sättning..nn.1:4.029e-12|för..nn.1+ut..ab.1+sättning..nn.1:3.134e-21|föra..vb.1+ut..ab.1+sättning..nn.1:4.884e-22|","|förut+sättningar|för+ut+sättningar|","|förutsättning..nn.1|","neutral","14","OO","NN.UTR.PLU.IND.NOM","NN","15","|Case=Nom|Definite=Ind|Gender=Com|Number=Plur|","|förutsättning..1:-1.000|"
"***","för","|","|","|för|","|","|","|för..pp.1|","null","14","OA","PP","PP","16","|","|för..1:-1.000|för..5:-1.000|för..6:-1.000|för..7:-1.000|för..9:-1.000|"
"","nya","|nytt|olikhet|tillägg|","|","|ny|","|","|","|ny..av.1|","neutral","19","AT","JJ.POS.UTR+NEU.PLU.IND+DEF.NOM","JJ","17","|Case=Nom|Definite=Def,Ind|Degree=Pos|Gender=Com,Neut|Number=Plur|","|ny..1:-1.000|"
"","företag","|arbete|början|företag|göromål|syfte|","|Intentionally_act|","|företag|","|","|före+tag|","|företag..nn.1|","neutral","19","CJ","NN.NEU.PLU.IND.NOM","NN","18","|Case=Nom|Definite=Ind|Gender=Neut|Number=Plur|","|företag..2:0.830|företag..1:0.170|"
"","och","|","|","|och|","|","|","|och..kn.1|","null","16","PA","KN","KN","19","|","|och..1:-1.000|"
"","jobb","|försök|slump|","|Being_employed|","|jobb|","|","|","|jobb..nn.1|","neutral","19","CJ","NN.NEU.PLU.IND.NOM","NN","20","|Case=Nom|Definite=Ind|Gender=Neut|Number=Plur|","|jobb..1:0.975|jobb..2:0.025|"
"",".","|","|","|","|","|","|","null","13","IP","MAD","MAD","21","|","|"
"# Svenska partiprogram och valmanifest; text attributes: text_source: ""Hämtat från partiets officiella hemsida."", text_party: ""kd"", text_blingbring: ""|parallellism:22.476|filantropi:16.311|rabatt:8.494|"", text__id: ""efd0"", text_lix: ""49.95"", text_nk: ""1.66"", text_ovix: ""71.45"", text_year: ""2014"", text_type: ""Valmanifest - Riksdagsval"", text_type_id: ""v"", text_title: ""Frihet och gemenskap - Kristdemokraternas valmanifest 2014"", text_swefn: ""|Preventing:48.443|Make_possible_to_do:41.413|Reforming_a_system:32.991|"", text_party_name: ""Kristdemokraterna""","","","","","","","","","","","","","","",""
"","Avdragen","|avbild|avtagande|frånskiljning|förlust|hopkrympning|kompromiss|minus|ofullständighet|rabatt|tryckning|utgift|","|","|avdrag|","|av..ab.1+drag..nn.1:5.401e-21|av..av.1+drag..nn.1:4.163e-21|","|av+dragen|","|avdrag..nn.1|","neutral","2","SS","NN.NEU.PLU.DEF.NOM","NN","1","|Case=Nom|Definite=Def|Gender=Neut|Number=Plur|","|avdrag..1:0.995|avdrag..2:0.005|"
"***","skapar","|alstring|form|förmåga|grund|gudom|skicklighet|tillvaro|verklighet|","|Intentionally_create|","|skapa|","|","|","|skapa..vb.1|","neutral","null","ROOT","VB.PRS.AKT","VB","2","|Mood=Ind|Tense=Pres|VerbForm=Fin|Voice=Act|","|skapa..1:-1.000|"
"***","förutsättningar","|antagande|betingelse|bevis|förbehåll|förhand|förhoppning|förmåga|grund|logik|omständighet|tankeämne|","|","|förutsättning|","|förut..ab.1+sättning..nn.1:4.029e-12|för..nn.1+ut..ab.1+sättning..nn.1:3.134e-21|föra..vb.1+ut..ab.1+sättning..nn.1:4.884e-22|","|förut+sättningar|för+ut+sättningar|","|förutsättning..nn.1|","neutral","2","OO","NN.UTR.PLU.IND.NOM","NN","3","|Case=Nom|Definite=Ind|Gender=Com|Number=Plur|","|förutsättning..1:-1.000|"
"***","för","|","|","|för|","|","|","|för..pp.1|","null","3","ET","PP","PP","4","|","|för..1:-1.000|för..5:-1.000|för..6:-1.000|för..7:-1.000|för..9:-1.000|"
"","barnfamiljer","|","|Kinship|","|barnfamilj|","|barn..nn.1+familj..nn.1:1.234e-08|","|barn+familjer|","|barnfamilj..nn.1|","null","6","CJ","NN.UTR.PLU.IND.NOM","NN","5","|Case=Nom|Definite=Ind|Gender=Com|Number=Plur|","|barnfamilj..1:-1.000|"
"","och","|","|","|och|","|","|","|och..kn.1|","null","4","PA","KN","KN","6","|","|och..1:-1.000|"
"","äldre","|förhand|förtid|gammalt|prioritet|ålderdom|","|Age|","|gammal|","|","|","|gammal..av.1|","neutral","6","CJ","JJ.KOM.UTR+NEU.SIN+PLU.IND+DEF.NOM","JJ","7","|Case=Nom|Definite=Def,Ind|Degree=Cmp|Gender=Com,Neut|Number=Plur,Sing|","|gammal..1:-1.000|"
"","att","|","|","|att|","|","|","|att..sn.1|","null","2","OA","IE","IE","8","|","|att..1:-1.000|"
"","få","|förvärv|mottagande|","|Receiving|","|få|","|","|","|få..vb.1|","positive","8","IF","VB.INF.AKT","VB","9","|VerbForm=Inf|Voice=Act|","|få..1:0.910|få..3:0.090|"
"","avlastning","|överföring|","|Assistance|","|avlastning|","|av..ab.1+lastning..nn.1:6.424e-12|av..av.1+lastning..nn.1:1.972e-21|","|av+lastning|","|avlastning..nn.1|","null","9","OO","NN.UTR.SIN.IND.NOM","NN","10","|Case=Nom|Definite=Ind|Gender=Com|Number=Sing|","|avlastning..1:-1.000|"
"","med","|","|","|med|","|","|","|med..pp.1|","null","9","OA","PP","PP","11","|","|med..1:-1.000|med..2:-1.000|"
"","olika","|jämförelse|motsats|olikhet|saknad_av_samhörighet|söndring|åtskillnad|","|Similarity|","|olik|","|","|","|olik..av.1|","neutral","13","AT","JJ.POS.UTR+NEU.PLU.IND+DEF.NOM","JJ","12","|Case=Nom|Definite=Def,Ind|Degree=Pos|Gender=Com,Neut|Number=Plur|","|olik..1:-1.000|"
"","sysslor","|arbete|bemyndigande|göromål|läge|plikt|","|","|syssla|","|","|","|syssla..nn.1|syssla..nn.2|","neutral","11","PA","NN.UTR.PLU.IND.NOM","NN","13","|Case=Nom|Definite=Ind|Gender=Com|Number=Plur|","|syssla..2:0.991|syssla..3:0.009|"
"","i","|","|","|i|","|","|","|i..pp.1|","null","13","ET","PP","PP","14","|","|i..2:-1.000|"
"","hemmet","|ankomst|orörlighet|samling|samlingspunkt|skyddsmedel|tillhåll|","|","|hem|","|hem..ab.1+m..nn.1:4.739e-11|","|hem+met|","|hem..nn.1|","neutral","14","PA","NN.NEU.SIN.DEF.NOM","NN","15","|Case=Nom|Definite=Def|Gender=Neut|Number=Sing|","|hem..1:-1.000|"
"",".","|","|","|","|","|","|","null","2","IP","MAD","MAD","16","|","|"
"# Svenska partiprogram och valmanifest; text attributes: text_source: ""Hämtat från partiets officiella hemsida."", text_party: ""kd"", text_blingbring: ""|bekännelse:14.699|gravyrkonst:11.287|gemensamhet:8.992|"", text__id: ""9e55"", text_lix: ""52.06"", text_nk: ""1.72"", text_ovix: ""68.06"", text_year: ""2015"", text_type: ""Principprogram"", text_type_id: ""c"", text_title: ""Kristdemokraternas principprogram 2015"", text_swefn: ""|Preventing:34.263|Execute_plan:32.772|Seeking_to_achieve:23.873|"", text_party_name: ""Kristdemokraterna""","","","","","","","","","","","","","","",""
"","Bäst","|dygd|fullständighet|fördel|gott|mildhet|oskuld|tillräcklighet|välvilja|","|Morality_evaluation|","|bra|bäst|god|","|","|","|bra..ab.1|bra..av.1|bäst..av.1|god..av.1|","positive","2","AA","AB.SUV","AB","1","|Degree=Sup|","|god..1:0.609|bra..1:0.117|bra..3:0.108|bäst..1:0.089|god..3:0.065|bra..5:0.010|god..2:0.000|"
"","görs","|anvisning|arbete|bekräftelse|bevis|göromål|räkning|viktighet|","|Intentionally_act|","|göra|","|","|","|göra..vb.1|","neutral","null","ROOT","VB.PRS.SFO","VB","2","|Mood=Ind|Tense=Pres|VerbForm=Fin|Voice=Pass|","|göra..1:0.734|göra..2:0.252|göra..3:0.014|"
"","detta","|","|","|denna|","|","|","|denna..pn.1|","null","2","SS","PN.NEU.SIN.DEF.SUB+OBJ","PN","3","|Case=Acc,Nom|Definite=Def|Gender=Neut|Number=Sing|","|denna..1:-1.000|"
"","genom","|","|","|genom|","|","|","|genom..pp.1|","null","2","AA","PP","PP","4","|","|genom..1:-1.000|genom..3:-1.000|"
"","att","|","|","|att|","|","|","|att..sn.1|","null","4","PA","SN","SN","5","|","|att..1:-1.000|"
"","EU-länderna","|","|","|EU-land|","|EU..pma.1+land..nn.1:9.667e-26|EU..pma.1+länd..nn.1:9.667e-26|","|EU-+länderna|","|EU-land..nn.1|","neutral","7","SS","NN.NEU.PLU.DEF.NOM","NN","6","|Case=Nom|Definite=Def|Gender=Neut|Number=Plur|","|EU-land..1:-1.000|"
"***","skapar","|alstring|form|förmåga|grund|gudom|skicklighet|tillvaro|verklighet|","|Intentionally_create|","|skapa|","|","|","|skapa..vb.1|","neutral","5","UA","VB.PRS.AKT","VB","7","|Mood=Ind|Tense=Pres|VerbForm=Fin|Voice=Act|","|skapa..1:-1.000|"
"***","förutsättningar","|antagande|betingelse|bevis|förbehåll|förhand|förhoppning|förmåga|grund|logik|omständighet|tankeämne|","|","|förutsättning|","|förut..ab.1+sättning..nn.1:4.029e-12|för..nn.1+ut..ab.1+sättning..nn.1:3.134e-21|föra..vb.1+ut..ab.1+sättning..nn.1:4.884e-22|","|förut+sättningar|för+ut+sättningar|","|förutsättning..nn.1|","neutral","7","OO","NN.UTR.PLU.IND.NOM","NN","8","|Case=Nom|Definite=Ind|Gender=Com|Number=Plur|","|förutsättning..1:-1.000|"
"***","för","|","|","|för|","|","|","|för..pp.1|","null","8","ET","PP","PP","9","|","|för..1:-1.000|för..5:-1.000|för..6:-1.000|för..7:-1.000|för..9:-1.000|"
"","livslångt","|storhet|","|","|livslång|","|liv..nn.1+lång..av.1:4.967e-11|livs..nn.1+lång..av.1:4.967e-11|livs..av.1+lång..av.1:2.689e-19|","|livs+långt|","|livslång..av.1|","null","11","AT","JJ.POS.NEU.SIN.IND.NOM","JJ","10","|Case=Nom|Definite=Ind|Degree=Pos|Gender=Neut|Number=Sing|","|livslång..1:-1.000|"
"","lärande","|","|Coming_to_believe|","|lärande|","|lära..vb.1+ande..nn.1:1.094e-11|lära..nn.1+ande..nn.1:1.477e-19|","|lär+ande|","|lärande..nn.1|","neutral","12","CJ","NN.NEU.SIN.IND.NOM","NN","11","|Case=Nom|Definite=Ind|Gender=Neut|Number=Sing|","|lärande..1:0.999|lärande..2:0.001|"
"","och","|","|","|och|","|","|","|och..kn.1|","null","9","PA","KN","KN","12","|","|och..1:-1.000|"
"","en","|","|","|en|","|","|","|en..al.1|","null","16","DT","DT.UTR.SIN.IND","DT","13","|Definite=Ind|Gender=Com|Number=Sing|","|den..1:-1.000|en..2:-1.000|"
"","dynamisk","|infall|","|Dynamism|","|dynamisk|","|","|","|dynamisk..av.1|","null","16","AT","JJ.POS.UTR.SIN.IND.NOM","JJ","14","|Case=Nom|Definite=Ind|Degree=Pos|Gender=Com|Number=Sing|","|dynamisk..1:-1.000|"
"","ekonomisk","|anskaffning|förfarande|ledning|skicklighet|sparsamhet|","|Economy|","|ekonomisk|","|","|","|ekonomisk..av.1|ekonomisk..av.2|","neutral","16","AT","JJ.POS.UTR.SIN.IND.NOM","JJ","15","|Case=Nom|Definite=Ind|Degree=Pos|Gender=Com|Number=Sing|","|ekonomisk..1:0.989|ekonomisk..3:0.010|ekonomisk..2:0.001|"
"","utveckling","|alstring|avhandling|avslöjning|betydelse|fortgång|fortsättning|framåtskridande|fråga|följd|fördel|förfarande|ofullständighet|omdöme|rörelse|tilltagande|uttydning|utvidgning|övergång|","|Cause_to_make_progress|","|utveckling|","|","|","|utveckling..nn.1|","neutral","12","CJ","NN.UTR.SIN.IND.NOM","NN","16","|Case=Nom|Definite=Ind|Gender=Com|Number=Sing|","|utveckling..1:1.000|utveckling..2:0.000|"
"","i","|","|","|i|","|","|","|i..pp.1|","null","16","ET","PP","PP","17","|","|i..2:-1.000|"
"","alla","|","|","|all|","|","|","|all..pn.1|","null","19","DT","DT.UTR+NEU.PLU.IND+DEF","DT","18","|Definite=Def,Ind|Gender=Com,Neut|Number=Plur|","|all..1:-1.000|"
"","regioner","|del|region|","|Locale|","|region|","|","|","|region..nn.1|","neutral","17","PA","NN.UTR.PLU.IND.NOM","NN","19","|Case=Nom|Definite=Ind|Gender=Com|Number=Plur|","|region..1:-1.000|"
"",".","|","|","|","|","|","|","null","2","IP","MAD","MAD","20","|","|"
"# Svenska partiprogram och valmanifest; text attributes: text_source: ""Hämtat från partiets officiella hemsida."", text_party: ""kd"", text_blingbring: ""|bekännelse:14.699|gravyrkonst:11.287|gemensamhet:8.992|"", text__id: ""9e55"", text_lix: ""52.06"", text_nk: ""1.72"", text_ovix: ""68.06"", text_year: ""2015"", text_type: ""Principprogram"", text_type_id: ""c"", text_title: ""Kristdemokraternas principprogram 2015"", text_swefn: ""|Preventing:34.263|Execute_plan:32.772|Seeking_to_achieve:23.873|"", text_party_name: ""Kristdemokraterna""","","","","","","","","","","","","","","",""
"","Det","|","|","|den|","|","|","|den..pn.1|","null","2","FS","PN.NEU.SIN.DEF.SUB+OBJ","PN","1","|Case=Acc,Nom|Definite=Def|Gender=Neut|Number=Sing|","|den..2:-1.000|"
"","bör","|plikt|","|Desirable_event|","|böra|","|","|","|böra..vb.1|","neutral","null","ROOT","VB.PRS.AKT","VB","2","|Mood=Ind|Tense=Pres|VerbForm=Fin|Voice=Act|","|böra..1:-1.000|"
"","finnas","|upptäckt|","|Locating|","|finna|finnas|","|","|","|finna..vb.1|finnas..vb.1|","neutral","2","VG","VB.INF.SFO","VB","3","|VerbForm=Inf|Voice=Pass|","|finna..1:0.456|finnas..1:0.450|finna..2:0.094|"
"","en","|","|","|en|","|","|","|en..al.1|","null","5","DT","DT.UTR.SIN.IND","DT","4","|Definite=Ind|Gender=Com|Number=Sing|","|den..1:-1.000|en..2:-1.000|"
"","rättighetslag","|","|","|rättighetslag|","|rättighet..nn.1+lag..nn.1:2.503e-12|rättighet..nn.1+lag..nn.2:2.503e-12|rättighet..nn.1+lag..nn.3:2.503e-12|","|rättighet+slag|rättighets+lag|","|","null","3","ES","NN.UTR.SIN.IND.NOM","NN","5","|Case=Nom|Definite=Ind|Gender=Com|Number=Sing|","|"
"","som","|","|","|","|","|","|","null","7","SS","HP.-.-.-","HP","6","|","|"
"***","skapar","|alstring|form|förmåga|grund|gudom|skicklighet|tillvaro|verklighet|","|Intentionally_create|","|skapa|","|","|","|skapa..vb.1|","neutral","5","ET","VB.PRS.AKT","VB","7","|Mood=Ind|Tense=Pres|VerbForm=Fin|Voice=Act|","|skapa..1:-1.000|"
"***","förutsättningar","|antagande|betingelse|bevis|förbehåll|förhand|förhoppning|förmåga|grund|logik|omständighet|tankeämne|","|","|förutsättning|","|förut..ab.1+sättning..nn.1:4.029e-12|för..nn.1+ut..ab.1+sättning..nn.1:3.134e-21|föra..vb.1+ut..ab.1+sättning..nn.1:4.884e-22|","|förut+sättningar|för+ut+sättningar|","|förutsättning..nn.1|","neutral","7","OO","NN.UTR.PLU.IND.NOM","NN","8","|Case=Nom|Definite=Ind|Gender=Com|Number=Plur|","|förutsättning..1:-1.000|"
"***","för","|","|","|för|","|","|","|för..pp.1|","null","7","OA","PP","PP","9","|","|för..1:-1.000|för..5:-1.000|för..6:-1.000|för..7:-1.000|för..9:-1.000|"
"","goda","|dygd|fullständighet|fördel|gott|mildhet|oskuld|tillräcklighet|välvilja|","|Morality_evaluation|","|god|","|","|","|god..av.1|","positive","11","AT","JJ.POS.UTR+NEU.PLU.IND+DEF.NOM","JJ","10","|Case=Nom|Definite=Def,Ind|Degree=Pos|Gender=Com,Neut|Number=Plur|","|god..1:0.995|god..3:0.005|god..2:0.000|"
"","levnadsvillkor","|anseende|förfarande|ståndpunkt|tillstånd|","|","|levnadsvillkor|","|levnad..nn.1+villkor..nn.1:3.287e-12|levnad..nn.1+villa..nn.2+ko..nn.1:2.107e-27|levnad..nn.1+villa..nn.2+kor..nn.1:2.107e-27|levnad..nn.1+vill..ab.1+ko..nn.1:2.477e-28|levnad..nn.1+vill..ab.1+kor..nn.1:2.477e-28|","|levnads+villkor|levnads+vill+kor|","|levnadsvillkor..nn.1|","null","9","PA","NN.NEU.PLU.IND.NOM","NN","11","|Case=Nom|Definite=Ind|Gender=Neut|Number=Plur|","|levnadsvillkor..1:-1.000|"
"",".","|","|","|","|","|","|","null","2","IP","MAD","MAD","12","|","|"
"# Svenska partiprogram och valmanifest; text attributes: text_source: ""Hämtat från partiets officiella hemsida."", text_party: ""kd"", text_blingbring: ""|bekännelse:14.699|gravyrkonst:11.287|gemensamhet:8.992|"", text__id: ""9e55"", text_lix: ""52.06"", text_nk: ""1.72"", text_ovix: ""68.06"", text_year: ""2015"", text_type: ""Principprogram"", text_type_id: ""c"", text_title: ""Kristdemokraternas principprogram 2015"", text_swefn: ""|Preventing:34.263|Execute_plan:32.772|Seeking_to_achieve:23.873|"", text_party_name: ""Kristdemokraterna""","","","","","","","","","","","","","","",""
"","Jordbrukspolitiken","|","|Law|","|jordbrukspolitik|","|jordbruk..nn.1+politik..nn.1:2.891e-13|jord..nn.1+bruk..nn.1+politik..nn.1:1.945e-19|jord..nn.1+bruk..nn.2+politik..nn.1:1.945e-19|jorda..vb.1+bruk..nn.1+politik..nn.1:1.798e-27|jorda..vb.1+bruk..nn.2+politik..nn.1:1.798e-27|","|jordbruks+politiken|jord+bruks+politiken|","|jordbrukspolitik..nn.1|","null","2","SS","NN.UTR.SIN.DEF.NOM","NN","1","|Case=Nom|Definite=Def|Gender=Com|Number=Sing|","|jordbrukspolitik..1:-1.000|"
"","bör","|plikt|","|Desirable_event|","|böra|","|","|","|böra..vb.1|","neutral","null","ROOT","VB.PRS.AKT","VB","2","|Mood=Ind|Tense=Pres|VerbForm=Fin|Voice=Act|","|böra..1:-1.000|"
"","utformas","|form|","|Coming_up_with|","|utforma|","|ut..ab.1+forma..vb.1:2.567e-10|","|ut+formas|","|utforma..vb.1|","neutral","2","VG","VB.INF.SFO","VB","3","|VerbForm=Inf|Voice=Pass|","|utforma..1:-1.000|"
"","så","|metod|omständighet|","|Sufficiency|","|så|","|","|","|så..ab.1|","null","3","AA","AB","AB","4","|","|så..1:-1.000|"
"","att","|","|","|att|","|","|","|att..sn.1|","null","3","KA","SN","SN","5","|","|att..1:-1.000|"
"","den","|","|","|den|","|","|","|den..pn.1|","null","7","SS","PN.UTR.SIN.DEF.SUB+OBJ","PN","6","|Case=Acc,Nom|Definite=Def|Gender=Com|Number=Sing|","|den..2:-1.000|"
"***","skapar","|alstring|form|förmåga|grund|gudom|skicklighet|tillvaro|verklighet|","|Intentionally_create|","|skapa|","|","|","|skapa..vb.1|","neutral","5","UA","VB.PRS.AKT","VB","7","|Mood=Ind|Tense=Pres|VerbForm=Fin|Voice=Act|","|skapa..1:-1.000|"
"***","förutsättningar","|antagande|betingelse|bevis|förbehåll|förhand|förhoppning|förmåga|grund|logik|omständighet|tankeämne|","|","|förutsättning|","|förut..ab.1+sättning..nn.1:4.029e-12|för..nn.1+ut..ab.1+sättning..nn.1:3.134e-21|föra..vb.1+ut..ab.1+sättning..nn.1:4.884e-22|","|förut+sättningar|för+ut+sättningar|","|förutsättning..nn.1|","neutral","7","OO","NN.UTR.PLU.IND.NOM","NN","8","|Case=Nom|Definite=Ind|Gender=Com|Number=Plur|","|förutsättning..1:-1.000|"
"***","för","|","|","|för|","|","|","|för..pp.1|","null","7","OA","PP","PP","9","|","|för..1:-1.000|för..5:-1.000|för..6:-1.000|för..7:-1.000|för..9:-1.000|"
"","närhet","|anslutning|närhet|samhörighet|tillstädesvaro|","|","|närhet|","|","|","|närhet..nn.1|","neutral","9","PA","NN.UTR.SIN.IND.NOM","NN","10","|Case=Nom|Definite=Ind|Gender=Com|Number=Sing|","|närhet..1:-1.000|"
"","mellan","|","|","|mellan|","|","|","|mellan..pp.1|","null","10","ET","PP","PP","11","|","|mellan..1:-1.000|"
"","producent","|alstrare|grund|","|Manufacturing|","|producent|","|","|","|producent..nn.1|","neutral","13","CJ","NN.UTR.SIN.IND.NOM","NN","12","|Case=Nom|Definite=Ind|Gender=Com|Number=Sing|","|producent..1:-1.000|"
"","och","|","|","|och|","|","|","|och..kn.1|","null","11","PA","KN","KN","13","|","|och..1:-1.000|"
"","konsument","|förbrukning|","|Commerce_buy|","|konsument|","|","|","|konsument..nn.1|","neutral","13","CJ","NN.UTR.SIN.IND.NOM","NN","14","|Case=Nom|Definite=Ind|Gender=Com|Number=Sing|","|konsument..1:-1.000|"
"",".","|","|","|","|","|","|","null","2","IP","MAD","MAD","15","|","|"
"# Svenska partiprogram och valmanifest; text attributes: text_source: """", text_party: ""m"", text_blingbring: ""|förbehåll:11.249|avund:9.341|sparsamhet:9.339|"", text__id: ""578a"", text_lix: ""51.01"", text_nk: ""1.81"", text_ovix: ""71.53"", text_year: ""1984"", text_type: ""Handlingsprogram"", text_type_id: ""h"", text_title: ""Moderaternas handlingsprogram 1984"", text_swefn: ""|Make_possible_to_do:61.594|Limiting:58.115|Preventing:48.033|"", text_party_name: ""Moderaterna""","","","","","","","","","","","","","","",""
"","Säkerhetspolitik","|","|Law|","|säkerhetspolitik|","|säkerhet..nn.1+politik..nn.1:9.387e-13|säker..av.1+hetspolitik..nn.1:1.569e-15|","|säkerhets+politik|säker+hetspolitik|","|säkerhetspolitik..nn.1|","null","2","CJ","NN.UTR.SIN.IND.NOM","NN","1","|Case=Nom|Definite=Ind|Gender=Com|Number=Sing|","|säkerhetspolitik..1:-1.000|"
"","och","|","|","|och|","|","|","|och..kn.1|","null","14","SS","KN","KN","2","|","|och..1:-1.000|"
"","försvar","|bifall|fördel|hjälp|motbevis|motstånd|rättfärdigande|skydd|säkerhet|","|Defending|","|försvar|","|föra..vb.1+svar..nn.1:3.177e-11|för..nn.1+svar..nn.1:6.513e-14|före..nn.1+var..nn.1:2.888e-27|","|för+svar|förs+var|","|försvar..nn.1|","neutral","2","CJ","NN.NEU.SIN.IND.NOM","NN","3","|Case=Nom|Definite=Ind|Gender=Neut|Number=Sing|","|försvar..2:1.000|försvar..1:0.000|"
"","Sveriges","|","|","|Sverige|","|","|","|Sverige..pm.1|","null","6","DT","PM.GEN","PM","4","|Case=Gen|","|Sverige..1:-1.000|"
"","alliansfria","|","|","|alliansfri|","|allians..nn.1+fri..av.1:3.108e-12|","|allians+fria|","|alliansfri..av.1|","null","6","AT","JJ.POS.UTR+NEU.SIN.DEF.NOM","JJ","5","|Case=Nom|Definite=Def|Degree=Pos|Gender=Com,Neut|Number=Sing|","|alliansfri..1:-1.000|"
"","politik","|förfarande|försiktighet|planmässighet|skicklighet|slughet|","|","|politik|","|","|","|politik..nn.1|","neutral","2","AN","NN.UTR.SIN.IND.NOM","NN","6","|Case=Nom|Definite=Ind|Gender=Com|Number=Sing|","|politik..1:-1.000|"
"",",","|","|","|","|","|","|","null","6","IK","MID","MID","7","|","|"
"","stödd","|","|","|stödja|","|","|","|stödja..vb.1|","positive","6","PT","PC.PRF.UTR.SIN.IND.NOM","PC","8","|Case=Nom|Definite=Ind|Gender=Com|Number=Sing|Tense=Past|VerbForm=Part|","|stödja..2:0.844|stödja..1:0.109|stödja..4:0.035|stödja..3:0.012|"
"","på","|","|","|på|","|","|","|på..pp.1|","null","8","OA","PP","PP","9","|","|på..1:-1.000|"
"","ett","|","|","|en|","|","|","|en..al.1|","null","12","DT","DT.NEU.SIN.IND","DT","10","|Definite=Ind|Gender=Neut|Number=Sing|","|den..1:-1.000|en..2:-1.000|"
"","starkt","|betydenhet|färg|förmåga|hälsa|hårdhet|kallblodighet|kraftyttring|ljudstyrka|seghet|smakstyrka|styrka|våldsamhet|","|Exertive_force|","|stark|","|","|","|stark..av.1|","positive","12","AT","JJ.POS.NEU.SIN.IND.NOM","JJ","11","|Case=Nom|Definite=Ind|Degree=Pos|Gender=Neut|Number=Sing|","|stark..1:0.964|stark..3:0.025|stark..2:0.009|stark..5:0.002|stark..4:0.000|"
"","försvar","|bifall|fördel|hjälp|motbevis|motstånd|rättfärdigande|skydd|säkerhet|","|Defending|","|försvar|","|föra..vb.1+svar..nn.1:3.177e-11|för..nn.1+svar..nn.1:6.513e-14|före..nn.1+var..nn.1:2.888e-27|","|för+svar|förs+var|","|försvar..nn.1|","neutral","9","PA","NN.NEU.SIN.IND.NOM","NN","12","|Case=Nom|Definite=Ind|Gender=Neut|Number=Sing|","|försvar..2:0.959|försvar..1:0.041|"
"",",","|","|","|","|","|","|","null","6","IK","MID","MID","13","|","|"
"","bidrar","|benägenhet|bortgivande|enighet|gemensamhet|grund|nytta|sammanslutning|samverkan|tilltagande|vidfogning|","|Giving|","|bidra|","|bi..nn.1+dra..vb.1:2.246e-12|bi..av.1+dra..vb.1:5.786e-20|","|bi+drar|","|bidra..vb.1|","positive","20","MS","VB.PRS.AKT","VB","14","|Mood=Ind|Tense=Pres|VerbForm=Fin|Voice=Act|","|bidra..1:-1.000|"
"","till","|","|","|till|","|","|","|till..pp.1|","null","14","OA","PP","PP","15","|","|till..1:-1.000|"
"","stabiliteten","|oföränderlighet|orubblighet|varaktighet|","|","|stabilitet|","|sta..ab.1+bi..nn.1+lite..ab.1+ten..nn.1:7.197e-31|sta..ab.1+bi..av.1+lite..ab.1+ten..nn.1:2.844e-42|","|sta+bi+lite+ten|","|stabilitet..nn.1|","positive","15","PA","NN.UTR.SIN.DEF.NOM","NN","16","|Case=Nom|Definite=Def|Gender=Com|Number=Sing|","|stabilitet..1:-1.000|"
"","i","|","|","|i|","|","|","|i..pp.1|","null","16","ET","PP","PP","17","|","|i..2:-1.000|"
"","norra","|ledning|region|","|Part_orientational|","|norra|","|","|","|norra..av.1|","neutral","19","DT","JJ.POS.UTR+NEU.SIN.DEF.NOM","JJ","18","|Case=Nom|Definite=Def|Degree=Pos|Gender=Com,Neut|Number=Sing|","|norra..1:-1.000|"
"","Europa","|","|","|Europa|","|","|","|Europa..pm.1|Europa..pm.2|","null","17","PA","PM.NOM","PM","19","|Case=Nom|","|Europa..1:-1.000|Europa..2:-1.000|"
"","och","|","|","|och|","|","|","|och..kn.1|","null","null","ROOT","KN","KN","20","|","|och..1:-1.000|"
"***","skapar","|alstring|form|förmåga|grund|gudom|skicklighet|tillvaro|verklighet|","|Intentionally_create|","|skapa|","|","|","|skapa..vb.1|","neutral","20","+F","VB.PRS.AKT","VB","21","|Mood=Ind|Tense=Pres|VerbForm=Fin|Voice=Act|","|skapa..1:-1.000|"
"***","förutsättningar","|antagande|betingelse|bevis|förbehåll|förhand|förhoppning|förmåga|grund|logik|omständighet|tankeämne|","|","|förutsättning|","|förut..ab.1+sättning..nn.1:4.029e-12|för..nn.1+ut..ab.1+sättning..nn.1:3.134e-21|föra..vb.1+ut..ab.1+sättning..nn.1:4.884e-22|","|förut+sättningar|för+ut+sättningar|","|förutsättning..nn.1|","neutral","21","OO","NN.UTR.PLU.IND.NOM","NN","22","|Case=Nom|Definite=Ind|Gender=Com|Number=Plur|","|förutsättning..1:-1.000|"
"***","för","|","|","|för|","|","|","|för..pp.1|","null","21","OA","PP","PP","23","|","|för..1:-1.000|för..5:-1.000|för..6:-1.000|för..7:-1.000|för..9:-1.000|"
"","neutralitet","|avslag|frid|indifferens|känslolöshet|lojhet|medelväg|mellangrad|obeslutsamhet|slapphet|sysslolöshet|","|Partiality|","|neutralitet|","|","|","|neutralitet..nn.1|","null","23","PA","NN.UTR.SIN.IND.NOM","NN","24","|Case=Nom|Definite=Ind|Gender=Com|Number=Sing|","|neutralitet..1:-1.000|"
"","i","|","|","|i|","|","|","|i..pp.1|","null","24","ET","PP","PP","25","|","|i..2:-1.000|"
"","krigstid","|","|","|krigstid|","|krig..nn.1+tid..nn.1:5.823e-11|","|krigs+tid|","|krigstid..nn.1|","null","25","PA","NN.UTR.SIN.IND.NOM","NN","26","|Case=Nom|Definite=Ind|Gender=Com|Number=Sing|","|krigstid..1:-1.000|"
"",".","|","|","|","|","|","|","null","20","IP","MAD","MAD","27","|","|"
"# Svenska partiprogram och valmanifest; text attributes: text_source: ""Hämtat från partiets officiella hemsida."", text_party: ""m"", text_blingbring: ""|förbehåll:10.723|räddning:9.108|löshet:8.973|"", text__id: ""1972"", text_lix: ""51.16"", text_nk: ""1.84"", text_ovix: ""70.75"", text_year: ""1984"", text_type: ""Partiprogram"", text_type_id: ""p"", text_title: ""Moderaternas partiprogram 1984"", text_swefn: ""|People_by_jurisdiction:54.056|Limiting:52.46|Make_possible_to_do:51.323|"", text_party_name: ""Moderaterna""","","","","","","","","","","","","","","",""
"","Säkerhetspolitik","|","|Law|","|säkerhetspolitik|","|säkerhet..nn.1+politik..nn.1:9.387e-13|säker..av.1+hetspolitik..nn.1:1.569e-15|","|säkerhets+politik|säker+hetspolitik|","|säkerhetspolitik..nn.1|","null","2","CJ","NN.UTR.SIN.IND.NOM","NN","1","|Case=Nom|Definite=Ind|Gender=Com|Number=Sing|","|säkerhetspolitik..1:-1.000|"
"","och","|","|","|och|","|","|","|och..kn.1|","null","14","SS","KN","KN","2","|","|och..1:-1.000|"
"","försvar","|bifall|fördel|hjälp|motbevis|motstånd|rättfärdigande|skydd|säkerhet|","|Defending|","|försvar|","|föra..vb.1+svar..nn.1:3.177e-11|för..nn.1+svar..nn.1:6.513e-14|före..nn.1+var..nn.1:2.888e-27|","|för+svar|förs+var|","|försvar..nn.1|","neutral","2","CJ","NN.NEU.SIN.IND.NOM","NN","3","|Case=Nom|Definite=Ind|Gender=Neut|Number=Sing|","|försvar..2:1.000|försvar..1:0.000|"
"","Sveriges","|","|","|Sverige|","|","|","|Sverige..pm.1|","null","6","DT","PM.GEN","PM","4","|Case=Gen|","|Sverige..1:-1.000|"
"","alliansfria","|","|","|alliansfri|","|allians..nn.1+fri..av.1:3.108e-12|","|allians+fria|","|alliansfri..av.1|","null","6","AT","JJ.POS.UTR+NEU.SIN.DEF.NOM","JJ","5","|Case=Nom|Definite=Def|Degree=Pos|Gender=Com,Neut|Number=Sing|","|alliansfri..1:-1.000|"
"","politik","|förfarande|försiktighet|planmässighet|skicklighet|slughet|","|","|politik|","|","|","|politik..nn.1|","neutral","2","AN","NN.UTR.SIN.IND.NOM","NN","6","|Case=Nom|Definite=Ind|Gender=Com|Number=Sing|","|politik..1:-1.000|"
"",",","|","|","|","|","|","|","null","6","IK","MID","MID","7","|","|"
"","stödd","|","|","|stödja|","|","|","|stödja..vb.1|","positive","6","PT","PC.PRF.UTR.SIN.IND.NOM","PC","8","|Case=Nom|Definite=Ind|Gender=Com|Number=Sing|Tense=Past|VerbForm=Part|","|stödja..2:0.844|stödja..1:0.109|stödja..4:0.035|stödja..3:0.012|"
"","på","|","|","|på|","|","|","|på..pp.1|","null","8","OA","PP","PP","9","|","|på..1:-1.000|"
"","ett","|","|","|en|","|","|","|en..al.1|","null","12","DT","DT.NEU.SIN.IND","DT","10","|Definite=Ind|Gender=Neut|Number=Sing|","|den..1:-1.000|en..2:-1.000|"
"","starkt","|betydenhet|färg|förmåga|hälsa|hårdhet|kallblodighet|kraftyttring|ljudstyrka|seghet|smakstyrka|styrka|våldsamhet|","|Exertive_force|","|stark|","|","|","|stark..av.1|","positive","12","AT","JJ.POS.NEU.SIN.IND.NOM","JJ","11","|Case=Nom|Definite=Ind|Degree=Pos|Gender=Neut|Number=Sing|","|stark..1:0.964|stark..3:0.025|stark..2:0.009|stark..5:0.002|stark..4:0.000|"
"","försvar","|bifall|fördel|hjälp|motbevis|motstånd|rättfärdigande|skydd|säkerhet|","|Defending|","|försvar|","|föra..vb.1+svar..nn.1:3.177e-11|för..nn.1+svar..nn.1:6.513e-14|före..nn.1+var..nn.1:2.888e-27|","|för+svar|förs+var|","|försvar..nn.1|","neutral","9","PA","NN.NEU.SIN.IND.NOM","NN","12","|Case=Nom|Definite=Ind|Gender=Neut|Number=Sing|","|försvar..2:0.959|försvar..1:0.041|"
"",",","|","|","|","|","|","|","null","6","IK","MID","MID","13","|","|"
"","bidrar","|benägenhet|bortgivande|enighet|gemensamhet|grund|nytta|sammanslutning|samverkan|tilltagande|vidfogning|","|Giving|","|bidra|","|bi..nn.1+dra..vb.1:2.246e-12|bi..av.1+dra..vb.1:5.786e-20|","|bi+drar|","|bidra..vb.1|","positive","20","MS","VB.PRS.AKT","VB","14","|Mood=Ind|Tense=Pres|VerbForm=Fin|Voice=Act|","|bidra..1:-1.000|"
"","till","|","|","|till|","|","|","|till..pp.1|","null","14","OA","PP","PP","15","|","|till..1:-1.000|"
"","stabiliteten","|oföränderlighet|orubblighet|varaktighet|","|","|stabilitet|","|sta..ab.1+bi..nn.1+lite..ab.1+ten..nn.1:7.197e-31|sta..ab.1+bi..av.1+lite..ab.1+ten..nn.1:2.844e-42|","|sta+bi+lite+ten|","|stabilitet..nn.1|","positive","15","PA","NN.UTR.SIN.DEF.NOM","NN","16","|Case=Nom|Definite=Def|Gender=Com|Number=Sing|","|stabilitet..1:-1.000|"
"","i","|","|","|i|","|","|","|i..pp.1|","null","16","ET","PP","PP","17","|","|i..2:-1.000|"
"","norra","|ledning|region|","|Part_orientational|","|norra|","|","|","|norra..av.1|","neutral","19","DT","JJ.POS.UTR+NEU.SIN.DEF.NOM","JJ","18","|Case=Nom|Definite=Def|Degree=Pos|Gender=Com,Neut|Number=Sing|","|norra..1:-1.000|"
"","Europa","|","|","|Europa|","|","|","|Europa..pm.1|Europa..pm.2|","null","17","PA","PM.NOM","PM","19","|Case=Nom|","|Europa..1:-1.000|Europa..2:-1.000|"
"","och","|","|","|och|","|","|","|och..kn.1|","null","null","ROOT","KN","KN","20","|","|och..1:-1.000|"
"***","skapar","|alstring|form|förmåga|grund|gudom|skicklighet|tillvaro|verklighet|","|Intentionally_create|","|skapa|","|","|","|skapa..vb.1|","neutral","20","+F","VB.PRS.AKT","VB","21","|Mood=Ind|Tense=Pres|VerbForm=Fin|Voice=Act|","|skapa..1:-1.000|"
"***","förutsättningar","|antagande|betingelse|bevis|förbehåll|förhand|förhoppning|förmåga|grund|logik|omständighet|tankeämne|","|","|förutsättning|","|förut..ab.1+sättning..nn.1:4.029e-12|för..nn.1+ut..ab.1+sättning..nn.1:3.134e-21|föra..vb.1+ut..ab.1+sättning..nn.1:4.884e-22|","|förut+sättningar|för+ut+sättningar|","|förutsättning..nn.1|","neutral","21","OO","NN.UTR.PLU.IND.NOM","NN","22","|Case=Nom|Definite=Ind|Gender=Com|Number=Plur|","|förutsättning..1:-1.000|"
"***","för","|","|","|för|","|","|","|för..pp.1|","null","21","OA","PP","PP","23","|","|för..1:-1.000|för..5:-1.000|för..6:-1.000|för..7:-1.000|för..9:-1.000|"
"","neutralitet","|avslag|frid|indifferens|känslolöshet|lojhet|medelväg|mellangrad|obeslutsamhet|slapphet|sysslolöshet|","|Partiality|","|neutralitet|","|","|","|neutralitet..nn.1|","null","23","PA","NN.UTR.SIN.IND.NOM","NN","24","|Case=Nom|Definite=Ind|Gender=Com|Number=Sing|","|neutralitet..1:-1.000|"
"","i","|","|","|i|","|","|","|i..pp.1|","null","24","ET","PP","PP","25","|","|i..2:-1.000|"
"","krigstid","|","|","|krigstid|","|krig..nn.1+tid..nn.1:5.823e-11|","|krigs+tid|","|krigstid..nn.1|","null","25","PA","NN.UTR.SIN.IND.NOM","NN","26","|Case=Nom|Definite=Ind|Gender=Com|Number=Sing|","|krigstid..1:-1.000|"
"",".","|","|","|","|","|","|","null","20","IP","MAD","MAD","27","|","|"
"# Svenska partiprogram och valmanifest; text attributes: text_source: """", text_party: ""m"", text_blingbring: ""|fortgång:9.103|betalning:7.93|filantropi:7.856|"", text__id: ""9757"", text_lix: ""51.87"", text_nk: ""1.71"", text_ovix: ""69.72"", text_year: ""1993"", text_type: ""Handlingsprogram"", text_type_id: ""h"", text_title: ""Moderaternas handlingsprogram 1993"", text_swefn: ""|Being_obligatory:60.881|Use_as_a_starting_point:39.874|People_by_jurisdiction:39.681|"", text_party_name: ""Moderaterna""","","","","","","","","","","","","","","",""
"","Det","|","|","|den|","|","|","|den..pn.1|","null","2","FS","PN.NEU.SIN.DEF.SUB+OBJ","PN","1","|Case=Acc,Nom|Definite=Def|Gender=Neut|Number=Sing|","|den..2:-1.000|"
"","finns","|upptäckt|","|Locating|","|finna|finnas|","|","|","|finna..vb.1|finnas..vb.1|","neutral","null","ROOT","VB.PRS.SFO","VB","2","|Mood=Ind|Tense=Pres|VerbForm=Fin|Voice=Pass|","|finna..1:0.581|finnas..1:0.406|finna..2:0.013|"
"","en","|","|","|en|","|","|","|en..al.1|","null","4","DT","DT.UTR.SIN.IND","DT","3","|Definite=Ind|Gender=Com|Number=Sing|","|den..1:-1.000|en..2:-1.000|"
"","rad","|ledning|mängd|ordning|sammanhang|","|Shapes|","|rad|","|","|","|rad..nn.1|rad..nn.2|","neutral","6","DT","NN.UTR.SIN.IND.NOM","NN","4","|Case=Nom|Definite=Ind|Gender=Com|Number=Sing|","|rad..1:0.727|rad..4:0.182|rad..2:0.088|rad..3:0.002|"
"","självständiga","|frihet|fullständighet|omdöme|tillvaro|ursprunglighet|vilja|","|","|självständig|","|","|själv+ständiga|","|självständig..av.1|","neutral","6","AT","JJ.POS.UTR+NEU.PLU.IND+DEF.NOM","JJ","5","|Case=Nom|Definite=Def,Ind|Degree=Pos|Gender=Com,Neut|Number=Plur|","|självständig..1:-1.000|"
"","institutioner","|förening|medel|rådsförsamling|","|Institutions|","|institution|","|","|","|institution..nn.1|","neutral","19","CJ","NN.UTR.PLU.IND.NOM","NN","6","|Case=Nom|Definite=Ind|Gender=Com|Number=Plur|","|institution..1:0.937|institution..2:0.063|"
"",",","|","|","|","|","|","|","null","19","IK","MID","MID","7","|","|"
"","medier","|grammatik|magiker|medelpunkt|medverkan|mellangrad|mitt|","|","|medium|","|","|","|medium..nn.1|medium..nn.2|","neutral","9","CJ","NN.NEU.PLU.IND.NOM","NN","8","|Case=Nom|Definite=Ind|Gender=Neut|Number=Plur|","|medium..4:0.800|medium..5:0.091|medium..1:0.075|medium..3:0.021|medium..2:0.013|"
"","och","|","|","|och|","|","|","|och..kn.1|","null","19","CJ","KN","KN","9","|","|och..1:-1.000|"
"","yrkesgrupper","|","|Aggregate|","|yrkesgrupp|","|yrke..nn.1+grupp..nn.1:6.177e-12|yra..vb.1+kesa..vb.1+grupp..nn.1:3.517e-23|yra..vb.2+kesa..vb.1+grupp..nn.1:3.517e-23|yr..av.1+kesa..vb.1+grupp..nn.1:1.912e-25|","|yrkes+grupper|yr+kes+grupper|","|yrkesgrupp..nn.1|","null","9","CJ","NN.UTR.PLU.IND.NOM","NN","10","|Case=Nom|Definite=Ind|Gender=Com|Number=Plur|","|yrkesgrupp..1:-1.000|"
"","som","|","|","|","|","|","|","null","12","SS","HP.-.-.-","HP","11","|","|"
"***","skapar","|alstring|form|förmåga|grund|gudom|skicklighet|tillvaro|verklighet|","|Intentionally_create|","|skapa|","|","|","|skapa..vb.1|","neutral","9","ET","VB.PRS.AKT","VB","12","|Mood=Ind|Tense=Pres|VerbForm=Fin|Voice=Act|","|skapa..1:-1.000|"
"***","förutsättningar","|antagande|betingelse|bevis|förbehåll|förhand|förhoppning|förmåga|grund|logik|omständighet|tankeämne|","|","|förutsättning|","|förut..ab.1+sättning..nn.1:4.029e-12|för..nn.1+ut..ab.1+sättning..nn.1:3.134e-21|föra..vb.1+ut..ab.1+sättning..nn.1:4.884e-22|","|förut+sättningar|för+ut+sättningar|","|förutsättning..nn.1|","neutral","12","OO","NN.UTR.PLU.IND.NOM","NN","13","|Case=Nom|Definite=Ind|Gender=Com|Number=Plur|","|förutsättning..1:-1.000|"
"***","för","|","|","|för|","|","|","|för..pp.1|","null","12","OA","PP","PP","14","|","|för..1:-1.000|för..5:-1.000|för..6:-1.000|för..7:-1.000|för..9:-1.000|"
"","bred","|betydenhet|stil|storhet|utsträckning|vidd|","|Dimension|","|bred|","|","|","|bred..av.1|","neutral","16","CJ","JJ.POS.UTR.SIN.IND.NOM","JJ","15","|Case=Nom|Definite=Ind|Degree=Pos|Gender=Com|Number=Sing|","|bred..1:0.955|bred..2:0.045|"
"","och","|","|","|och|","|","|","|och..kn.1|","null","18","AT","KN","KN","16","|","|och..1:-1.000|"
"","konstruktiv","|metod|","|","|konstruktiv|","|","|","|konstruktiv..av.1|","null","16","CJ","JJ.POS.UTR.SIN.IND.NOM","JJ","17","|Case=Nom|Definite=Ind|Degree=Pos|Gender=Com|Number=Sing|","|konstruktiv..1:-1.000|"
"","samhällsdebatt","|","|Discussion|","|samhällsdebatt|","|samhälle..nn.1+debatt..nn.1:1.316e-18|sam..sxc.1+häll..nn.1+debatt..nn.1:2.603e-28|sam..sxc.1+hälla..nn.1+debatt..nn.1:2.603e-28|","|samhälls+debatt|sam+hälls+debatt|","|samhällsdebatt..nn.1|","null","14","PA","NN.UTR.SIN.IND.NOM","NN","18","|Case=Nom|Definite=Ind|Gender=Com|Number=Sing|","|samhällsdebatt..1:-1.000|"
"","och","|","|","|och|","|","|","|och..kn.1|","null","2","ES","KN","KN","19","|","|och..1:-1.000|"
"","en","|","|","|en|","|","|","|en..al.1|","null","21","DT","DT.UTR.SIN.IND","DT","20","|Definite=Ind|Gender=Com|Number=Sing|","|den..1:-1.000|en..2:-1.000|"
"","mångfald","|mängd|månggestaltning|olikhet|åtskillnad|","|Diversity|","|mångfald|","|","|","|mångfald..nn.1|","null","19","CJ","NN.UTR.SIN.IND.NOM","NN","21","|Case=Nom|Definite=Ind|Gender=Com|Number=Sing|","|mångfald..1:-1.000|"
"","av","|","|","|av|","|","|","|av..pp.1|","null","21","ET","PP","PP","22","|","|av..1:-1.000|"
"","lösningar","|bevisföring|fluidum|slut|smältning|svar|tankeämne|upptäckt|uttydning|övergång|","|Resolve_problem|","|lösning|","|","|","|lösning..nn.1|","positive","24","CJ","NN.UTR.PLU.IND.NOM","NN","23","|Case=Nom|Definite=Ind|Gender=Com|Number=Plur|","|lösning..2:0.996|lösning..1:0.004|"
"","och","|","|","|och|","|","|","|och..kn.1|","null","22","PA","KN","KN","24","|","|och..1:-1.000|"
"","samarbetsformer","|","|","|samarbetsform|","|samarbete..nn.1+form..nn.2:5.927e-13|sam..sxc.1+arbetsform..nn.1:6.925e-20|sam..sxc.1+arbete..nn.1+form..nn.2:6.519e-26|","|samarbets+former|sam+arbetsformer|sam+arbets+former|","|samarbetsform..nn.1|","null","24","CJ","NN.UTR.PLU.IND.NOM","NN","25","|Case=Nom|Definite=Ind|Gender=Com|Number=Plur|","|samarbetsform..1:-1.000|"
"",".","|","|","|","|","|","|","null","2","IP","MAD","MAD","26","|","|"
"# Svenska partiprogram och valmanifest; text attributes: text_source: """", text_party: ""m"", text_blingbring: ""|fortgång:9.103|betalning:7.93|filantropi:7.856|"", text__id: ""9757"", text_lix: ""51.87"", text_nk: ""1.71"", text_ovix: ""69.72"", text_year: ""1993"", text_type: ""Handlingsprogram"", text_type_id: ""h"", text_title: ""Moderaternas handlingsprogram 1993"", text_swefn: ""|Being_obligatory:60.881|Use_as_a_starting_point:39.874|People_by_jurisdiction:39.681|"", text_party_name: ""Moderaterna""","","","","","","","","","","","","","","",""
"","Ett","|","|","|en|","|","|","|en..al.1|","null","3","DT","DT.NEU.SIN.IND","DT","1","|Definite=Ind|Gender=Neut|Number=Sing|","|den..1:-1.000|en..2:-1.000|"
"","brett","|betydenhet|stil|storhet|utsträckning|vidd|","|Dimension|","|bred|","|","|","|bred..av.1|","neutral","3","AT","JJ.POS.NEU.SIN.IND.NOM","JJ","2","|Case=Nom|Definite=Ind|Degree=Pos|Gender=Neut|Number=Sing|","|bred..1:0.724|bred..2:0.276|"
"","utbud","|anbud|försäljning|","|","|utbud|","|ut..ab.1+bud..nn.1:1.077e-09|","|ut+bud|","|utbud..nn.1|","neutral","12","SS","NN.NEU.SIN.IND.NOM","NN","3","|Case=Nom|Definite=Ind|Gender=Neut|Number=Sing|","|utbud..1:-1.000|"
"","av","|","|","|av|","|","|","|av..pp.1|","null","3","ET","PP","PP","4","|","|av..1:-1.000|"
"","tidningar","|bok|meddelande|minnesmärke|offentliggörande|skildring|","|Text|","|tidning|","|","|","|tidning..nn.1|","neutral","10","CJ","NN.UTR.PLU.IND.NOM","NN","5","|Case=Nom|Definite=Ind|Gender=Com|Number=Plur|","|tidning..1:-1.000|"
"",",","|","|","|","|","|","|","null","10","IK","MID","MID","6","|","|"
"","tidskrifter","|bok|minnesmärke|offentliggörande|","|Text|","|tidskrift|","|tid..nn.1+skrift..nn.1:1.184e-09|","|tid+skrifter|","|tidskrift..nn.1|","neutral","10","CJ","NN.UTR.PLU.IND.NOM","NN","7","|Case=Nom|Definite=Ind|Gender=Com|Number=Plur|","|tidskrift..1:-1.000|"
"",",","|","|","|","|","|","|","null","10","IK","MID","MID","8","|","|"
"","radio","|meddelande|","|Artifact_tool|","|radio|","|","|","|radio..nn.1|","neutral","10","CJ","NN.UTR.SIN.IND.NOM","NN","9","|Case=Nom|Definite=Ind|Gender=Com|Number=Sing|","|radio..1:0.986|radio..2:0.014|"
"","och","|","|","|och|","|","|","|och..kn.1|","null","4","PA","KN","KN","10","|","|och..1:-1.000|"
"","television","|","|","|television|","|tele..sxc.1+vision..nn.1:4.120e-12|te..nn.1+le..vb.1+vision..nn.1:9.397e-20|te..nn.1+le..av.1+vision..nn.1:8.839e-27|","|tele+vision|te+le+vision|","|television..nn.1|","neutral","10","CJ","NN.UTR.SIN.IND.NOM","NN","11","|Case=Nom|Definite=Ind|Gender=Com|Number=Sing|","|TV..1:-1.000|"
"***","skapar","|alstring|form|förmåga|grund|gudom|skicklighet|tillvaro|verklighet|","|Intentionally_create|","|skapa|","|","|","|skapa..vb.1|","neutral","null","ROOT","VB.PRS.AKT","VB","12","|Mood=Ind|Tense=Pres|VerbForm=Fin|Voice=Act|","|skapa..1:-1.000|"
"***","förutsättningar","|antagande|betingelse|bevis|förbehåll|förhand|förhoppning|förmåga|grund|logik|omständighet|tankeämne|","|","|förutsättning|","|förut..ab.1+sättning..nn.1:4.029e-12|för..nn.1+ut..ab.1+sättning..nn.1:3.134e-21|föra..vb.1+ut..ab.1+sättning..nn.1:4.884e-22|","|förut+sättningar|för+ut+sättningar|","|förutsättning..nn.1|","neutral","12","OO","NN.UTR.PLU.IND.NOM","NN","13","|Case=Nom|Definite=Ind|Gender=Com|Number=Plur|","|förutsättning..1:-1.000|"
"***","för","|","|","|för|","|","|","|för..pp.1|","null","12","OA","PP","PP","14","|","|för..1:-1.000|för..5:-1.000|för..6:-1.000|för..7:-1.000|för..9:-1.000|"
"","en","|","|","|en|","|","|","|en..al.1|","null","18","DT","DT.UTR.SIN.IND","DT","15","|Definite=Ind|Gender=Com|Number=Sing|","|den..1:-1.000|en..2:-1.000|"
"","levande","|","|","|leva|levande|","|le..vb.1+vänja..vb.1:5.393e-15|le..av.1+vänja..vb.1:7.176e-22|","|le+vande|","|leva..vb.1|levande..av.1|","neutral","18","AT","PC.PRS.UTR+NEU.SIN+PLU.IND+DEF.NOM","PC","16","|Case=Nom|Definite=Def,Ind|Gender=Com,Neut|Number=Plur,Sing|Tense=Pres|VerbForm=Part|","|levande..1:0.785|leva..1:0.215|"
"","samhälls-","|förbindelse|förening|människa|","|","|samhälle|","|","|","|samhälle..nn.1|","neutral","18","CJ","NN.UTR.-.-.SMS","NN","17","|Compound=Yes|Gender=Com|","|samhälle..1:0.989|samhälle..2:0.011|"
"","och","|","|","|och|","|","|","|och..kn.1|","null","14","PA","KN","KN","18","|","|och..1:-1.000|"
"","kulturdebatt","|","|Discussion|","|kulturdebatt|","|kultur..nn.1+debatt..nn.1:5.816e-10|kul..av.1+tur..nn.1+debatt..nn.1:1.371e-14|kul..av.1+tur..nn.2+debatt..nn.1:1.371e-14|kula..nn.1+tur..nn.1+debatt..nn.1:1.533e-23|kula..nn.1+tur..nn.2+debatt..nn.1:1.533e-23|","|kultur+debatt|kul+tur+debatt|","|kulturdebatt..nn.1|","null","18","CJ","NN.UTR.SIN.IND.NOM","NN","19","|Case=Nom|Definite=Ind|Gender=Com|Number=Sing|","|kulturdebatt..1:-1.000|"
"",".","|","|","|","|","|","|","null","12","IP","MAD","MAD","20","|","|"
"# Svenska partiprogram och valmanifest; text attributes: text_source: """", text_party: ""m"", text_blingbring: ""|fortgång:9.103|betalning:7.93|filantropi:7.856|"", text__id: ""9757"", text_lix: ""51.87"", text_nk: ""1.71"", text_ovix: ""69.72"", text_year: ""1993"", text_type: ""Handlingsprogram"", text_type_id: ""h"", text_title: ""Moderaternas handlingsprogram 1993"", text_swefn: ""|Being_obligatory:60.881|Use_as_a_starting_point:39.874|People_by_jurisdiction:39.681|"", text_party_name: ""Moderaterna""","","","","","","","","","","","","","","",""
"","Det","|","|","|den|","|","|","|den..pn.1|","null","2","SS","PN.NEU.SIN.DEF.SUB+OBJ","PN","1","|Case=Acc,Nom|Definite=Def|Gender=Neut|Number=Sing|","|den..2:-1.000|"
"***","skapar","|alstring|form|förmåga|grund|gudom|skicklighet|tillvaro|verklighet|","|Intentionally_create|","|skapa|","|","|","|skapa..vb.1|","neutral","null","ROOT","VB.PRS.AKT","VB","2","|Mood=Ind|Tense=Pres|VerbForm=Fin|Voice=Act|","|skapa..1:-1.000|"
"***","förutsättningar","|antagande|betingelse|bevis|förbehåll|förhand|förhoppning|förmåga|grund|logik|omständighet|tankeämne|","|","|förutsättning|","|förut..ab.1+sättning..nn.1:4.029e-12|för..nn.1+ut..ab.1+sättning..nn.1:3.134e-21|föra..vb.1+ut..ab.1+sättning..nn.1:4.884e-22|","|förut+sättningar|för+ut+sättningar|","|förutsättning..nn.1|","neutral","2","OO","NN.UTR.PLU.IND.NOM","NN","3","|Case=Nom|Definite=Ind|Gender=Com|Number=Plur|","|förutsättning..1:-1.000|"
"***","för","|","|","|för|","|","|","|för..pp.1|","null","3","ET","PP","PP","4","|","|för..1:-1.000|för..5:-1.000|för..6:-1.000|för..7:-1.000|för..9:-1.000|"
"","beslutsfattande","|","|","|beslutsfattande|","|beslut..nn.1+fattande..nn.1:1.006e-14|beslut..nn.1+fatt..av.1+ande..nn.1:4.988e-21|","|besluts+fattande|besluts+fatt+ande|","|beslutsfattande..nn.1|","null","6","CJ","NN.NEU.SIN.IND.NOM","NN","5","|Case=Nom|Definite=Ind|Gender=Neut|Number=Sing|","|beslutsfattande..2:-1.000|"
"","och","|","|","|och|","|","|","|och..kn.1|","null","4","PA","KN","KN","6","|","|och..1:-1.000|"
"","handling","|bevis|företag|företeelse|göromål|minnesmärke|teater|tryckning|","|Intentionally_act|","|handling|","|","|","|handling..nn.1|","neutral","6","CJ","NN.UTR.SIN.IND.NOM","NN","7","|Case=Nom|Definite=Ind|Gender=Com|Number=Sing|","|handling..1:0.936|handling..2:0.064|"
"","på","|","|","|på|","|","|","|på..pp.1|","null","6","ET","PP","PP","8","|","|på..1:-1.000|"
"","de","|","|","|en|","|","|","|en..al.1|","null","10","DT","DT.UTR+NEU.PLU.DEF","DT","9","|Definite=Def|Gender=Com,Neut|Number=Plur|","|den..1:-1.000|en..2:-1.000|"
"","områden","|avstånd|frihet|klass|läge|plats|region|utsträckning|","|Locale|","|område|","|om..ab.1+råd..nn.1:4.613e-11|om..ab.1+råd..nn.2:4.613e-11|om..nn.1+råd..nn.1:1.242e-19|om..nn.1+råd..nn.2:1.242e-19|","|om+råden|","|område..nn.1|","neutral","8","PA","NN.NEU.PLU.IND.NOM","NN","10","|Case=Nom|Definite=Ind|Gender=Neut|Number=Plur|","|område..1:0.604|område..2:0.396|"
"","som","|","|","|","|","|","|","null","12","SS","HP.-.-.-","HP","11","|","|"
"","är","|förtid|långvarighet|varaktighet|","|Existence|","|vara|","|","|","|vara..vb.1|","neutral","10","ET","VB.PRS.AKT","VB","12","|Mood=Ind|Tense=Pres|VerbForm=Fin|Voice=Act|","|vara..1:-1.000|"
"","alleuropeiska","|","|","|alleuropeisk|","|all..sxc.1+europeisk..av.1:2.442e-11|","|all+europeiska|","|alleuropeisk..av.1|","null","14","AT","JJ.POS.UTR+NEU.PLU.IND+DEF.NOM","JJ","13","|Case=Nom|Definite=Def,Ind|Degree=Pos|Gender=Com,Neut|Number=Plur|","|alleuropeisk..1:-1.000|"
"","utmaningar","|anklagelse|drivfjäder|hot|obehag|strid|tvedräkt|utmaning|","|Competition|","|utmaning|","|ut..ab.1+maning..nn.1:5.937e-12|","|ut+maningar|","|utmaning..nn.1|","neutral","12","SP","NN.UTR.PLU.IND.NOM","NN","14","|Case=Nom|Definite=Ind|Gender=Com|Number=Plur|","|utmaning..1:-1.000|"
"",":","|","|","|","|","|","|","null","14","IQ","MID","MID","15","|","|"
"","Central-","|","|Locale_by_use|","|central|","|","|","|central..nn.1|","neutral","27","CJ","NN.UTR.-.-.SMS","NN","16","|Compound=Yes|Gender=Com|","|central..2:-1.000|"
"","och","|","|","|och|","|","|","|och..kn.1|","null","27","CJ","KN","KN","17","|","|och..1:-1.000|"
"","Östeuropas","|","|","|Östeuropa|","|","|","|Östeuropa..pm.1|","null","20","AT","PM.GEN","PM","18","|Case=Gen|","|Östeuropa..1:-1.000|"
"","fredliga","|endräkt|fredsslut|frid|medelmåttighet|vänskap|","|","|fredlig|","|","|","|fredlig..av.1|","positive","20","AT","JJ.POS.UTR+NEU.SIN.DEF.NOM","JJ","19","|Case=Nom|Definite=Def|Degree=Pos|Gender=Com,Neut|Number=Sing|","|fredlig..1:-1.000|"
"","omvandling","|","|Cause_change|","|omvandling|","|","|","|omvandling..nn.1|","null","21","CJ","NN.UTR.SIN.IND.NOM","NN","20","|Case=Nom|Definite=Ind|Gender=Com|Number=Sing|","|omvandling..1:-1.000|"
"","och","|","|","|och|","|","|","|och..kn.1|","null","27","CJ","KN","KN","21","|","|och..1:-1.000|"
"","integration","|","|","|integration|","|in..ab.1+teg..nn.1+ration..nn.1:3.968e-25|","|in+teg+ration|","|integration..nn.1|","null","21","CJ","NN.UTR.SIN.IND.NOM","NN","22","|Case=Nom|Definite=Ind|Gender=Com|Number=Sing|","|integration..1:-1.000|"
"","med","|","|","|med|","|","|","|med..pp.1|","null","22","ET","PP","PP","23","|","|med..1:-1.000|med..2:-1.000|"
"","det","|","|","|den|en|","|","|","|den..pn.1|en..al.1|","null","26","DT","DT.NEU.SIN.DEF","DT","24","|Definite=Def|Gender=Neut|Number=Sing|","|den..1:-1.000|den..2:-1.000|en..2:-1.000|"
"","övriga","|återstod|","|","|övrig|","|","|","|övrig..pn.1|","null","26","DT","JJ.POS.UTR+NEU.SIN.DEF.NOM","JJ","25","|Case=Nom|Definite=Def|Degree=Pos|Gender=Com,Neut|Number=Sing|","|övrig..1:-1.000|"
"","Europa","|","|","|Europa|","|","|","|Europa..pm.1|Europa..pm.2|","null","27","CJ","PM.NOM","PM","26","|Case=Nom|","|Europa..1:-1.000|Europa..2:-1.000|"
"",",","|","|","|","|","|","|","null","14","AN","MID","MID","27","|","|"
"","vården","|beteckning|försvar|hjälp|kvarhållande|ledning|omsorg|skydd|skyddsmedel|","|Medical_interaction_scenario|","|vård|","|","|","|vård..nn.1|vård..nn.2|vård..nn.3|","neutral","27","CJ","NN.UTR.SIN.DEF.NOM","NN","28","|Case=Nom|Definite=Def|Gender=Com|Number=Sing|","|vård..2:0.471|vård..1:0.183|våd..1:0.125|vård..4:0.120|vård..3:0.098|våd..2:0.004|"
"","av","|","|","|av|","|","|","|av..pp.1|","null","28","ET","PP","PP","29","|","|av..1:-1.000|"
"","den","|","|","|den|en|","|","|","|den..pn.1|en..al.1|","null","35","DT","DT.UTR.SIN.DEF","DT","30","|Definite=Def|Gender=Com|Number=Sing|","|den..1:-1.000|den..2:-1.000|en..2:-1.000|"
"","öppna","|avbrott|begriplighet|betydelse|framsida|frihet|lättrogenhet|menlöshet|omängdhet|oskuld|redlighet|riktighet|sannfärdighet|utsida|utvidgning|ögonskenlighet|öppning|","|Openness|","|öppen|","|","|","|öppen..av.1|","neutral","32","AT","JJ.POS.UTR+NEU.SIN.DEF.NOM","JJ","31","|Case=Nom|Definite=Def|Degree=Pos|Gender=Com,Neut|Number=Sing|","|öppen..1:0.821|öppen..5:0.078|öppen..4:0.055|öppen..3:0.036|öppen..2:0.009|"
"","ekonomin","|egendom|förfarande|ordning|sparsamhet|","|Economy|","|ekonomi|","|ekonom..nn.1+i..nn.1:8.101e-20|","|ekonom+in|","|ekonomi..nn.1|","neutral","35","CJ","NN.UTR.SIN.DEF.NOM","NN","32","|Case=Nom|Definite=Def|Gender=Com|Number=Sing|","|ekonomi..1:0.914|ekonomi..2:0.086|"
"",",","|","|","|","|","|","|","null","35","IK","MID","MID","33","|","|"
"","miljö-","|närhet|omgivning|","|","|miljö|","|","|","|miljö..nn.1|","neutral","35","CJ","NN.UTR.-.-.SMS","NN","34","|Compound=Yes|Gender=Com|","|miljö..1:-1.000|"
"","och","|","|","|och|","|","|","|och..kn.1|","null","29","PA","KN","KN","35","|","|och..1:-1.000|"
"","migrationspolitiken","|","|","|migrationspolitik|","|migration..nn.1+politik..nn.1:1.184e-12|","|migrations+politiken|","|","null","35","CJ","NN.UTR.SIN.DEF.NOM","NN","36","|Case=Nom|Definite=Def|Gender=Com|Number=Sing|","|"
"",".","|","|","|","|","|","|","null","2","IP","MAD","MAD","37","|","|"
"# Svenska partiprogram och valmanifest; text attributes: text_source: """", text_party: ""m"", text_blingbring: ""|fortgång:9.103|betalning:7.93|filantropi:7.856|"", text__id: ""9757"", text_lix: ""51.87"", text_nk: ""1.71"", text_ovix: ""69.72"", text_year: ""1993"", text_type: ""Handlingsprogram"", text_type_id: ""h"", text_title: ""Moderaternas handlingsprogram 1993"", text_swefn: ""|Being_obligatory:60.881|Use_as_a_starting_point:39.874|People_by_jurisdiction:39.681|"", text_party_name: ""Moderaterna""","","","","","","","","","","","","","","",""
"","Ekonomisk","|anskaffning|förfarande|ledning|skicklighet|sparsamhet|","|Economy|","|ekonomisk|","|","|","|ekonomisk..av.1|ekonomisk..av.2|","neutral","2","AT","JJ.POS.UTR.SIN.IND.NOM","JJ","1","|Case=Nom|Definite=Ind|Degree=Pos|Gender=Com|Number=Sing|","|ekonomisk..1:0.994|ekonomisk..3:0.005|ekonomisk..2:0.001|"
"","frihet","|avvikelse|frihet|lättvindighet|löshet|räddning|söndring|vilja|","|","|frihet|","|","|","|frihet..nn.1|","positive","3","SS","NN.UTR.SIN.IND.NOM","NN","2","|Case=Nom|Definite=Ind|Gender=Com|Number=Sing|","|frihet..1:-1.000|"
"***","skapar","|alstring|form|förmåga|grund|gudom|skicklighet|tillvaro|verklighet|","|Intentionally_create|","|skapa|","|","|","|skapa..vb.1|","neutral","null","ROOT","VB.PRS.AKT","VB","3","|Mood=Ind|Tense=Pres|VerbForm=Fin|Voice=Act|","|skapa..1:-1.000|"
"***","förutsättningar","|antagande|betingelse|bevis|förbehåll|förhand|förhoppning|förmåga|grund|logik|omständighet|tankeämne|","|","|förutsättning|","|förut..ab.1+sättning..nn.1:4.029e-12|för..nn.1+ut..ab.1+sättning..nn.1:3.134e-21|föra..vb.1+ut..ab.1+sättning..nn.1:4.884e-22|","|förut+sättningar|för+ut+sättningar|","|förutsättning..nn.1|","neutral","3","OO","NN.UTR.PLU.IND.NOM","NN","4","|Case=Nom|Definite=Ind|Gender=Com|Number=Plur|","|förutsättning..1:-1.000|"
"***","för","|","|","|för|","|","|","|för..pp.1|","null","4","ET","PP","PP","5","|","|för..1:-1.000|för..5:-1.000|för..6:-1.000|för..7:-1.000|för..9:-1.000|"
"","individuell","|beteckning|ental|människa|särskildhet|verklighet|","|","|individuell|","|","|","|individuell..av.1|","neutral","7","AT","JJ.POS.UTR.SIN.IND.NOM","JJ","6","|Case=Nom|Definite=Ind|Degree=Pos|Gender=Com|Number=Sing|","|individuell..1:-1.000|"
"","frigörelse","|befrielse|frikallelse|lättvindighet|löshet|räddning|","|","|frigörelse|","|","|","|frigörelse..nn.1|","null","8","CJ","NN.UTR.SIN.IND.NOM","NN","7","|Case=Nom|Definite=Ind|Gender=Com|Number=Sing|","|frigörelse..1:-1.000|"
"","och","|","|","|och|","|","|","|och..kn.1|","null","5","PA","KN","KN","8","|","|och..1:-1.000|"
"","social","|gemensamhet|människa|","|","|social|","|","|","|social..av.1|","neutral","10","AT","JJ.POS.UTR.SIN.IND.NOM","JJ","9","|Case=Nom|Definite=Ind|Degree=Pos|Gender=Com|Number=Sing|","|social..1:0.986|social..2:0.014|"
"","rörlighet","|rörelse|snabbhet|verksamhetsbegär|","|","|rörlighet|","|","|","|rörlighet..nn.1|","null","8","CJ","NN.UTR.SIN.IND.NOM","NN","10","|Case=Nom|Definite=Ind|Gender=Com|Number=Sing|","|rörlighet..1:0.998|rörlighet..2:0.002|"
"",".","|","|","|","|","|","|","null","3","IP","MAD","MAD","11","|","|"
"# Svenska partiprogram och valmanifest; text attributes: text_source: """", text_party: ""m"", text_blingbring: ""|fortgång:9.103|betalning:7.93|filantropi:7.856|"", text__id: ""9757"", text_lix: ""51.87"", text_nk: ""1.71"", text_ovix: ""69.72"", text_year: ""1993"", text_type: ""Handlingsprogram"", text_type_id: ""h"", text_title: ""Moderaternas handlingsprogram 1993"", text_swefn: ""|Being_obligatory:60.881|Use_as_a_starting_point:39.874|People_by_jurisdiction:39.681|"", text_party_name: ""Moderaterna""","","","","","","","","","","","","","","",""
"","Privatiseringar","|","|","|privatisering|","|","|","|privatisering..nn.1|","null","2","SS","NN.UTR.PLU.IND.NOM","NN","1","|Case=Nom|Definite=Ind|Gender=Com|Number=Plur|","|privatisering..1:-1.000|"
"***","skapar","|alstring|form|förmåga|grund|gudom|skicklighet|tillvaro|verklighet|","|Intentionally_create|","|skapa|","|","|","|skapa..vb.1|","neutral","null","ROOT","VB.PRS.AKT","VB","2","|Mood=Ind|Tense=Pres|VerbForm=Fin|Voice=Act|","|skapa..1:-1.000|"
"***","förutsättningar","|antagande|betingelse|bevis|förbehåll|förhand|förhoppning|förmåga|grund|logik|omständighet|tankeämne|","|","|förutsättning|","|förut..ab.1+sättning..nn.1:4.029e-12|för..nn.1+ut..ab.1+sättning..nn.1:3.134e-21|föra..vb.1+ut..ab.1+sättning..nn.1:4.884e-22|","|förut+sättningar|för+ut+sättningar|","|förutsättning..nn.1|","neutral","2","OO","NN.UTR.PLU.IND.NOM","NN","3","|Case=Nom|Definite=Ind|Gender=Com|Number=Plur|","|förutsättning..1:-1.000|"
"***","för","|","|","|för|","|","|","|för..pp.1|","null","9","CJ","PP","PP","4","|","|för..1:-1.000|för..5:-1.000|för..6:-1.000|för..7:-1.000|för..9:-1.000|"
"","en","|","|","|en|","|","|","|en..al.1|","null","8","DT","DT.UTR.SIN.IND","DT","5","|Definite=Ind|Gender=Com|Number=Sing|","|den..1:-1.000|en..2:-1.000|"
"","sundare","|fullkomlighet|förvaring|gott|hälsa|hälsosamhet|oskuld|skydd|vett|","|Health_status|","|sund|","|","|","|sund..av.1|","null","8","AT","JJ.KOM.UTR+NEU.SIN+PLU.IND+DEF.NOM","JJ","6","|Case=Nom|Definite=Def,Ind|Degree=Cmp|Gender=Com,Neut|Number=Plur,Sing|","|sund..1:-1.000|"
"","offentlig","|offentliggörande|tillstädesvaro|ögonskenlighet|","|","|offentlig|","|","|","|offentlig..av.1|","neutral","8","AT","JJ.POS.UTR.SIN.IND.NOM","JJ","7","|Case=Nom|Definite=Ind|Degree=Pos|Gender=Com|Number=Sing|","|offentlig..1:-1.000|"
"","ekonomi","|egendom|förfarande|ordning|sparsamhet|","|Economy|","|ekonomi|","|","|","|ekonomi..nn.1|","neutral","4","PA","NN.UTR.SIN.IND.NOM","NN","8","|Case=Nom|Definite=Ind|Gender=Com|Number=Sing|","|ekonomi..1:0.996|ekonomi..2:0.004|"
"","och","|","|","|och|","|","|","|och..kn.1|","null","2","OA","KN","KN","9","|","|och..1:-1.000|"
"","för","|","|","|för|","|","|","|för..pp.1|","null","9","CJ","PP","PP","10","|","|för..1:-1.000|för..5:-1.000|för..6:-1.000|för..7:-1.000|för..9:-1.000|"
"","högre","|betydenhet|färg|höjning|lyftning|topp|utsträckning|överlägsenhet|","|Measurable_attributes|","|hög|","|","|","|hög..av.1|","neutral","12","AT","JJ.KOM.UTR+NEU.SIN+PLU.IND+DEF.NOM","JJ","11","|Case=Nom|Definite=Def,Ind|Degree=Cmp|Gender=Com,Neut|Number=Plur,Sing|","|hög..1:0.971|hög..3:0.029|hög..4:0.000|hög..5:0.000|"
"","lönsamhet","|","|","|lönsamhet|","|","|","|lönsamhet..nn.1|","null","10","PA","NN.UTR.SIN.IND.NOM","NN","12","|Case=Nom|Definite=Ind|Gender=Com|Number=Sing|","|lönsamhet..1:-1.000|"
"","i","|","|","|i|","|","|","|i..pp.1|","null","12","ET","PP","PP","13","|","|i..2:-1.000|"
"","de","|","|","|en|","|","|","|en..al.1|","null","16","DT","DT.UTR+NEU.PLU.DEF","DT","14","|Definite=Def|Gender=Com,Neut|Number=Plur|","|den..1:-1.000|en..2:-1.000|"
"","enskilda","|ental|insida|särskildhet|","|","|enskild|","|en..nn.1+skild..av.1:1.599e-12|en..nl.1+skild..av.1:1.280e-12|","|en+skilda|","|enskild..av.1|","neutral","16","AT","JJ.POS.UTR+NEU.PLU.IND+DEF.NOM","JJ","15","|Case=Nom|Definite=Def,Ind|Degree=Pos|Gender=Com,Neut|Number=Plur|","|enskild..1:-1.000|"
"","verksamheterna","|ansträngning|arbete|företag|förmåga|göromål|inflytande|kraftyttring|nytta|raskhet|verksamhet|viktighet|","|","|verksamhet|","|","|","|verksamhet..nn.1|","neutral","13","PA","NN.UTR.PLU.DEF.NOM","NN","16","|Case=Nom|Definite=Def|Gender=Com|Number=Plur|","|verksamhet..1:-1.000|"
"",".","|","|","|","|","|","|","null","2","IP","MAD","MAD","17","|","|"
"# Svenska partiprogram och valmanifest; text attributes: text_source: """", text_party: ""m"", text_blingbring: ""|fortgång:9.103|betalning:7.93|filantropi:7.856|"", text__id: ""9757"", text_lix: ""51.87"", text_nk: ""1.71"", text_ovix: ""69.72"", text_year: ""1993"", text_type: ""Handlingsprogram"", text_type_id: ""h"", text_title: ""Moderaternas handlingsprogram 1993"", text_swefn: ""|Being_obligatory:60.881|Use_as_a_starting_point:39.874|People_by_jurisdiction:39.681|"", text_party_name: ""Moderaterna""","","","","","","","","","","","","","","",""
"","Detta","|","|","|denna|","|","|","|denna..pn.1|","null","2","SS","PN.NEU.SIN.DEF.SUB+OBJ","PN","1","|Case=Acc,Nom|Definite=Def|Gender=Neut|Number=Sing|","|denna..1:-1.000|"
"***","skapar","|alstring|form|förmåga|grund|gudom|skicklighet|tillvaro|verklighet|","|Intentionally_create|","|skapa|","|","|","|skapa..vb.1|","neutral","null","ROOT","VB.PRS.AKT","VB","2","|Mood=Ind|Tense=Pres|VerbForm=Fin|Voice=Act|","|skapa..1:-1.000|"
"***","förutsättningar","|antagande|betingelse|bevis|förbehåll|förhand|förhoppning|förmåga|grund|logik|omständighet|tankeämne|","|","|förutsättning|","|förut..ab.1+sättning..nn.1:4.029e-12|för..nn.1+ut..ab.1+sättning..nn.1:3.134e-21|föra..vb.1+ut..ab.1+sättning..nn.1:4.884e-22|","|förut+sättningar|för+ut+sättningar|","|förutsättning..nn.1|","neutral","2","OO","NN.UTR.PLU.IND.NOM","NN","3","|Case=Nom|Definite=Ind|Gender=Com|Number=Plur|","|förutsättning..1:-1.000|"
"***","för","|","|","|för|","|","|","|för..pp.1|","null","3","ET","PP","PP","4","|","|för..1:-1.000|för..5:-1.000|för..6:-1.000|för..7:-1.000|för..9:-1.000|"
"","ett","|","|","|en|","|","|","|en..al.1|","null","6","DT","DT.NEU.SIN.IND","DT","5","|Definite=Ind|Gender=Neut|Number=Sing|","|den..1:-1.000|en..2:-1.000|"
"","marknads-","|bytande|försäljning|handel|helhet|","|","|marknad|","|","|","|marknad..nn.1|","neutral","7","CJ","NN.UTR.-.-.SMS","NN","6","|Compound=Yes|Gender=Com|","|marknad..2:0.634|marknad..1:0.366|"
"","och","|","|","|och|","|","|","|och..kn.1|","null","4","PA","KN","KN","7","|","|och..1:-1.000|"
"","patien-","|","|","|","|","|","|","null","7","CJ","NN.UTR.-.-.SMS","NN","8","|Compound=Yes|Gender=Com|","|"
"","torienterat","|","|","|","|","|","|","null","10","AT","PC.PRF.NEU.SIN.IND.NOM","PC","9","|Case=Nom|Definite=Ind|Gender=Neut|Number=Sing|Tense=Past|VerbForm=Part|","|"
"","system","|form|helhet|metod|ordning|planmässighet|reglering|struktur|tankeämne|tillstånd|","|System|","|system|","|","|","|system..nn.1|","neutral","4","PA","NN.NEU.SIN.IND.NOM","NN","10","|Case=Nom|Definite=Ind|Gender=Neut|Number=Sing|","|system..1:0.920|system..2:0.080|"
"",".","|","|","|","|","|","|","null","2","IP","MAD","MAD","11","|","|"
"# Svenska partiprogram och valmanifest; text attributes: text_source: """", text_party: ""m"", text_blingbring: ""|fortgång:9.103|betalning:7.93|filantropi:7.856|"", text__id: ""9757"", text_lix: ""51.87"", text_nk: ""1.71"", text_ovix: ""69.72"", text_year: ""1993"", text_type: ""Handlingsprogram"", text_type_id: ""h"", text_title: ""Moderaternas handlingsprogram 1993"", text_swefn: ""|Being_obligatory:60.881|Use_as_a_starting_point:39.874|People_by_jurisdiction:39.681|"", text_party_name: ""Moderaterna""","","","","","","","","","","","","","","",""
"","Ett","|","|","|en|","|","|","|en..al.1|","null","3","DT","DT.NEU.SIN.IND","DT","1","|Definite=Ind|Gender=Neut|Number=Sing|","|den..1:-1.000|en..2:-1.000|"
"","rikt","|egendom|fruktbarhet|förvärv|inrymning|rikedom|tillräcklighet|","|Wealthiness|","|rik|","|","|","|rik..av.1|","positive","3","AT","JJ.POS.NEU.SIN.IND.NOM","JJ","2","|Case=Nom|Definite=Ind|Degree=Pos|Gender=Neut|Number=Sing|","|rik..1:0.823|rik..2:0.177|"
"","kulturliv","|hövlighet|modesak|människa|","|","|kulturliv|","|kultur..nn.1+liv..nn.1:4.455e-09|kul..av.1+tur..nn.1+liv..nn.1:1.051e-13|kul..av.1+tur..nn.2+liv..nn.1:1.051e-13|kula..nn.1+tur..nn.1+liv..nn.1:1.174e-22|kula..nn.1+tur..nn.2+liv..nn.1:1.174e-22|","|kultur+liv|kul+tur+liv|","|kulturliv..nn.1|","null","4","SS","NN.NEU.SIN.IND.NOM","NN","3","|Case=Nom|Definite=Ind|Gender=Neut|Number=Sing|","|kulturliv..1:-1.000|"
"","befordrar","|anseende|bemyndigande|förbättring|gott|hjälp|läglighet|lättvindighet|lön|medverkan|nytta|samverkan|tilltagande|verksamhetsbegär|överföring|","|Import_export_scenario|","|befordra|","|","|","|befordra..vb.1|","null","9","MS","VB.PRS.AKT","VB","4","|Mood=Ind|Tense=Pres|VerbForm=Fin|Voice=Act|","|befordra..1:0.963|befordra..2:0.037|"
"","mångfasetterade","|","|","|mångfasetterad|","|mång..sxc.1+fasetterad..av.1:8.776e-17|mång..sxc.1+fasettera..vb.1:1.926e-17|","|mång+fasetterade|","|mångfasetterad..av.1|","null","6","CJ","PC.PRF.UTR+NEU.PLU.IND+DEF.NOM","PC","5","|Case=Nom|Definite=Def,Ind|Gender=Com,Neut|Number=Plur|Tense=Past|VerbForm=Part|","|mångfasetterad..1:-1.000|"
"",",","|","|","|","|","|","|","null","8","AT","MID","MID","6","|","|"
"","reflekterande","|","|","|reflektera|","|","|","|reflektera..vb.1|","null","6","CJ","PC.PRS.UTR+NEU.SIN+PLU.IND+DEF.NOM","PC","7","|Case=Nom|Definite=Def,Ind|Gender=Com,Neut|Number=Plur,Sing|Tense=Pres|VerbForm=Part|","|reflektera..1:0.630|reflektera..2:0.370|"
"","personligheter","|förtal|helhet|inre_väsen|människa|okroppslighet|sinnesart|särskildhet|ursprunglighet|","|","|personlighet|","|","|","|personlighet..nn.1|","null","4","OO","NN.UTR.PLU.IND.NOM","NN","8","|Case=Nom|Definite=Ind|Gender=Com|Number=Plur|","|personlighet..1:-1.000|"
"","och","|","|","|och|","|","|","|och..kn.1|","null","null","ROOT","KN","KN","9","|","|och..1:-1.000|"
"***","skapar","|alstring|form|förmåga|grund|gudom|skicklighet|tillvaro|verklighet|","|Intentionally_create|","|skapa|","|","|","|skapa..vb.1|","neutral","9","+F","VB.PRS.AKT","VB","10","|Mood=Ind|Tense=Pres|VerbForm=Fin|Voice=Act|","|skapa..1:-1.000|"
"***","förutsättningar","|antagande|betingelse|bevis|förbehåll|förhand|förhoppning|förmåga|grund|logik|omständighet|tankeämne|","|","|förutsättning|","|förut..ab.1+sättning..nn.1:4.029e-12|för..nn.1+ut..ab.1+sättning..nn.1:3.134e-21|föra..vb.1+ut..ab.1+sättning..nn.1:4.884e-22|","|förut+sättningar|för+ut+sättningar|","|förutsättning..nn.1|","neutral","10","OO","NN.UTR.PLU.IND.NOM","NN","11","|Case=Nom|Definite=Ind|Gender=Com|Number=Plur|","|förutsättning..1:-1.000|"
"***","för","|","|","|för|","|","|","|för..pp.1|","null","10","OA","PP","PP","12","|","|för..1:-1.000|för..5:-1.000|för..6:-1.000|för..7:-1.000|för..9:-1.000|"
"","ett","|","|","|en|","|","|","|en..al.1|","null","15","DT","DT.NEU.SIN.IND","DT","13","|Definite=Ind|Gender=Neut|Number=Sing|","|den..1:-1.000|en..2:-1.000|"
"","rikare","|egendom|fruktbarhet|förvärv|inrymning|rikedom|tillräcklighet|","|Wealthiness|","|rik|","|","|","|rik..av.1|","positive","15","AT","JJ.KOM.UTR+NEU.SIN+PLU.IND+DEF.NOM","JJ","14","|Case=Nom|Definite=Def,Ind|Degree=Cmp|Gender=Com,Neut|Number=Plur,Sing|","|rik..1:0.853|rik..2:0.147|"
"","liv","|liv|organism|påklädsel|rörelse|tillvaro|uppvaknande|","|Dead_or_alive|","|liv|","|","|","|liv..nn.1|","neutral","12","PA","NN.NEU.SIN.IND.NOM","NN","15","|Case=Nom|Definite=Ind|Gender=Neut|Number=Sing|","|liv..1:0.944|liv..6:0.032|liv..2:0.023|liv..5:0.002|liv..4:0.000|liv..3:0.000|"
"",".","|","|","|","|","|","|","null","9","IP","MAD","MAD","16","|","|"
"# Svenska partiprogram och valmanifest; text attributes: text_source: ""Hämtat från partiets officiella hemsida."", text_party: ""m"", text_blingbring: ""|räddning:9.049|gåpåare:8.791|osjälviskhet:8.724|"", text__id: ""4690"", text_lix: ""48.52"", text_nk: ""1.42"", text_ovix: ""63.27"", text_year: ""2011"", text_type: ""Idéprogram"", text_type_id: ""i"", text_title: ""Ansvar för hela Sverige"", text_swefn: ""|Make_possible_to_do:97.903|Cure_mod:56.358|Function:50.609|"", text_party_name: ""Moderaterna""","","","","","","","","","","","","","","",""
"","Den","|","|","|den|en|","|","|","|den..pn.1|en..al.1|","null","3","DT","DT.UTR.SIN.DEF","DT","1","|Definite=Def|Gender=Com|Number=Sing|","|den..1:-1.000|den..2:-1.000|en..2:-1.000|"
"","gemensamma","|beledsagning|förbindelse|förening|gemensamhet|sammanslutning|samverkan|vidfogning|ömsesidighet|","|Commonality|","|gemensam|","|gem..nn.1+ensam..av.1:4.978e-13|gem..nn.2+ensam..av.1:4.978e-13|","|gem+ensamma|","|gemensam..av.1|","neutral","3","AT","JJ.POS.UTR+NEU.SIN.DEF.NOM","JJ","2","|Case=Nom|Definite=Def|Degree=Pos|Gender=Com,Neut|Number=Sing|","|gemensam..1:-1.000|"
"","finansieringen","|","|Commerce_pay|","|finansiering|","|","|","|finansiering..nn.1|","neutral","9","SS","NN.UTR.SIN.DEF.NOM","NN","3","|Case=Nom|Definite=Def|Gender=Com|Number=Sing|","|finansiering..1:-1.000|"
"","tillsammans","|beledsagning|förbindelse|förening|samling|sammanslutning|samtidighet|samverkan|vidfogning|","|Accompaniment|","|tillsammans|","|","|","|tillsammans..ab.1|","null","5","AA","AB","AB","4","|","|tillsammans..1:-1.000|"
"","med","|","|","|med|","|","|","|med..pp.1|","null","3","ET","PP","PP","5","|","|med..1:-1.000|med..2:-1.000|"
"","valfrihet","|frihet|val|vilja|","|","|valfrihet|","|val..nn.1+frihet..nn.1:1.338e-09|val..nn.2+frihet..nn.1:1.338e-09|","|val+frihet|","|valfrihet..nn.1|","null","7","CJ","NN.UTR.SIN.IND.NOM","NN","6","|Case=Nom|Definite=Ind|Gender=Com|Number=Sing|","|valfrihet..1:-1.000|"
"","och","|","|","|och|","|","|","|och..kn.1|","null","5","PA","KN","KN","7","|","|och..1:-1.000|"
"","mångfald","|mängd|månggestaltning|olikhet|åtskillnad|","|Diversity|","|mångfald|","|","|","|mångfald..nn.1|","null","7","CJ","NN.UTR.SIN.IND.NOM","NN","8","|Case=Nom|Definite=Ind|Gender=Com|Number=Sing|","|mångfald..1:-1.000|"
"***","skapar","|alstring|form|förmåga|grund|gudom|skicklighet|tillvaro|verklighet|","|Intentionally_create|","|skapa|","|","|","|skapa..vb.1|","neutral","null","ROOT","VB.PRS.AKT","VB","9","|Mood=Ind|Tense=Pres|VerbForm=Fin|Voice=Act|","|skapa..1:-1.000|"
"***","förutsättningar","|antagande|betingelse|bevis|förbehåll|förhand|förhoppning|förmåga|grund|logik|omständighet|tankeämne|","|","|förutsättning|","|förut..ab.1+sättning..nn.1:4.029e-12|för..nn.1+ut..ab.1+sättning..nn.1:3.134e-21|föra..vb.1+ut..ab.1+sättning..nn.1:4.884e-22|","|förut+sättningar|för+ut+sättningar|","|förutsättning..nn.1|","neutral","9","OO","NN.UTR.PLU.IND.NOM","NN","10","|Case=Nom|Definite=Ind|Gender=Com|Number=Plur|","|förutsättning..1:-1.000|"
"***","för","|","|","|för|","|","|","|för..pp.1|","null","10","ET","PP","PP","11","|","|för..1:-1.000|för..5:-1.000|för..6:-1.000|för..7:-1.000|för..9:-1.000|"
"","varje","|","|","|","|","|","|","null","13","DT","DT.UTR+NEU.SIN.IND","DT","12","|Definite=Ind|Gender=Com,Neut|Number=Sing|","|"
"","elev","|lärjunge|","|Education_teaching|","|elev|","|","|","|elev..nn.1|","neutral","11","PA","NN.UTR.SIN.IND.NOM","NN","13","|Case=Nom|Definite=Ind|Gender=Com|Number=Sing|","|elev..1:0.976|elev..2:0.024|"
"","att","|","|","|att|","|","|","|att..sn.1|","null","19","MS","IE","IE","14","|","|att..1:-1.000|"
"","komma","|ankomst|följd|långsamhet|slump|tidsförhållande|övergång|överlägsenhet|","|Excreting|","|komma|komma_till_sin_rätt|","|","|","|komma..vb.1|komma_till_sin_rätt..vbm.1|","positive","14","IF","VB.INF.AKT","VB","15","|VerbForm=Inf|Voice=Act|","|komma..3:0.547|komma..1:0.453|komma_till_sin_rätt..1:-1.000|"
"","till","|","|","|till|komma_till_sin_rätt:15|","|","|","|till..pp.1|komma_till_sin_rätt..vbm.1:15|","null","15","OA","PP","PP","16","|","|komma_till_sin_rätt..1:15:-1.000|till..1:-1.000|"
"","sin","|","|","|sig|komma_till_sin_rätt:15|","|","|","|sig..pn.1|komma_till_sin_rätt..vbm.1:15|","null","18","DT","PS.UTR.SIN.DEF","PS","17","|Definite=Def|Gender=Com|Number=Sing|","|komma_till_sin_rätt..1:15:-1.000|sig..1:-1.000|"
"","rätt","|domstol|frihet|förtäring|laglighet|riktighet|rätt|rådsförsamling|","|Law|","|rätt|komma_till_sin_rätt:15|","|","|","|rätt..nn.1|rätt..nn.2|rätt..nn.3|komma_till_sin_rätt..vbm.1:15|","positive","16","PA","NN.UTR.SIN.IND.NOM","NN","18","|Case=Nom|Definite=Ind|Gender=Com|Number=Sing|","|rätt..2:0.965|rätt..3:0.027|rätt..4:0.008|komma_till_sin_rätt..1:15:-1.000|"
"","och","|","|","|och|","|","|","|och..kn.1|","null","10","ET","KN","KN","19","|","|och..1:-1.000|"
"","utvecklas","|alstring|beredelse|fråga|fullständighet|reglering|skildring|tilltagande|uttydning|utvidgning|","|Cause_to_make_progress|","|utveckla|utvecklas|","|ut..ab.1+veckla..vb.1:3.136e-11|ut..ab.1+veck..nn.1+lägga..vb.1:1.590e-18|ut..ab.1+vecka..nn.1+lägga..vb.1:1.590e-18|ut..ab.1+vecka..vb.1+lägga..vb.1:1.068e-29|","|ut+vecklas|ut+veck+las|","|utveckla..vb.1|utvecklas..vb.1|","positive","19","+F","VB.INF.SFO","VB","20","|VerbForm=Inf|Voice=Pass|","|utveckla..1:0.581|utvecklas..1:0.419|"
"","i","|","|","|i|","|","|","|i..pp.1|","null","20","RA","PP","PP","21","|","|i..2:-1.000|"
"","sina","|","|","|sig|","|","|","|sig..pn.1|","null","23","DT","PS.UTR+NEU.PLU.DEF","PS","22","|Definite=Def|Gender=Com,Neut|Number=Plur|","|sig..1:-1.000|"
"","talanger","|arbete|benägenhet|förmåga|förnuft|förstånd|kunnighet|mästare|skicklighet|studium|","|","|talang|","|","|","|talang..nn.1|","null","21","PA","NN.UTR.PLU.IND.NOM","NN","23","|Case=Nom|Definite=Ind|Gender=Com|Number=Plur|","|talang..1:0.764|talang..2:0.236|"
"",".","|","|","|","|","|","|","null","9","IP","MAD","MAD","24","|","|"
"# Svenska partiprogram och valmanifest; text attributes: text_source: ""Hämtat från partiets officiella hemsida."", text_party: ""m"", text_blingbring: ""|olaglighet:11.995|försyndelse:10.949|orätt:9.665|"", text__id: ""b534"", text_lix: ""49.67"", text_nk: ""1.68"", text_ovix: ""66.11"", text_year: ""2013"", text_type: ""Framtidsförslag"", text_type_id: ""f"", text_title: ""Framtidsförslag för hela Sverige"", text_swefn: ""|Preventing:53.253|Make_possible_to_do:32.778|Cause_change_of_strength:24.867|"", text_party_name: ""Moderaterna""","","","","","","","","","","","","","","",""
"","Starka","|betydenhet|färg|förmåga|hälsa|hårdhet|kallblodighet|kraftyttring|ljudstyrka|seghet|smakstyrka|styrka|våldsamhet|","|Exertive_force|","|stark|","|","|","|stark..av.1|","positive","3","AT","JJ.POS.UTR+NEU.PLU.IND+DEF.NOM","JJ","1","|Case=Nom|Definite=Def,Ind|Degree=Pos|Gender=Com,Neut|Number=Plur|","|stark..1:0.982|stark..3:0.016|stark..2:0.001|stark..5:0.000|stark..4:0.000|"
"","offentliga","|offentliggörande|tillstädesvaro|ögonskenlighet|","|","|offentlig|","|","|","|offentlig..av.1|","neutral","3","AT","JJ.POS.UTR+NEU.PLU.IND+DEF.NOM","JJ","2","|Case=Nom|Definite=Def,Ind|Degree=Pos|Gender=Com,Neut|Number=Plur|","|offentlig..1:-1.000|"
"","finanser","|handel|penningväsen|räkenskap|","|","|finanser|","|","|","|finanser..nn.1|","null","4","SS","NN.UTR.PLU.IND.NOM","NN","3","|Case=Nom|Definite=Ind|Gender=Com|Number=Plur|","|finanser..1:-1.000|"
"","ger","|bortgivande|fullbordan|ogillande|tvedräkt|","|Giving|","|ge|","|","|","|ge..vb.1|","neutral","9","MS","VB.PRS.AKT","VB","4","|Mood=Ind|Tense=Pres|VerbForm=Fin|Voice=Act|","|ge..1:0.612|givas..1:0.388|"
"","också","|vidfogning|","|","|också|","|","|","|också..ab.1|","null","4","+A","AB","AB","5","|","|också..1:-1.000|"
"","motståndskraft","|gensträvighet|hårdhet|kraftmedel|kraftyttring|styrka|varaktighet|","|Capability|","|motståndskraft|","|motstånd..nn.1+kraft..nn.1:9.068e-13|mot..nn.1+stånd..nn.1+kraft..nn.1:2.640e-27|mota..vb.1+stånd..nn.1+kraft..nn.1:2.191e-28|","|motstånds+kraft|mot+stånds+kraft|","|motståndskraft..nn.1|","positive","4","OO","NN.UTR.SIN.IND.NOM","NN","6","|Case=Nom|Definite=Ind|Gender=Com|Number=Sing|","|motståndskraft..1:-1.000|"
"","mot","|","|","|mot|","|","|","|mot..pp.1|","null","4","OA","PP","PP","7","|","|mot..1:-1.000|mot..2:-1.000|"
"","kriser","|fara|förstöring|läglighet|omständighet|svårhet|tidsförhållande|tillbakagång|återgång|","|Catastrophe|","|kris|","|","|","|kris..nn.1|","negative","7","PA","NN.UTR.PLU.IND.NOM","NN","8","|Case=Nom|Definite=Ind|Gender=Com|Number=Plur|","|kris..1:-1.000|"
"","och","|","|","|och|","|","|","|och..kn.1|","null","null","ROOT","KN","KN","9","|","|och..1:-1.000|"
"***","skapar","|alstring|form|förmåga|grund|gudom|skicklighet|tillvaro|verklighet|","|Intentionally_create|","|skapa|","|","|","|skapa..vb.1|","neutral","9","+F","VB.PRS.AKT","VB","10","|Mood=Ind|Tense=Pres|VerbForm=Fin|Voice=Act|","|skapa..1:-1.000|"
"***","förutsättningar","|antagande|betingelse|bevis|förbehåll|förhand|förhoppning|förmåga|grund|logik|omständighet|tankeämne|","|","|förutsättning|","|förut..ab.1+sättning..nn.1:4.029e-12|för..nn.1+ut..ab.1+sättning..nn.1:3.134e-21|föra..vb.1+ut..ab.1+sättning..nn.1:4.884e-22|","|förut+sättningar|för+ut+sättningar|","|förutsättning..nn.1|","neutral","10","OO","NN.UTR.PLU.IND.NOM","NN","11","|Case=Nom|Definite=Ind|Gender=Com|Number=Plur|","|förutsättning..1:-1.000|"
"***","för","|","|","|för|","|","|","|för..pp.1|","null","10","AA","PP","PP","12","|","|för..1:-1.000|för..5:-1.000|för..6:-1.000|för..7:-1.000|för..9:-1.000|"
"","att","|","|","|att|","|","|","|att..sn.1|","null","12","PA","IE","IE","13","|","|att..1:-1.000|"
"","klara","|omängdhet|reglering|renlighet|upptäckt|","|Success_or_failure|","|klara|","|","|","|klara..vb.1|klara..vb.2|","positive","13","IF","VB.INF.AKT","VB","14","|VerbForm=Inf|Voice=Act|","|klara..1:0.968|klara..2:0.030|klara..3:0.002|"
"","kvaliteten","|betydelse|förmåga|grad|inre_väsen|klass|tillstånd|uppskattning|viktighet|","|","|kvalitet|","|","|","|kvalitet..nn.1|","positive","14","OO","NN.UTR.SIN.DEF.NOM","NN","15","|Case=Nom|Definite=Def|Gender=Com|Number=Sing|","|kvalitet..1:-1.000|"
"","i","|","|","|i|","|","|","|i..pp.1|","null","15","ET","PP","PP","16","|","|i..2:-1.000|"
"","välfärden","|fördel|lycka|","|","|välfärd|","|väl..ab.1+färd..nn.1:1.314e-10|väl..nn.1+färd..nn.1:4.320e-13|","|väl+färden|","|välfärd..nn.1|","positive","16","PA","NN.UTR.SIN.DEF.NOM","NN","17","|Case=Nom|Definite=Def|Gender=Com|Number=Sing|","|välfärd..1:-1.000|"
"","under","|","|","|under|","|","|","|under..pp.1|","null","14","TA","PP","PP","18","|","|under..1:-1.000|under..2:-1.000|"
"","sämre","|förtyngning|jämförelse|last|nackdel|oläglighet|ont|underlägsenhet|","|Suitability|","|dålig|","|","|","|dålig..av.1|","negative","21","AT","JJ.KOM.UTR+NEU.SIN+PLU.IND+DEF.NOM","JJ","19","|Case=Nom|Definite=Def,Ind|Degree=Cmp|Gender=Com,Neut|Number=Plur,Sing|","|dålig..1:0.974|dålig..2:0.026|"
"","ekonomiska","|anskaffning|förfarande|ledning|skicklighet|sparsamhet|","|Economy|","|ekonomisk|","|","|","|ekonomisk..av.1|ekonomisk..av.2|","neutral","21","AT","JJ.POS.UTR+NEU.PLU.IND+DEF.NOM","JJ","20","|Case=Nom|Definite=Def,Ind|Degree=Pos|Gender=Com,Neut|Number=Plur|","|ekonomisk..1:0.978|ekonomisk..2:0.014|ekonomisk..3:0.008|"
"","tider","|tid|","|Measure_duration|","|tid|","|","|","|tid..nn.1|","neutral","18","PA","NN.UTR.PLU.IND.NOM","NN","21","|Case=Nom|Definite=Ind|Gender=Com|Number=Plur|","|tid..1:-1.000|"
"",".","|","|","|","|","|","|","null","9","IP","MAD","MAD","22","|","|"
"# Svenska partiprogram och valmanifest; text attributes: text_source: ""Hämtat från partiets officiella hemsida."", text_party: ""m"", text_blingbring: ""|olaglighet:11.995|försyndelse:10.949|orätt:9.665|"", text__id: ""b534"", text_lix: ""49.67"", text_nk: ""1.68"", text_ovix: ""66.11"", text_year: ""2013"", text_type: ""Framtidsförslag"", text_type_id: ""f"", text_title: ""Framtidsförslag för hela Sverige"", text_swefn: ""|Preventing:53.253|Make_possible_to_do:32.778|Cause_change_of_strength:24.867|"", text_party_name: ""Moderaterna""","","","","","","","","","","","","","","",""
"","Kunskap","|förnuft|förstånd|kunnighet|meddelande|skicklighet|studium|","|Expertise_positive|","|kunskap|","|","|","|kunskap..nn.1|","neutral","10","SS","NN.UTR.SIN.IND.NOM","NN","1","|Case=Nom|Definite=Ind|Gender=Com|Number=Sing|","|kunskap..1:-1.000|"
"","till","|","|","|till|","|","|","|till..pp.1|","null","1","ET","PP","PP","2","|","|till..1:-1.000|"
"","alla","|","|","|all|","|","|","|all..pn.1|","null","2","PA","PN.UTR+NEU.PLU.IND.SUB+OBJ","PN","3","|Case=Acc,Nom|Definite=Ind|Gender=Com,Neut|Number=Plur|","|all..1:-1.000|"
"","genom","|","|","|genom|","|","|","|genom..pp.1|","null","3","ET","PP","PP","4","|","|genom..1:-1.000|genom..3:-1.000|"
"","en","|","|","|en|","|","|","|en..al.1|","null","9","DT","DT.UTR.SIN.IND","DT","5","|Definite=Ind|Gender=Com|Number=Sing|","|den..1:-1.000|en..2:-1.000|"
"","allmän","|allmännelighet|enhetlighet|samling|spridning|upprepning|vana|vanlighet|överensstämmelse|","|Typicality|","|allmän|","|","|","|allmän..av.1|","neutral","7","CJ","JJ.POS.UTR.SIN.IND.NOM","JJ","6","|Case=Nom|Definite=Ind|Degree=Pos|Gender=Com|Number=Sing|","|allmän..1:0.777|allmän..3:0.113|allmän..4:0.075|allmän..2:0.032|allmän..5:0.003|"
"","och","|","|","|och|","|","|","|och..kn.1|","null","9","AT","KN","KN","7","|","|och..1:-1.000|"
"","fri","|befrielse|frihet|ledighet|lättvindighet|löshet|omängdhet|räddning|söndring|öppning|","|","|fri|","|","|","|fri..av.1|","positive","7","CJ","JJ.POS.UTR.SIN.IND.NOM","JJ","8","|Case=Nom|Definite=Ind|Degree=Pos|Gender=Com|Number=Sing|","|fri..5:0.774|fri..2:0.117|fri..1:0.064|fri..3:0.031|fri..4:0.014|"
"","skola","|beredelse|handledning|kunnighet|metod|samling|undervisningsanstalt|övertygelse|","|Education_teaching|","|skola|","|","|","|skola..nn.1|","neutral","4","PA","NN.UTR.SIN.IND.NOM","NN","9","|Case=Nom|Definite=Ind|Gender=Com|Number=Sing|","|skola..1:0.823|skola..3:0.177|"
"***","skapar","|alstring|form|förmåga|grund|gudom|skicklighet|tillvaro|verklighet|","|Intentionally_create|","|skapa|","|","|","|skapa..vb.1|","neutral","null","ROOT","VB.PRS.AKT","VB","10","|Mood=Ind|Tense=Pres|VerbForm=Fin|Voice=Act|","|skapa..1:-1.000|"
"***","förutsättningar","|antagande|betingelse|bevis|förbehåll|förhand|förhoppning|förmåga|grund|logik|omständighet|tankeämne|","|","|förutsättning|","|förut..ab.1+sättning..nn.1:4.029e-12|för..nn.1+ut..ab.1+sättning..nn.1:3.134e-21|föra..vb.1+ut..ab.1+sättning..nn.1:4.884e-22|","|förut+sättningar|för+ut+sättningar|","|förutsättning..nn.1|","neutral","10","OO","NN.UTR.PLU.IND.NOM","NN","11","|Case=Nom|Definite=Ind|Gender=Com|Number=Plur|","|förutsättning..1:-1.000|"
"***","för","|","|","|för|","|","|","|för..pp.1|","null","11","ET","PP","PP","12","|","|för..1:-1.000|för..5:-1.000|för..6:-1.000|för..7:-1.000|för..9:-1.000|"
"","var","|","|","|var|var_och_en|","|","|","|var..pn.1|var_och_en..pnm.1|","null","12","PA","PN.UTR.SIN.IND.SUB+OBJ","PN","13","|Case=Acc,Nom|Definite=Ind|Gender=Com|Number=Sing|","|var_och_en..1:-1.000|varje..1:-1.000|"
"","och","|","|","|och|var_och_en:13|","|","|","|och..kn.1|var_och_en..pnm.1:13|","null","13","HD","KN","KN","14","|","|och..1:-1.000|var_och_en..1:13:-1.000|"
"","en","|","|","|man|var_och_en:13|","|","|","|man..pn.1|var_och_en..pnm.1:13|","null","13","HD","PN.UTR.SIN.IND.SUB+OBJ","PN","15","|Case=Acc,Nom|Definite=Ind|Gender=Com|Number=Sing|","|man..1:-1.000|var_och_en..1:13:-1.000|"
"","att","|","|","|att|","|","|","|att..sn.1|","null","11","ET","IE","IE","16","|","|att..1:-1.000|"
"","göra","|anvisning|arbete|bekräftelse|bevis|göromål|räkning|viktighet|","|Intentionally_act|","|göra|","|","|","|göra..vb.1|","neutral","16","IF","VB.INF.AKT","VB","17","|VerbForm=Inf|Voice=Act|","|göra..1:0.797|göra..2:0.154|göra..3:0.049|"
"","det","|","|","|den|en|","|","|","|den..pn.1|en..al.1|","null","19","DT","DT.NEU.SIN.DEF","DT","18","|Definite=Def|Gender=Neut|Number=Sing|","|den..1:-1.000|den..2:-1.000|en..2:-1.000|"
"","mesta","|betydenhet|kvantitet|mängd|","|Quantified_mass|","|mycken|","|","|","|mycken..pn.1|","null","17","OO","JJ.SUV.UTR+NEU.SIN+PLU.DEF.NOM","JJ","19","|Case=Nom|Definite=Def|Degree=Sup|Gender=Com,Neut|Number=Plur,Sing|","|mycken..1:-1.000|"
"","av","|","|","|av|","|","|","|av..pp.1|","null","17","OA","PP","PP","20","|","|av..1:-1.000|"
"","sin","|","|","|sig|","|","|","|sig..pn.1|","null","22","DT","PS.UTR.SIN.DEF","PS","21","|Definite=Def|Gender=Com|Number=Sing|","|sig..1:-1.000|"
"","förmåga","|betydenhet|frihet|förmåga|förstånd|inflytande|inre_väsen|kraftmedel|lämplighet|lättvindighet|nytta|skicklighet|","|Capability|","|förmåga|","|","|","|förmåga..nn.1|","positive","20","PA","NN.UTR.SIN.IND.NOM","NN","22","|Case=Nom|Definite=Ind|Gender=Com|Number=Sing|","|förmåga..1:-1.000|"
"",".","|","|","|","|","|","|","null","10","IP","MAD","MAD","23","|","|"
"# Svenska partiprogram och valmanifest; text attributes: text_source: ""Hämtat från partiets officiella hemsida."", text_party: ""m"", text_blingbring: ""|olaglighet:11.995|försyndelse:10.949|orätt:9.665|"", text__id: ""b534"", text_lix: ""49.67"", text_nk: ""1.68"", text_ovix: ""66.11"", text_year: ""2013"", text_type: ""Framtidsförslag"", text_type_id: ""f"", text_title: ""Framtidsförslag för hela Sverige"", text_swefn: ""|Preventing:53.253|Make_possible_to_do:32.778|Cause_change_of_strength:24.867|"", text_party_name: ""Moderaterna""","","","","","","","","","","","","","","",""
"","IT","|","|","|IT|it|","|","|","|IT..nna.1|it..nna.1|","null","2","CJ","NN.AN","NN","1","|Abbr=Yes|","|IT..1:-1.000|"
"","och","|","|","|och|","|","|","|och..kn.1|","null","5","SS","KN","KN","2","|","|och..1:-1.000|"
"","modern","|allmännelighet|anseende|modesak|nutid|stil|ståt|vana|","|Temporal_collocation|","|modern|","|","|","|modern..av.1|","positive","4","AT","JJ.POS.UTR.SIN.IND.NOM","JJ","3","|Case=Nom|Definite=Ind|Degree=Pos|Gender=Com|Number=Sing|","|modern..1:-1.000|"
"","teknik","|föreskrift|medel|metod|musik|","|Fields|","|teknik|","|","|","|teknik..nn.1|","neutral","2","CJ","NN.UTR.SIN.IND.NOM","NN","4","|Case=Nom|Definite=Ind|Gender=Com|Number=Sing|","|teknik..1:0.980|teknik..2:0.020|"
"***","skapar","|alstring|form|förmåga|grund|gudom|skicklighet|tillvaro|verklighet|","|Intentionally_create|","|skapa|","|","|","|skapa..vb.1|","neutral","null","ROOT","VB.PRS.AKT","VB","5","|Mood=Ind|Tense=Pres|VerbForm=Fin|Voice=Act|","|skapa..1:-1.000|"
"***","förutsättningar","|antagande|betingelse|bevis|förbehåll|förhand|förhoppning|förmåga|grund|logik|omständighet|tankeämne|","|","|förutsättning|","|förut..ab.1+sättning..nn.1:4.029e-12|för..nn.1+ut..ab.1+sättning..nn.1:3.134e-21|föra..vb.1+ut..ab.1+sättning..nn.1:4.884e-22|","|förut+sättningar|för+ut+sättningar|","|förutsättning..nn.1|","neutral","5","OO","NN.UTR.PLU.IND.NOM","NN","6","|Case=Nom|Definite=Ind|Gender=Com|Number=Plur|","|förutsättning..1:-1.000|"
"***","för","|","|","|för|","|","|","|för..pp.1|","null","6","ET","PP","PP","7","|","|för..1:-1.000|för..5:-1.000|för..6:-1.000|för..7:-1.000|för..9:-1.000|"
"","konstruktiv","|metod|","|","|konstruktiv|","|","|","|konstruktiv..av.1|","null","9","AT","JJ.POS.UTR.SIN.IND.NOM","JJ","8","|Case=Nom|Definite=Ind|Degree=Pos|Gender=Com|Number=Sing|","|konstruktiv..1:-1.000|"
"","individualisering","|människa|särskildhet|","|","|individualisering|","|","|","|individualisering..nn.1|","null","7","PA","NN.UTR.SIN.IND.NOM","NN","9","|Case=Nom|Definite=Ind|Gender=Com|Number=Sing|","|individualisering..1:-1.000|"
"","i","|","|","|i|","|","|","|i..pp.1|","null","9","ET","PP","PP","10","|","|i..2:-1.000|"
"","skolarbetet","|","|","|skolarbete|","|skola..nn.1+arbete..nn.1:1.810e-11|skola..vb.2+arbete..nn.1:8.618e-20|","|skol+arbetet|","|skolarbete..nn.1|","null","10","PA","NN.NEU.SIN.DEF.NOM","NN","11","|Case=Nom|Definite=Def|Gender=Neut|Number=Sing|","|skolarbete..1:-1.000|"
"",".","|","|","|","|","|","|","null","5","IP","MAD","MAD","12","|","|"
"# Svenska partiprogram och valmanifest; text attributes: text_source: ""Hämtat från partiets officiella hemsida."", text_party: ""m"", text_blingbring: ""|fortgång:8.605|högmod:7.673|förbehåll:6.35|"", text__id: ""337a"", text_lix: ""49.57"", text_nk: ""1.53"", text_ovix: ""65.68"", text_year: ""2013"", text_type: ""Handlingsprogram"", text_type_id: ""h"", text_title: ""Ett modernt arbetarparti för hela Sverige - Moderaternas handlingsprogram 2013"", text_swefn: ""|Make_possible_to_do:61.785|Confronting_problem:41.463|Having_or_lacking_access:34.987|"", text_party_name: ""Moderaterna""","","","","","","","","","","","","","","",""
"","FRÄMJA","|förbättring|hjälp|","|Conferring_benefit|","|främja|","|","|","|främja..vb.1|","positive","8","SS","VB.INF.AKT","VB","1","|VerbForm=Inf|Voice=Act|","|främja..1:-1.000|"
"","FÖRETAGSAMHET","|företag|förvärv|göromål|kraftyttring|raskhet|tidighet|verksamhetsbegär|vilja|villighet|","|","|företagsamhet|","|","|","|företagsamhet..nn.1|","null","3","CJ","NN.UTR.SIN.IND.NOM","NN","2","|Case=Nom|Definite=Ind|Gender=Com|Number=Sing|","|företagsamhet..1:-1.000|"
"","OCH","|","|","|och|","|","|","|och..kn.1|","null","8","SS","KN","KN","3","|","|och..1:-1.000|"
"","TILLVÄXT","|alstring|betydenhet|fortsättning|framgång|framåtskridande|förbättring|fördel|lycka|ofullständighet|rörelse|tilltagande|uppgång|utvidgning|vidfogning|övergång|","|","|tillväxt|","|till..ab.1+växt..nn.1:4.566e-23|","|till+växt|","|tillväxt..nn.1|","neutral","6","DT","NN.UTR.SIN.IND.NOM","NN","4","|Case=Nom|Definite=Ind|Gender=Com|Number=Sing|","|tillväxt..1:-1.000|"
"","Entreprenörskap","|","|","|entreprenörskap|","|entreprenör..nn.1+skap..nn.1:7.578e-14|entreprenör..nn.1+kap..nn.1:1.081e-14|entreprenör..nn.1+kap..nn.2:1.081e-14|","|entreprenör+skap|entreprenörs+kap|","|entreprenörskap..nn.1|","null","6","CJ","NN.NEU.SIN.IND.NOM","NN","5","|Case=Nom|Definite=Ind|Gender=Neut|Number=Sing|","|entreprenörskap..1:-1.000|"
"","och","|","|","|och|","|","|","|och..kn.1|","null","3","CJ","KN","KN","6","|","|och..1:-1.000|"
"","företagsamhet","|företag|förvärv|göromål|kraftyttring|raskhet|tidighet|verksamhetsbegär|vilja|villighet|","|","|företagsamhet|","|","|","|företagsamhet..nn.1|","null","6","CJ","NN.UTR.SIN.IND.NOM","NN","7","|Case=Nom|Definite=Ind|Gender=Com|Number=Sing|","|företagsamhet..1:-1.000|"
"***","skapar","|alstring|form|förmåga|grund|gudom|skicklighet|tillvaro|verklighet|","|Intentionally_create|","|skapa|","|","|","|skapa..vb.1|","neutral","null","ROOT","VB.PRS.AKT","VB","8","|Mood=Ind|Tense=Pres|VerbForm=Fin|Voice=Act|","|skapa..1:-1.000|"
"***","förutsättningar","|antagande|betingelse|bevis|förbehåll|förhand|förhoppning|förmåga|grund|logik|omständighet|tankeämne|","|","|förutsättning|","|förut..ab.1+sättning..nn.1:4.029e-12|för..nn.1+ut..ab.1+sättning..nn.1:3.134e-21|föra..vb.1+ut..ab.1+sättning..nn.1:4.884e-22|","|förut+sättningar|för+ut+sättningar|","|förutsättning..nn.1|","neutral","8","OO","NN.UTR.PLU.IND.NOM","NN","9","|Case=Nom|Definite=Ind|Gender=Com|Number=Plur|","|förutsättning..1:-1.000|"
"***","för","|","|","|för|","|","|","|för..pp.1|","null","8","OA","PP","PP","10","|","|för..1:-1.000|för..5:-1.000|för..6:-1.000|för..7:-1.000|för..9:-1.000|"
"","alla","|","|","|all|","|","|","|all..pn.1|","null","12","DT","DT.UTR+NEU.PLU.IND+DEF","DT","11","|Definite=Def,Ind|Gender=Com,Neut|Number=Plur|","|all..1:-1.000|"
"","jobb","|försök|slump|","|Being_employed|","|jobb|","|","|","|jobb..nn.1|","neutral","13","CJ","NN.NEU.PLU.IND.NOM","NN","12","|Case=Nom|Definite=Ind|Gender=Neut|Number=Plur|","|jobb..1:0.959|jobb..2:0.041|"
"","och","|","|","|och|","|","|","|och..kn.1|","null","10","PA","KN","KN","13","|","|och..1:-1.000|"
"","all","|","|","|all|","|","|","|all..pn.1|","null","15","DT","DT.UTR.SIN.IND+DEF","DT","14","|Definite=Def,Ind|Gender=Com|Number=Sing|","|all..1:-1.000|"
"","välfärd","|fördel|lycka|","|","|välfärd|","|väl..ab.1+färd..nn.1:2.863e-10|väl..nn.1+färd..nn.1:9.416e-13|","|väl+färd|","|välfärd..nn.1|","positive","13","CJ","NN.UTR.SIN.IND.NOM","NN","15","|Case=Nom|Definite=Ind|Gender=Com|Number=Sing|","|välfärd..1:-1.000|"
"",".","|","|","|","|","|","|","null","8","IP","MAD","MAD","16","|","|"
"# Svenska partiprogram och valmanifest; text attributes: text_source: ""Hämtat från partiets officiella hemsida."", text_party: ""m"", text_blingbring: ""|fortgång:8.605|högmod:7.673|förbehåll:6.35|"", text__id: ""337a"", text_lix: ""49.57"", text_nk: ""1.53"", text_ovix: ""65.68"", text_year: ""2013"", text_type: ""Handlingsprogram"", text_type_id: ""h"", text_title: ""Ett modernt arbetarparti för hela Sverige - Moderaternas handlingsprogram 2013"", text_swefn: ""|Make_possible_to_do:61.785|Confronting_problem:41.463|Having_or_lacking_access:34.987|"", text_party_name: ""Moderaterna""","","","","","","","","","","","","","","",""
"","Rättvis","|dygd|laglighet|omdöme|redlighet|rätt|","|Fairness_evaluation|","|rättvis|","|rätt..ab.1+vis..av.1:7.166e-13|rätt..av.1+vis..av.1:7.166e-13|rätt..nn.3+vis..av.1:3.480e-13|","|rätt+vis|","|rättvis..av.1|","positive","2","AT","JJ.POS.UTR.SIN.IND.NOM","JJ","1","|Case=Nom|Definite=Ind|Degree=Pos|Gender=Com|Number=Sing|","|rättvis..1:-1.000|"
"","lönebildning","|","|","|lönebildning|","|lön..nn.1+bildning..nn.1:8.533e-14|","|löne+bildning|","|lönebildning..nn.1|","null","3","CJ","NN.UTR.SIN.IND.NOM","NN","2","|Case=Nom|Definite=Ind|Gender=Com|Number=Sing|","|lönebildning..1:-1.000|"
"","och","|","|","|och|","|","|","|och..kn.1|","null","7","SS","KN","KN","3","|","|och..1:-1.000|"
"","en","|","|","|en|","|","|","|en..al.1|","null","6","DT","DT.UTR.SIN.IND","DT","4","|Definite=Ind|Gender=Com|Number=Sing|","|den..1:-1.000|en..2:-1.000|"
"","jämställd","|","|","|jämställa|jämställd|","|","|","|jämställa..vb.1|jämställd..av.1|","null","6","AT","PC.PRF.UTR.SIN.IND.NOM","PC","5","|Case=Nom|Definite=Ind|Gender=Com|Number=Sing|Tense=Past|VerbForm=Part|","|jämställd..1:0.976|jämställa..1:0.024|"
"","arbetsmarknad","|arbete|","|","|arbetsmarknad|","|arbete..nn.1+marknad..nn.1:5.427e-12|ar..nn.1+bet..nn.1+marknad..nn.1:7.311e-17|ar..nn.1+beta..nn.1+marknad..nn.1:7.311e-17|ar..nn.1+bete..nn.2+marknad..nn.1:7.311e-17|ar..nn.1+bets..nn.1+marknad..nn.1:7.311e-17|ar..nn.1+betsa..vb.1+marknad..nn.1:1.220e-19|","|arbets+marknad|ar+bets+marknad|","|arbetsmarknad..nn.1|","neutral","3","CJ","NN.UTR.SIN.IND.NOM","NN","6","|Case=Nom|Definite=Ind|Gender=Com|Number=Sing|","|arbetsmarknad..1:-1.000|"
"***","skapar","|alstring|form|förmåga|grund|gudom|skicklighet|tillvaro|verklighet|","|Intentionally_create|","|skapa|","|","|","|skapa..vb.1|","neutral","null","ROOT","VB.PRS.AKT","VB","7","|Mood=Ind|Tense=Pres|VerbForm=Fin|Voice=Act|","|skapa..1:-1.000|"
"***","förutsättningar","|antagande|betingelse|bevis|förbehåll|förhand|förhoppning|förmåga|grund|logik|omständighet|tankeämne|","|","|förutsättning|","|förut..ab.1+sättning..nn.1:4.029e-12|för..nn.1+ut..ab.1+sättning..nn.1:3.134e-21|föra..vb.1+ut..ab.1+sättning..nn.1:4.884e-22|","|förut+sättningar|för+ut+sättningar|","|förutsättning..nn.1|","neutral","7","OO","NN.UTR.PLU.IND.NOM","NN","8","|Case=Nom|Definite=Ind|Gender=Com|Number=Plur|","|förutsättning..1:-1.000|"
"***","för","|","|","|för|","|","|","|för..pp.1|","null","8","ET","PP","PP","9","|","|för..1:-1.000|för..5:-1.000|för..6:-1.000|för..7:-1.000|för..9:-1.000|"
"","att","|","|","|att|","|","|","|att..sn.1|","null","9","PA","SN","SN","10","|","|att..1:-1.000|"
"","kvinnor","|kvinnokön|manbarhet|","|People|","|kvinna|","|kvinna..nn.1+nor..nn.1:6.449e-21|","|kvinn+nor|","|kvinna..nn.1|","neutral","12","CJ","NN.UTR.PLU.IND.NOM","NN","11","|Case=Nom|Definite=Ind|Gender=Com|Number=Plur|","|kvinna..1:-1.000|"
"","och","|","|","|och|","|","|","|och..kn.1|","null","15","SS","KN","KN","12","|","|och..1:-1.000|"
"","män","|manbarhet|mankön|mod|trådformighet|vidhängning|","|People|","|man|","|","|","|man..nn.1|","neutral","12","CJ","NN.UTR.PLU.IND.NOM","NN","13","|Case=Nom|Definite=Ind|Gender=Com|Number=Plur|","|man..2:0.615|man..4:0.385|"
"","själva","|identitet|särskildhet|","|Proper_reference|","|själv|själva|","|","|","|själv..pn.1|själva..pn.1|","null","13","PT","JJ.POS.UTR+NEU.PLU.IND+DEF.NOM","JJ","14","|Case=Nom|Definite=Def,Ind|Degree=Pos|Gender=Com,Neut|Number=Plur|","|själv..1:-1.000|själv..2:-1.000|själv..3:-1.000|"
"","ska","|beredelse|bestämmelse|bundenhet|förfarande|handledning|ledning|ofrivillighet|plikt|skicklighet|undervisningsanstalt|","|Desirable_event|","|skola|","|","|","|skola..vb.2|","neutral","10","UA","VB.PRS.AKT","VB","15","|Mood=Ind|Tense=Pres|VerbForm=Fin|Voice=Act|","|skola..4:-1.000|"
"","kunna","|förmåga|kunnighet|skicklighet|styrka|","|Capability|","|kunna|","|","|","|kunna..vb.1|","neutral","15","VG","VB.INF.AKT","VB","16","|VerbForm=Inf|Voice=Act|","|kunna..1:0.628|kunna..3:0.222|kunna..4:0.105|kunna..2:0.045|"
"","bestämma","|avtal|befallning|beredelse|beslutsamhet|bestämmelse|drivfjäder|fullbordan|förhand|grund|omdöme|reglering|särskildhet|val|varaktighet|vilja|visshet|","|Eventive_cognizer_affecting|","|bestämma|","|","|","|bestämma..vb.1|","neutral","16","VG","VB.INF.AKT","VB","17","|VerbForm=Inf|Voice=Act|","|bestämma..2:0.605|bestämma..1:0.395|"
"","hur","|","|","|hur|","|","|","|hur..ab.1|","null","20","AA","HA","HA","18","|","|hur..1:-1.000|"
"","de","|","|","|de|","|","|","|de..pn.1|","null","20","SS","PN.UTR+NEU.PLU.DEF.SUB","PN","19","|Case=Nom|Definite=Def|Gender=Com,Neut|Number=Plur|","|de..1:-1.000|"
"","fördelar","|del|fördelning|spridning|","|Separating|","|fördela|","|föra..vb.1+dela..vb.1:1.976e-13|för..nn.1+dela..vb.1:2.416e-16|","|för+delar|","|fördela..vb.1|","neutral","17","OO","VB.PRS.AKT","VB","20","|Mood=Ind|Tense=Pres|VerbForm=Fin|Voice=Act|","|fördela..1:-1.000|"
"","sin","|","|","|sig|","|","|","|sig..pn.1|","null","22","DT","PS.UTR.SIN.DEF","PS","21","|Definite=Def|Gender=Com|Number=Sing|","|sig..1:-1.000|"
"","tid","|tid|","|Measure_duration|","|tid|","|","|","|tid..nn.1|","neutral","20","OO","NN.UTR.SIN.IND.NOM","NN","22","|Case=Nom|Definite=Ind|Gender=Com|Number=Sing|","|tid..1:-1.000|"
"",".","|","|","|","|","|","|","null","7","IP","MAD","MAD","23","|","|"
"# Svenska partiprogram och valmanifest; text attributes: text_source: ""Hämtat från partiets officiella hemsida."", text_party: ""m"", text_blingbring: ""|fortgång:8.605|högmod:7.673|förbehåll:6.35|"", text__id: ""337a"", text_lix: ""49.57"", text_nk: ""1.53"", text_ovix: ""65.68"", text_year: ""2013"", text_type: ""Handlingsprogram"", text_type_id: ""h"", text_title: ""Ett modernt arbetarparti för hela Sverige - Moderaternas handlingsprogram 2013"", text_swefn: ""|Make_possible_to_do:61.785|Confronting_problem:41.463|Having_or_lacking_access:34.987|"", text_party_name: ""Moderaterna""","","","","","","","","","","","","","","",""
"","En","|","|","|en|","|","|","|en..al.1|","null","3","DT","DT.UTR.SIN.IND","DT","1","|Definite=Ind|Gender=Com|Number=Sing|","|den..1:-1.000|en..2:-1.000|"
"","sådan","|identitet|jämförelse|likhet|omständighet|samhörighet|tidsförhållande|tillstånd|","|","|sån|","|så..vb.1+dan..av.1:7.624e-24|så..nn.1+dan..av.1:2.422e-28|","|så+dan|","|sån..pn.1|","null","3","DT","JJ.POS.UTR.SIN.IND.NOM","JJ","2","|Case=Nom|Definite=Ind|Degree=Pos|Gender=Com|Number=Sing|","|sådan..1:-1.000|"
"","förvaltning","|arbete|bemyndigande|förfarande|göromål|ledning|myndighet|ordning|reglering|rådsförsamling|verksamhet|","|","|förvaltning|","|","|","|förvaltning..nn.1|","neutral","4","SS","NN.UTR.SIN.IND.NOM","NN","3","|Case=Nom|Definite=Ind|Gender=Com|Number=Sing|","|förvaltning..1:-1.000|"
"***","skapar","|alstring|form|förmåga|grund|gudom|skicklighet|tillvaro|verklighet|","|Intentionally_create|","|skapa|","|","|","|skapa..vb.1|","neutral","null","ROOT","VB.PRS.AKT","VB","4","|Mood=Ind|Tense=Pres|VerbForm=Fin|Voice=Act|","|skapa..1:-1.000|"
"***","förutsättningar","|antagande|betingelse|bevis|förbehåll|förhand|förhoppning|förmåga|grund|logik|omständighet|tankeämne|","|","|förutsättning|","|förut..ab.1+sättning..nn.1:4.029e-12|för..nn.1+ut..ab.1+sättning..nn.1:3.134e-21|föra..vb.1+ut..ab.1+sättning..nn.1:4.884e-22|","|förut+sättningar|för+ut+sättningar|","|förutsättning..nn.1|","neutral","4","OO","NN.UTR.PLU.IND.NOM","NN","5","|Case=Nom|Definite=Ind|Gender=Com|Number=Plur|","|förutsättning..1:-1.000|"
"***","för","|","|","|för|","|","|","|för..pp.1|","null","4","AA","PP","PP","6","|","|för..1:-1.000|för..5:-1.000|för..6:-1.000|för..7:-1.000|för..9:-1.000|"
"","att","|","|","|att|","|","|","|att..sn.1|","null","12","MS","IE","IE","7","|","|att..1:-1.000|"
"","värna","|försvar|skydd|","|Protecting|","|värna|","|","|","|värna..vb.1|","positive","7","IF","VB.INF.AKT","VB","8","|VerbForm=Inf|Voice=Act|","|värna..1:-1.000|"
"","Sveriges","|","|","|Sverige|","|","|","|Sverige..pm.1|","null","11","DT","PM.GEN","PM","9","|Case=Gen|","|Sverige..1:-1.000|"
"","långa","|höjning|längd|långvarighet|utsträckning|","|Dimension|","|lång|","|","|","|lång..av.1|","neutral","11","AT","JJ.POS.UTR+NEU.PLU.IND+DEF.NOM","JJ","10","|Case=Nom|Definite=Def,Ind|Degree=Pos|Gender=Com,Neut|Number=Plur|","|lång..1:-1.000|"
"","jakttraditioner","|","|","|jakttradition|","|jakt..nn.1+tradition..nn.1:5.040e-11|","|jakt+traditioner|","|","null","8","OO","NN.UTR.PLU.IND.NOM","NN","11","|Case=Nom|Definite=Ind|Gender=Com|Number=Plur|","|"
"","och","|","|","|och|","|","|","|och..kn.1|","null","5","ET","KN","KN","12","|","|och..1:-1.000|"
"","samtidigt","|beledsagning|nutid|samtidighet|","|Relative_time|","|samtidig|","|sam..sxc.1+tidig..av.1:2.795e-19|","|sam+tidigt|","|samtidig..av.1|","neutral","14","TA","AB","AB","13","|","|samtidig..1:-1.000|"
"","ha","|besittning|egendom|frändskap|inre_väsen|misshag|","|Possession|","|ha|","|","|","|ha..vb.1|","neutral","12","+F","VB.INF.AKT","VB","14","|VerbForm=Inf|Voice=Act|","|ha..1:0.947|ha..3:0.053|"
"","livskraftiga","|hälsa|liv|storhet|","|Health_status|","|livskraftig|","|liv..nn.1+kraftig..av.1:3.035e-12|livs..nn.1+kraftig..av.1:3.035e-12|livs..av.1+kraftig..av.1:1.643e-20|","|livs+kraftiga|","|livskraftig..av.1|","null","16","AT","JJ.POS.UTR+NEU.PLU.IND+DEF.NOM","JJ","15","|Case=Nom|Definite=Def,Ind|Degree=Pos|Gender=Com,Neut|Number=Plur|","|livskraftig..1:-1.000|"
"","stammar","|efterkommande|fartyg|grund|helhet|härkomst|klass|samling|växt|","|","|stam|","|","|","|stam..nn.1|","null","14","OO","NN.UTR.PLU.IND.NOM","NN","16","|Case=Nom|Definite=Ind|Gender=Com|Number=Plur|","|stam..3:0.999|stam..1:0.001|stam..2:0.000|stam..5:0.000|stam..4:0.000|"
"","av","|","|","|av|","|","|","|av..pp.1|","null","16","ET","PP","PP","17","|","|av..1:-1.000|"
"","vilt","|brådska|frihet|genstörtighet|illvilja|känsla|ljudstyrka|obereddhet|upprördhet|våldsamhet|överkänslighet|","|","|vild|","|","|","|vild..av.1|","neutral","19","CJ","AB.POS","AB","18","|Degree=Pos|","|vild..1:-1.000|"
"","och","|","|","|och|","|","|","|och..kn.1|","null","17","PA","KN","KN","19","|","|och..1:-1.000|"
"","rovdjur","|besittningstagande|djur|tjuv|","|Animals|","|rovdjur|","|rov..nn.1+djur..nn.1:4.902e-12|rova..nn.1+djur..nn.1:4.902e-12|","|rov+djur|","|rovdjur..nn.1|","null","19","CJ","NN.NEU.SIN.IND.NOM","NN","20","|Case=Nom|Definite=Ind|Gender=Neut|Number=Sing|","|rovdjur..1:-1.000|"
"",".","|","|","|","|","|","|","null","4","IP","MAD","MAD","21","|","|"
"# Svenska partiprogram och valmanifest; text attributes: text_source: ""Hämtat från partiets officiella hemsida."", text_party: ""m"", text_blingbring: ""|räddning:9.064|gåpåare:8.806|osjälviskhet:8.738|"", text__id: ""e0f1"", text_lix: ""48.44"", text_nk: ""1.42"", text_ovix: ""63.20"", text_year: ""2013"", text_type: ""Idéprogram"", text_type_id: ""i"", text_title: ""Ansvar för hela Sverige- Moderaternas Idéprogram"", text_swefn: ""|Make_possible_to_do:98.063|Cure_mod:56.45|Function:50.692|"", text_party_name: ""Moderaterna""","","","","","","","","","","","","","","",""
"","Den","|","|","|den|en|","|","|","|den..pn.1|en..al.1|","null","3","DT","DT.UTR.SIN.DEF","DT","1","|Definite=Def|Gender=Com|Number=Sing|","|den..1:-1.000|den..2:-1.000|en..2:-1.000|"
"","gemensamma","|beledsagning|förbindelse|förening|gemensamhet|sammanslutning|samverkan|vidfogning|ömsesidighet|","|Commonality|","|gemensam|","|gem..nn.1+ensam..av.1:4.978e-13|gem..nn.2+ensam..av.1:4.978e-13|","|gem+ensamma|","|gemensam..av.1|","neutral","3","AT","JJ.POS.UTR+NEU.SIN.DEF.NOM","JJ","2","|Case=Nom|Definite=Def|Degree=Pos|Gender=Com,Neut|Number=Sing|","|gemensam..1:-1.000|"
"","finansieringen","|","|Commerce_pay|","|finansiering|","|","|","|finansiering..nn.1|","neutral","9","SS","NN.UTR.SIN.DEF.NOM","NN","3","|Case=Nom|Definite=Def|Gender=Com|Number=Sing|","|finansiering..1:-1.000|"
"","tillsammans","|beledsagning|förbindelse|förening|samling|sammanslutning|samtidighet|samverkan|vidfogning|","|Accompaniment|","|tillsammans|","|","|","|tillsammans..ab.1|","null","5","AA","AB","AB","4","|","|tillsammans..1:-1.000|"
"","med","|","|","|med|","|","|","|med..pp.1|","null","3","ET","PP","PP","5","|","|med..1:-1.000|med..2:-1.000|"
"","valfrihet","|frihet|val|vilja|","|","|valfrihet|","|val..nn.1+frihet..nn.1:1.338e-09|val..nn.2+frihet..nn.1:1.338e-09|","|val+frihet|","|valfrihet..nn.1|","null","7","CJ","NN.UTR.SIN.IND.NOM","NN","6","|Case=Nom|Definite=Ind|Gender=Com|Number=Sing|","|valfrihet..1:-1.000|"
"","och","|","|","|och|","|","|","|och..kn.1|","null","5","PA","KN","KN","7","|","|och..1:-1.000|"
"","mångfald","|mängd|månggestaltning|olikhet|åtskillnad|","|Diversity|","|mångfald|","|","|","|mångfald..nn.1|","null","7","CJ","NN.UTR.SIN.IND.NOM","NN","8","|Case=Nom|Definite=Ind|Gender=Com|Number=Sing|","|mångfald..1:-1.000|"
"***","skapar","|alstring|form|förmåga|grund|gudom|skicklighet|tillvaro|verklighet|","|Intentionally_create|","|skapa|","|","|","|skapa..vb.1|","neutral","null","ROOT","VB.PRS.AKT","VB","9","|Mood=Ind|Tense=Pres|VerbForm=Fin|Voice=Act|","|skapa..1:-1.000|"
"***","förutsättningar","|antagande|betingelse|bevis|förbehåll|förhand|förhoppning|förmåga|grund|logik|omständighet|tankeämne|","|","|förutsättning|","|förut..ab.1+sättning..nn.1:4.029e-12|för..nn.1+ut..ab.1+sättning..nn.1:3.134e-21|föra..vb.1+ut..ab.1+sättning..nn.1:4.884e-22|","|förut+sättningar|för+ut+sättningar|","|förutsättning..nn.1|","neutral","9","OO","NN.UTR.PLU.IND.NOM","NN","10","|Case=Nom|Definite=Ind|Gender=Com|Number=Plur|","|förutsättning..1:-1.000|"
"***","för","|","|","|för|","|","|","|för..pp.1|","null","10","ET","PP","PP","11","|","|för..1:-1.000|för..5:-1.000|för..6:-1.000|för..7:-1.000|för..9:-1.000|"
"","varje","|","|","|","|","|","|","null","13","DT","DT.UTR+NEU.SIN.IND","DT","12","|Definite=Ind|Gender=Com,Neut|Number=Sing|","|"
"","elev","|lärjunge|","|Education_teaching|","|elev|","|","|","|elev..nn.1|","neutral","11","PA","NN.UTR.SIN.IND.NOM","NN","13","|Case=Nom|Definite=Ind|Gender=Com|Number=Sing|","|elev..1:0.976|elev..2:0.024|"
"","att","|","|","|att|","|","|","|att..sn.1|","null","19","MS","IE","IE","14","|","|att..1:-1.000|"
"","komma","|ankomst|följd|långsamhet|slump|tidsförhållande|övergång|överlägsenhet|","|Excreting|","|komma|komma_till_sin_rätt|","|","|","|komma..vb.1|komma_till_sin_rätt..vbm.1|","positive","14","IF","VB.INF.AKT","VB","15","|VerbForm=Inf|Voice=Act|","|komma..3:0.516|komma..1:0.484|komma_till_sin_rätt..1:-1.000|"
"","till","|","|","|till|komma_till_sin_rätt:15|","|","|","|till..pp.1|komma_till_sin_rätt..vbm.1:15|","null","15","OA","PP","PP","16","|","|komma_till_sin_rätt..1:15:-1.000|till..1:-1.000|"
"","sin","|","|","|sig|komma_till_sin_rätt:15|","|","|","|sig..pn.1|komma_till_sin_rätt..vbm.1:15|","null","18","DT","PS.UTR.SIN.DEF","PS","17","|Definite=Def|Gender=Com|Number=Sing|","|komma_till_sin_rätt..1:15:-1.000|sig..1:-1.000|"
"","rätt","|domstol|frihet|förtäring|laglighet|riktighet|rätt|rådsförsamling|","|Law|","|rätt|komma_till_sin_rätt:15|","|","|","|rätt..nn.1|rätt..nn.2|rätt..nn.3|komma_till_sin_rätt..vbm.1:15|","positive","16","PA","NN.UTR.SIN.IND.NOM","NN","18","|Case=Nom|Definite=Ind|Gender=Com|Number=Sing|","|rätt..2:0.960|rätt..3:0.031|rätt..4:0.009|komma_till_sin_rätt..1:15:-1.000|"
"","och","|","|","|och|","|","|","|och..kn.1|","null","10","ET","KN","KN","19","|","|och..1:-1.000|"
"","utvecklas","|alstring|beredelse|fråga|fullständighet|reglering|skildring|tilltagande|uttydning|utvidgning|","|Cause_to_make_progress|","|utveckla|utvecklas|","|ut..ab.1+veckla..vb.1:3.136e-11|ut..ab.1+veck..nn.1+lägga..vb.1:1.590e-18|ut..ab.1+vecka..nn.1+lägga..vb.1:1.590e-18|ut..ab.1+vecka..vb.1+lägga..vb.1:1.068e-29|","|ut+vecklas|ut+veck+las|","|utveckla..vb.1|utvecklas..vb.1|","positive","19","+F","VB.INF.SFO","VB","20","|VerbForm=Inf|Voice=Pass|","|utveckla..1:0.581|utvecklas..1:0.419|"
"","i","|","|","|i|","|","|","|i..pp.1|","null","20","RA","PP","PP","21","|","|i..2:-1.000|"
"","sina","|","|","|sig|","|","|","|sig..pn.1|","null","23","DT","PS.UTR+NEU.PLU.DEF","PS","22","|Definite=Def|Gender=Com,Neut|Number=Plur|","|sig..1:-1.000|"
"","talanger","|arbete|benägenhet|förmåga|förnuft|förstånd|kunnighet|mästare|skicklighet|studium|","|","|talang|","|","|","|talang..nn.1|","null","21","PA","NN.UTR.PLU.IND.NOM","NN","23","|Case=Nom|Definite=Ind|Gender=Com|Number=Plur|","|talang..1:0.770|talang..2:0.230|"
"",".","|","|","|","|","|","|","null","9","IP","MAD","MAD","24","|","|"
"# Svenska partiprogram och valmanifest; text attributes: text_source: ""Hämtat från partiets officiella hemsida."", text_party: ""m"", text_blingbring: ""|tredubbling:16.5|filantropi:15.291|fortgång:12.939|"", text__id: ""2e76"", text_lix: ""49.89"", text_nk: ""1.67"", text_ovix: ""66.61"", text_year: ""2013"", text_type: ""Valmanifest - Europaval"", text_type_id: ""v_eu"", text_title: ""Ansvar och möjligheter - Moderaternas Europaplattform 2013"", text_swefn: ""|Execute_plan:41.538|Alliance:39.864|People_by_jurisdiction:32.441|"", text_party_name: ""Moderaterna""","","","","","","","","","","","","","","",""
"","Den","|","|","|den|","|","|","|den..pn.1|","null","2","SS","PN.UTR.SIN.DEF.SUB+OBJ","PN","1","|Case=Acc,Nom|Definite=Def|Gender=Com|Number=Sing|","|den..2:-1.000|"
"","binder","|hinder|inskränkning|lägebestämning|motstånd|ofrihet|orörlighet|tvång|","|Attaching|","|binda|binda_ihop|","|","|","|binda..vb.1|binda_ihop..vbm.1|","neutral","5","MS","VB.PRS.AKT","VB","2","|Mood=Ind|Tense=Pres|VerbForm=Fin|Voice=Act|","|binda..1:0.961|binda..3:0.039|binda_ihop..1:-1.000|"
"","ihop","|","|","|ihop|binda_ihop:2|","|","|","|ihop..ab.1|binda_ihop..vbm.1:2|","null","2","PL","PL","PL","3","|","|binda_ihop..1:2:-1.000|ihop..1:-1.000|"
"","människor","|människa|","|People|","|människa|","|","|","|människa..nn.1|","neutral","2","OO","NN.UTR.PLU.IND.NOM","NN","4","|Case=Nom|Definite=Ind|Gender=Com|Number=Plur|","|människa..1:-1.000|"
"","och","|","|","|och|","|","|","|och..kn.1|","null","null","ROOT","KN","KN","5","|","|och..1:-1.000|"
"","skapar","|alstring|form|förmåga|grund|gudom|skicklighet|tillvaro|verklighet|","|Intentionally_create|","|skapa|","|","|","|skapa..vb.1|","neutral","5","+F","VB.PRS.AKT","VB","6","|Mood=Ind|Tense=Pres|VerbForm=Fin|Voice=Act|","|skapa..1:-1.000|"
"","kontakter","|förbindelse|förbindelsemedel|närhet|närmande|sammanhang|sammanslutning|samstämmighet|vidfogning|vidröring|","|Contacting|","|kontakt|","|kon..nn.1+takt..nn.1:5.999e-13|kona..nn.1+takt..nn.1:5.999e-13|kont..nn.1+akt..nn.1:1.414e-13|kont..nn.1+akter..nn.1:1.414e-13|","|kon+takter|kont+akter|","|kontakt..nn.1|","neutral","6","OO","NN.UTR.PLU.IND.NOM","NN","7","|Case=Nom|Definite=Ind|Gender=Com|Number=Plur|","|kontakt..1:0.963|kontakt..3:0.020|kontakt..2:0.016|"
"","mellan","|","|","|mellan|","|","|","|mellan..pp.1|","null","6","RA","PP","PP","8","|","|mellan..1:-1.000|"
"","folk","|fördel|innevånare|människa|ordvarietet|samling|","|People|","|folk|","|","|","|folk..nn.1|","neutral","10","CJ","NN.NEU.PLU.IND.NOM","NN","9","|Case=Nom|Definite=Ind|Gender=Neut|Number=Plur|","|folk..1:0.770|folk..3:0.173|folk..4:0.057|"
"","och","|","|","|och|","|","|","|och..kn.1|","null","8","PA","KN","KN","10","|","|och..1:-1.000|"
"","kulturer","|beredelse|förbättring|fördel|jordbruk|kunnighet|modesak|människa|","|Fields|","|kultur|","|kul..av.1+tur..nn.1:4.407e-11|kula..nn.1+tur..nn.1:1.289e-19|","|kul+turer|","|kultur..nn.1|","neutral","10","CJ","NN.UTR.PLU.IND.NOM","NN","11","|Case=Nom|Definite=Ind|Gender=Com|Number=Plur|","|kultur..1:0.746|kultur..3:0.222|kultur..2:0.032|"
"","samtidigt","|beledsagning|nutid|samtidighet|","|Relative_time|","|samtidig|","|sam..sxc.1+tidig..av.1:2.795e-19|","|sam+tidigt|","|samtidig..av.1|","neutral","6","TA","AB","AB","12","|","|samtidig..1:-1.000|"
"","som","|","|","|som|","|","|","|som..ab.1|","null","12","HD","HA","HA","13","|","|som..3:-1.000|"
"","den","|","|","|den|","|","|","|den..pn.1|","null","15","SS","PN.UTR.SIN.DEF.SUB+OBJ","PN","14","|Case=Acc,Nom|Definite=Def|Gender=Com|Number=Sing|","|den..2:-1.000|"
"***","skapar","|alstring|form|förmåga|grund|gudom|skicklighet|tillvaro|verklighet|","|Intentionally_create|","|skapa|","|","|","|skapa..vb.1|","neutral","12","UA","VB.PRS.AKT","VB","15","|Mood=Ind|Tense=Pres|VerbForm=Fin|Voice=Act|","|skapa..1:-1.000|"
"***","förutsättningar","|antagande|betingelse|bevis|förbehåll|förhand|förhoppning|förmåga|grund|logik|omständighet|tankeämne|","|","|förutsättning|","|förut..ab.1+sättning..nn.1:4.029e-12|för..nn.1+ut..ab.1+sättning..nn.1:3.134e-21|föra..vb.1+ut..ab.1+sättning..nn.1:4.884e-22|","|förut+sättningar|för+ut+sättningar|","|förutsättning..nn.1|","neutral","15","OO","NN.UTR.PLU.IND.NOM","NN","16","|Case=Nom|Definite=Ind|Gender=Com|Number=Plur|","|förutsättning..1:-1.000|"
"***","för","|","|","|för|","|","|","|för..pp.1|","null","15","OA","PP","PP","17","|","|för..1:-1.000|för..5:-1.000|för..6:-1.000|för..7:-1.000|för..9:-1.000|"
"","jobb","|försök|slump|","|Being_employed|","|jobb|","|","|","|jobb..nn.1|","neutral","19","CJ","NN.NEU.SIN.IND.NOM","NN","18","|Case=Nom|Definite=Ind|Gender=Neut|Number=Sing|","|jobb..1:0.906|jobb..2:0.094|"
"","och","|","|","|och|","|","|","|och..kn.1|","null","17","PA","KN","KN","19","|","|och..1:-1.000|"
"","tillväxt","|alstring|betydenhet|fortsättning|framgång|framåtskridande|förbättring|fördel|lycka|ofullständighet|rörelse|tilltagande|uppgång|utvidgning|vidfogning|övergång|","|","|tillväxt|","|till..ab.1+växt..nn.1:4.433e-11|","|till+växt|","|tillväxt..nn.1|","neutral","19","CJ","NN.UTR.SIN.IND.NOM","NN","20","|Case=Nom|Definite=Ind|Gender=Com|Number=Sing|","|tillväxt..1:-1.000|"
"",".","|","|","|","|","|","|","null","5","IP","MAD","MAD","21","|","|"
"# Svenska partiprogram och valmanifest; text attributes: text_source: ""Hämtat från partiets officiella hemsida."", text_party: ""m"", text_blingbring: ""|tredubbling:20.005|filantropi:11.123|parallellism:9.306|"", text__id: ""079c"", text_lix: ""44.78"", text_nk: ""1.59"", text_ovix: ""67.63"", text_year: ""2018"", text_type: ""Valmanifest - Riksdagsval"", text_type_id: ""v"", text_title: ""Nu tar vi tag i Sverige - Valmanifest 2018"", text_swefn: ""|Preventing:39.002|Historic_event:31.325|Cause_change_of_strength:30.882|"", text_party_name: ""Moderaterna""","","","","","","","","","","","","","","",""
"","Ökade","|","|","|öka|","|","|","|öka..vb.2|","neutral","2","AT","PC.PRF.UTR+NEU.PLU.IND+DEF.NOM","PC","1","|Case=Nom|Definite=Def,Ind|Gender=Com,Neut|Number=Plur|Tense=Past|VerbForm=Part|","|öka..2:-1.000|"
"","möjligheter","|bestämmelse|förmåga|läglighet|lämplighet|lättvindighet|möjlighet|slump|","|Possibility|","|möjlighet|","|","|","|möjlighet..nn.1|","positive","11","SS","NN.UTR.PLU.IND.NOM","NN","2","|Case=Nom|Definite=Ind|Gender=Com|Number=Plur|","|möjlighet..1:-1.000|"
"","till","|","|","|till|","|","|","|till..pp.1|","null","2","ET","PP","PP","3","|","|till..1:-1.000|"
"","livsmedelsproduktion","|","|","|livsmedelsproduktion|","|livsmedel..nn.1+produktion..nn.1:1.140e-12|liv..nn.1+medel..nn.1+produktion..nn.1:1.035e-18|livs..nn.1+medel..nn.1+produktion..nn.1:1.035e-18|livs..av.1+medel..nn.1+produktion..nn.1:3.220e-27|","|livsmedels+produktion|livs+medels+produktion|","|livsmedelsproduktion..nn.1|","null","3","PA","NN.UTR.SIN.IND.NOM","NN","4","|Case=Nom|Definite=Ind|Gender=Com|Number=Sing|","|livsmedelsproduktion..1:-1.000|"
"","och","|","|","|och|","|","|","|och..kn.1|","null","3","PA","KN","KN","5","|","|och..1:-1.000|"
"","stärkt","|","|","|stärka|","|","|","|stärka..vb.1|","positive","7","AT","PC.PRF.UTR.SIN.IND.NOM","PC","6","|Case=Nom|Definite=Ind|Gender=Com|Number=Sing|Tense=Past|VerbForm=Part|","|stärka..1:1.000|stärka..2:0.000|"
"","konkurrenskraft","|","|","|konkurrenskraft|","|konkurrens..nn.1+kraft..nn.1:4.417e-10|","|konkurrens+kraft|","|konkurrenskraft..nn.1|","null","5","CJ","NN.UTR.SIN.IND.NOM","NN","7","|Case=Nom|Definite=Ind|Gender=Com|Number=Sing|","|konkurrenskraft..1:-1.000|"
"","hos","|","|","|hos|","|","|","|hos..pp.1|","null","7","ET","PP","PP","8","|","|hos..1:-1.000|"
"","landsbygdens","|inland|land|","|Political_locales|","|landsbygd|","|land..nn.1+bygd..nn.1:1.180e-12|land..nn.2+bygd..nn.1:1.180e-12|land..nn.3+bygd..nn.1:1.180e-12|land..nn.1+bygd..nn.1+n..nn.1:8.113e-22|land..nn.2+bygd..nn.1+n..nn.1:8.113e-22|land..nn.3+bygd..nn.1+n..nn.1:8.113e-22|","|lands+bygdens|lands+bygde+ns|","|landsbygd..nn.1|","null","10","DT","NN.UTR.SIN.DEF.GEN","NN","9","|Case=Gen|Definite=Def|Gender=Com|Number=Sing|","|landsbygd..1:-1.000|"
"","företag","|arbete|början|företag|göromål|syfte|","|Intentionally_act|","|företag|","|","|före+tag|","|företag..nn.1|","neutral","8","PA","NN.NEU.PLU.IND.NOM","NN","10","|Case=Nom|Definite=Ind|Gender=Neut|Number=Plur|","|företag..2:0.837|företag..1:0.163|"
"***","skapar","|alstring|form|förmåga|grund|gudom|skicklighet|tillvaro|verklighet|","|Intentionally_create|","|skapa|","|","|","|skapa..vb.1|","neutral","null","ROOT","VB.PRS.AKT","VB","11","|Mood=Ind|Tense=Pres|VerbForm=Fin|Voice=Act|","|skapa..1:-1.000|"
"***","förutsättningar","|antagande|betingelse|bevis|förbehåll|förhand|förhoppning|förmåga|grund|logik|omständighet|tankeämne|","|","|förutsättning|","|förut..ab.1+sättning..nn.1:4.029e-12|för..nn.1+ut..ab.1+sättning..nn.1:3.134e-21|föra..vb.1+ut..ab.1+sättning..nn.1:4.884e-22|","|förut+sättningar|för+ut+sättningar|","|förutsättning..nn.1|","neutral","11","OO","NN.UTR.PLU.IND.NOM","NN","12","|Case=Nom|Definite=Ind|Gender=Com|Number=Plur|","|förutsättning..1:-1.000|"
"***","för","|","|","|för|","|","|","|för..pp.1|","null","12","ET","PP","PP","13","|","|för..1:-1.000|för..5:-1.000|för..6:-1.000|för..7:-1.000|för..9:-1.000|"
"","en","|","|","|en|","|","|","|en..al.1|","null","16","DT","DT.UTR.SIN.IND","DT","14","|Definite=Ind|Gender=Com|Number=Sing|","|den..1:-1.000|en..2:-1.000|"
"","livskraftig","|hälsa|liv|storhet|","|Health_status|","|livskraftig|","|liv..nn.1+kraftig..av.1:4.105e-12|livs..nn.1+kraftig..av.1:4.105e-12|livs..av.1+kraftig..av.1:2.222e-20|","|livs+kraftig|","|livskraftig..av.1|","null","16","AT","JJ.POS.UTR.SIN.IND.NOM","JJ","15","|Case=Nom|Definite=Ind|Degree=Pos|Gender=Com|Number=Sing|","|livskraftig..1:-1.000|"
"","landsbygd","|inland|land|","|Political_locales|","|landsbygd|","|land..nn.1+bygd..nn.1:2.667e-12|land..nn.2+bygd..nn.1:2.667e-12|land..nn.3+bygd..nn.1:2.667e-12|","|lands+bygd|","|landsbygd..nn.1|","null","13","PA","NN.UTR.SIN.IND.NOM","NN","16","|Case=Nom|Definite=Ind|Gender=Com|Number=Sing|","|landsbygd..1:-1.000|"
"",".","|","|","|","|","|","|","null","11","IP","MAD","MAD","17","|","|"
"# Svenska partiprogram och valmanifest; text attributes: text_source: ""Hämtat från partiets officiella hemsida."", text_party: ""mp"", text_blingbring: ""|olärd:8.408|fortgång:7.239|lekman:6.703|"", text__id: ""9bec"", text_lix: ""49.93"", text_nk: ""1.66"", text_ovix: ""69.42"", text_year: ""2005"", text_type: ""Partiprogram"", text_type_id: ""p"", text_title: ""Grön ideologi - Ett krav på handling"", text_swefn: ""|Treating_and_mistreating:53.075|Preventing:44.392|Gusto:43.538|"", text_party_name: ""Miljöpartiet de gröna""","","","","","","","","","","","","","","",""
"","IT","|","|","|IT|it|","|","|","|IT..nna.1|it..nna.1|","null","5","SS","NN.AN","NN","1","|Abbr=Yes|","|IT..1:-1.000|"
"","i","|","|","|i|","|","|","|i..pp.1|","null","1","ET","PP","PP","2","|","|i..2:-1.000|"
"","demokratin","|plebej|","|Leadership|","|demokrati|","|demokrat..nn.1+i..nn.1:3.167e-20|","|demokrat+in|","|demokrati..nn.1|","positive","2","PA","NN.UTR.SIN.DEF.NOM","NN","3","|Case=Nom|Definite=Def|Gender=Com|Number=Sing|","|demokrati..1:-1.000|"
"","Informationstekniken","|","|","|informationsteknik|","|information..nn.1+teknik..nn.1:1.491e-13|in..ab.1+formation..nn.1+teknik..nn.1:4.104e-20|","|informations+tekniken|in+formations+tekniken|","|informationsteknik..nn.1|","null","2","PA","NN.UTR.SIN.DEF.NOM","NN","4","|Case=Nom|Definite=Def|Gender=Com|Number=Sing|","|informationsteknik..1:-1.000|"
"***","skapar","|alstring|form|förmåga|grund|gudom|skicklighet|tillvaro|verklighet|","|Intentionally_create|","|skapa|","|","|","|skapa..vb.1|","neutral","null","ROOT","VB.PRS.AKT","VB","5","|Mood=Ind|Tense=Pres|VerbForm=Fin|Voice=Act|","|skapa..1:-1.000|"
"***","förutsättningar","|antagande|betingelse|bevis|förbehåll|förhand|förhoppning|förmåga|grund|logik|omständighet|tankeämne|","|","|förutsättning|","|förut..ab.1+sättning..nn.1:4.029e-12|för..nn.1+ut..ab.1+sättning..nn.1:3.134e-21|föra..vb.1+ut..ab.1+sättning..nn.1:4.884e-22|","|förut+sättningar|för+ut+sättningar|","|förutsättning..nn.1|","neutral","5","OO","NN.UTR.PLU.IND.NOM","NN","6","|Case=Nom|Definite=Ind|Gender=Com|Number=Plur|","|förutsättning..1:-1.000|"
"***","för","|","|","|för|","|","|","|för..pp.1|","null","6","ET","PP","PP","7","|","|för..1:-1.000|för..5:-1.000|för..6:-1.000|för..7:-1.000|för..9:-1.000|"
"","en","|","|","|en|","|","|","|en..al.1|","null","10","DT","DT.UTR.SIN.IND","DT","8","|Definite=Ind|Gender=Com|Number=Sing|","|den..1:-1.000|en..2:-1.000|"
"","mer","|allmännelighet|flerhet|jämförelse|mängd|upprepning|vanlighet|","|Frequency|","|mer|mycket|","|","|","|mer..ab.1|mycket..ab.1|","null","10","AT","AB.KOM","AB","9","|Degree=Cmp|","|mycket..2:0.625|mer..1:0.374|mycket..1:0.000|"
"","deltagande","|hjälp|hövlighet|kunskapsbegär|känsla|medkänsla|samhörighet|sammanslutning|uppmärksamhet|uppvaktning|välvilja|åtrå|","|Participation|","|deltagande|","|del..nn.1+tagande..nn.1:3.850e-10|delta..vb.1+ande..nn.1:1.996e-15|dela..vb.1+tagande..nn.1:1.693e-21|del..nn.1+tag..nn.1+ande..nn.1:2.497e-14|del..nn.1+tag..nn.2+ande..nn.1:2.497e-14|del..nn.1+ta..vb.1+ande..nn.1:2.105e-19|dela..vb.1+tag..nn.1+ande..nn.1:2.474e-25|dela..vb.1+tag..nn.2+ande..nn.1:2.474e-25|dela..vb.1+ta..vb.1+ande..nn.1:8.383e-30|","|del+tagande|deltag+ande|del+tag+ande|","|deltagande..nn.1|","neutral","11","CJ","NN.NEU.SIN.IND.NOM","NN","10","|Case=Nom|Definite=Ind|Gender=Neut|Number=Sing|","|deltagande..1:0.996|deltagande..3:0.004|"
"","och","|","|","|och|","|","|","|och..kn.1|","null","7","PA","KN","KN","11","|","|och..1:-1.000|"
"","direkt","|ledning|medelväg|nutid|rakhet|","|","|direkt|","|","|","|direkt..av.1|","neutral","13","AT","JJ.POS.UTR.SIN.IND.NOM","JJ","12","|Case=Nom|Definite=Ind|Degree=Pos|Gender=Com|Number=Sing|","|direkt..1:0.857|direkt..2:0.143|"
"","demokrati","|plebej|","|Leadership|","|demokrati|","|","|","|demokrati..nn.1|","positive","11","CJ","NN.UTR.SIN.IND.NOM","NN","13","|Case=Nom|Definite=Ind|Gender=Com|Number=Sing|","|demokrati..1:-1.000|"
"",".","|","|","|","|","|","|","null","5","IP","MAD","MAD","14","|","|"
"# Svenska partiprogram och valmanifest; text attributes: text_source: ""Hämtat från partiets officiella hemsida."", text_party: ""mp"", text_blingbring: ""|olärd:19.043|parallellism:10.691|grönt:8.983|"", text__id: ""8ec8"", text_lix: ""48.81"", text_nk: ""1.56"", text_ovix: ""68.28"", text_year: ""2013"", text_type: ""Partiprogram"", text_type_id: ""p"", text_title: ""Miljöpartiets partiprogram 2013"", text_swefn: ""|Gusto:58.008|Diversity:45.124|Cause_proliferation_in_number:30.45|"", text_party_name: ""Miljöpartiet de gröna""","","","","","","","","","","","","","","",""
"","Det","|","|","|den|","|","|","|den..pn.1|","null","2","SS","PN.NEU.SIN.DEF.SUB+OBJ","PN","1","|Case=Acc,Nom|Definite=Def|Gender=Neut|Number=Sing|","|den..2:-1.000|"
"***","skapar","|alstring|form|förmåga|grund|gudom|skicklighet|tillvaro|verklighet|","|Intentionally_create|","|skapa|","|","|","|skapa..vb.1|","neutral","null","ROOT","VB.PRS.AKT","VB","2","|Mood=Ind|Tense=Pres|VerbForm=Fin|Voice=Act|","|skapa..1:-1.000|"
"***","förutsättningar","|antagande|betingelse|bevis|förbehåll|förhand|förhoppning|förmåga|grund|logik|omständighet|tankeämne|","|","|förutsättning|","|förut..ab.1+sättning..nn.1:4.029e-12|för..nn.1+ut..ab.1+sättning..nn.1:3.134e-21|föra..vb.1+ut..ab.1+sättning..nn.1:4.884e-22|","|förut+sättningar|för+ut+sättningar|","|förutsättning..nn.1|","neutral","2","OO","NN.UTR.PLU.IND.NOM","NN","3","|Case=Nom|Definite=Ind|Gender=Com|Number=Plur|","|förutsättning..1:-1.000|"
"***","för","|","|","|för|","|","|","|för..pp.1|","null","3","ET","PP","PP","4","|","|för..1:-1.000|för..5:-1.000|för..6:-1.000|för..7:-1.000|för..9:-1.000|"
"","goda","|dygd|fullständighet|fördel|gott|mildhet|oskuld|tillräcklighet|välvilja|","|Morality_evaluation|","|god|","|","|","|god..av.1|","positive","6","AT","JJ.POS.UTR+NEU.PLU.IND+DEF.NOM","JJ","5","|Case=Nom|Definite=Def,Ind|Degree=Pos|Gender=Com,Neut|Number=Plur|","|god..1:0.998|god..3:0.002|god..2:0.000|"
"","livsvillkor","|viktighet|","|","|livsvillkor|","|liv..nn.1+villkor..nn.1:1.379e-10|livs..nn.1+villkor..nn.1:1.379e-10|livs..av.1+villkor..nn.1:1.639e-19|liv..nn.1+villa..nn.2+ko..nn.1:8.840e-26|liv..nn.1+villa..nn.2+kor..nn.1:8.840e-26|livs..nn.1+villa..nn.2+ko..nn.1:8.840e-26|livs..nn.1+villa..nn.2+kor..nn.1:8.840e-26|liv..nn.1+vill..ab.1+ko..nn.1:1.039e-26|liv..nn.1+vill..ab.1+kor..nn.1:1.039e-26|livs..nn.1+vill..ab.1+ko..nn.1:1.039e-26|livs..nn.1+vill..ab.1+kor..nn.1:1.039e-26|livs..av.1+villa..nn.2+ko..nn.1:2.751e-34|livs..av.1+villa..nn.2+kor..nn.1:2.751e-34|livs..av.1+vill..ab.1+ko..nn.1:9.020e-36|livs..av.1+vill..ab.1+kor..nn.1:9.020e-36|","|livs+villkor|livs+vill+kor|","|livsvillkor..nn.1|","null","4","PA","NN.NEU.PLU.IND.NOM","NN","6","|Case=Nom|Definite=Ind|Gender=Neut|Number=Plur|","|livsvillkor..1:-1.000|"
"","vilket","|","|","|","|","|","|","null","8","SS","HP.NEU.SIN.IND","HP","7","|Definite=Ind|Gender=Neut|Number=Sing|","|"
"","bidrar","|benägenhet|bortgivande|enighet|gemensamhet|grund|nytta|sammanslutning|samverkan|tilltagande|vidfogning|","|Giving|","|bidra|","|bi..nn.1+dra..vb.1:2.246e-12|bi..av.1+dra..vb.1:5.786e-20|","|bi+drar|","|bidra..vb.1|","positive","3","ET","VB.PRS.AKT","VB","8","|Mood=Ind|Tense=Pres|VerbForm=Fin|Voice=Act|","|bidra..1:-1.000|"
"","till","|","|","|till|","|","|","|till..pp.1|","null","8","OA","PP","PP","9","|","|till..1:-1.000|"
"","människors","|människa|","|People|","|människa|","|människa..nn.1+r..nn.1:2.679e-14|","|människo+rs|","|människa..nn.1|","neutral","12","DT","NN.UTR.PLU.IND.GEN","NN","10","|Case=Gen|Definite=Ind|Gender=Com|Number=Plur|","|människa..1:-1.000|"
"","utveckling","|alstring|avhandling|avslöjning|betydelse|fortgång|fortsättning|framåtskridande|fråga|följd|fördel|förfarande|ofullständighet|omdöme|rörelse|tilltagande|uttydning|utvidgning|övergång|","|Cause_to_make_progress|","|utveckling|","|","|","|utveckling..nn.1|","neutral","12","CJ","NN.UTR.SIN.IND.NOM","NN","11","|Case=Nom|Definite=Ind|Gender=Com|Number=Sing|","|utveckling..1:1.000|utveckling..2:0.000|"
"","och","|","|","|och|","|","|","|och..kn.1|","null","9","PA","KN","KN","12","|","|och..1:-1.000|"
"","välbefinnande","|belåtenhet|hälsa|lycka|njutning|välbefinnande|","|Experiencer_focus|","|välbefinnande|","|väl..ab.1+befinnande..nn.1:1.469e-12|väl..nn.1+befinnande..nn.1:4.831e-15|väl..ab.1+befinna..vb.1+ande..nn.1:2.017e-20|väl..nn.1+befinna..vb.1+ande..nn.1:4.996e-24|","|väl+befinnande|väl+befinn+ande|","|välbefinnande..nn.1|","positive","12","CJ","NN.NEU.SIN.IND.NOM","NN","13","|Case=Nom|Definite=Ind|Gender=Neut|Number=Sing|","|välbefinnande..1:-1.000|"
"",".","|","|","|","|","|","|","null","2","IP","MAD","MAD","14","|","|"
"# Svenska partiprogram och valmanifest; text attributes: text_source: ""Hämtat från partiets officiella hemsida."", text_party: ""mp"", text_blingbring: ""|tredubbling:19.531|olärd:9.52|uttolkare:9.244|"", text__id: ""cfd2"", text_lix: ""44.58"", text_nk: ""1.54"", text_ovix: ""69.39"", text_year: ""2014"", text_type: ""Valmanifest - Riksdagsval"", text_type_id: ""v"", text_title: ""Miljöpartiets valmanifest 2014"", text_swefn: ""|Overcoming_misunderstandings:84.261|Ratification:44.862|Capital_stock:38.385|"", text_party_name: ""Miljöpartiet de gröna""","","","","","","","","","","","","","","",""
"","I","|","|","|i|","|","|","|i..pp.1|","null","5","AA","PP","PP","1","|","|i..2:-1.000|"
"","en","|","|","|en|","|","|","|en..al.1|","null","4","DT","DT.UTR.SIN.IND","DT","2","|Definite=Ind|Gender=Com|Number=Sing|","|den..1:-1.000|en..2:-1.000|"
"","ny","|nytt|olikhet|tillägg|","|","|ny|","|","|","|ny..av.1|","neutral","4","AT","JJ.POS.UTR.SIN.IND.NOM","JJ","3","|Case=Nom|Definite=Ind|Degree=Pos|Gender=Com|Number=Sing|","|ny..1:-1.000|"
"","regering","|inflytande|ledning|myndighet|överordnad|","|Leadership|","|regering|","|","|","|regering..nn.1|","neutral","1","PA","NN.UTR.SIN.IND.NOM","NN","4","|Case=Nom|Definite=Ind|Gender=Com|Number=Sing|","|regering..1:-1.000|"
"","vill","|syfte|vilja|villighet|","|Desiring|","|vilja|","|","|","|vilja..vb.1|","neutral","null","ROOT","VB.PRS.AKT","VB","5","|Mood=Ind|Tense=Pres|VerbForm=Fin|Voice=Act|","|vilja..1:-1.000|"
"","vi","|","|","|vi|","|","|","|vi..pn.1|","null","5","SS","PN.UTR.PLU.DEF.SUB","PN","6","|Case=Nom|Definite=Def|Gender=Com|Number=Plur|","|vi..1:-1.000|"
"",":","|","|","|","|","|","|","null","5","IQ","MID","MID","7","|","|"
"","1","|","|","|","|","|","|","null","5","SS","RG.NOM","RG","8","|Case=Nom|","|"
"",".","|","|","|","|","|","|","null","8","IK","MAD","MAD","9","|","|"
"","minska","|avtagande|frånskiljning|fåtal|förlust|försämring|föränderlighet|hopkrympning|intighet|kvantitet|litenhet|minus|ofullständighet|oförmåga|rabatt|sänkning|underlägsenhet|övergång|","|Change_position_on_a_scale_decrease|","|minska|","|min..nn.1+skola..vb.2:2.083e-09|mina..nn.1+skola..vb.2:2.083e-09|","|min+ska|","|minska..vb.1|","neutral","8","ET","VB.INF.AKT","VB","10","|VerbForm=Inf|Voice=Act|","|minska..1:0.584|minska..2:0.416|"
"","de","|","|","|en|","|","|","|en..al.1|","null","13","DT","DT.UTR+NEU.PLU.DEF","DT","11","|Definite=Def|Gender=Com,Neut|Number=Plur|","|den..1:-1.000|en..2:-1.000|"
"","svenska","|","|Origin|","|svensk|","|","|","|svensk..av.1|","neutral","13","AT","JJ.POS.UTR+NEU.PLU.IND+DEF.NOM","JJ","12","|Case=Nom|Definite=Def,Ind|Degree=Pos|Gender=Com,Neut|Number=Plur|","|svensk..1:0.976|svensk..3:0.024|"
"","klimatutsläppen","|","|","|klimatutsläpp|","|klimat..nn.1+utsläpp..nn.1:3.011e-11|kli..nn.1+mat..nn.1+utsläpp..nn.1:3.426e-17|klimat..nn.1+ut..ab.1+släpp..nn.1:9.646e-18|klia..vb.1+mat..nn.1+utsläpp..nn.1:3.262e-25|klia..vb.2+mat..nn.1+utsläpp..nn.1:3.262e-25|","|klimat+utsläppen|klimatutsläpp+pen|kli+mat+utsläppen|klimat+ut+släppen|klimat+utsläpp+pen|","|","null","10","OO","NN.NEU.PLU.DEF.NOM","NN","13","|Case=Nom|Definite=Def|Gender=Neut|Number=Plur|","|"
"","till","|","|","|till|","|","|","|till..pp.1|","null","10","OA","PP","PP","14","|","|till..1:-1.000|"
"","hållbara","|bekräftelse|bevisföring|förmåga|långvarighet|oföränderlighet|seghet|skydd|styrka|varaktighet|överensstämmelse|","|","|hållbar|","|håll..nn.1+bar..av.1:1.302e-12|hålla..vb.1+bar..av.1:8.753e-15|","|håll+bara|","|hållbar..av.1|","null","16","AT","JJ.POS.UTR+NEU.PLU.IND+DEF.NOM","JJ","15","|Case=Nom|Definite=Def,Ind|Degree=Pos|Gender=Com,Neut|Number=Plur|","|hållbar..1:-1.000|"
"","nivåer","|jämnhet|likformighet|","|Part_ordered_segments|","|nivå|","|","|","|nivå..nn.1|","neutral","14","PA","NN.UTR.PLU.IND.NOM","NN","16","|Case=Nom|Definite=Ind|Gender=Com|Number=Plur|","|nivå..1:0.955|nivå..2:0.045|"
"","och","|","|","|och|","|","|","|och..kn.1|","null","10","OO","KN","KN","17","|","|och..1:-1.000|"
"","ta","|besittningstagande|","|Success_or_failure|","|ta|ta_ansvar|","|","|","|ta..vb.1|ta_ansvar..vbm.1|","neutral","17","+F","VB.INF.AKT","VB","18","|VerbForm=Inf|Voice=Act|","|ta..2:0.830|ta..1:0.099|ta..4:0.070|ta..3:0.001|ta_ansvar..1:-1.000|"
"","ansvar","|bevis|bundenhet|gäld|ofrihet|plikt|säkerhet|","|Being_obligated|","|ansvar|ta_ansvar:18|","|an..ab.1+svar..nn.1:3.302e-10|ans..nn.1+var..nn.1:2.433e-20|ansa..vb.1+var..nn.1:1.064e-28|","|an+svar|ans+var|","|ansvar..nn.1|ta_ansvar..vbm.1:18|","negative","18","OO","NN.NEU.SIN.IND.NOM","NN","19","|Case=Nom|Definite=Ind|Gender=Neut|Number=Sing|","|ansvar..1:-1.000|ta_ansvar..1:18:-1.000|"
"","för","|","|","|för|","|","|","|för..pp.1|","null","18","OA","PP","PP","20","|","|för..1:-1.000|för..5:-1.000|för..6:-1.000|för..7:-1.000|för..9:-1.000|"
"","det","|","|","|den|","|","|","|den..pn.1|","null","20","PA","PN.NEU.SIN.DEF.SUB+OBJ","PN","21","|Case=Acc,Nom|Definite=Def|Gender=Neut|Number=Sing|","|den..2:-1.000|"
"","som","|","|","|","|","|","|","null","24","SS","HP.-.-.-","HP","22","|","|"
"","vi","|","|","|vi|","|","|","|vi..pn.1|","null","24","SS","PN.UTR.PLU.DEF.SUB","PN","23","|Case=Nom|Definite=Def|Gender=Com|Number=Plur|","|vi..1:-1.000|"
"","lämnar","|bortgivande|hjälp|överflyttning|överföring|","|Passing|","|lämna|lämna_över|","|","|","|lämna..vb.1|lämna_över..vbm.1|","neutral","21","ET","VB.PRS.AKT","VB","24","|Mood=Ind|Tense=Pres|VerbForm=Fin|Voice=Act|","|överlämna..1:0.449|lämna..2:0.397|lämna..1:0.154|"
"","över","|","|","|över|lämna_över:24|","|","|","|över..ab.1|lämna_över..vbm.1:24|","null","24","PL","PL","PL","25","|","|över..3:1.000|överlämna..1:24:0.000|"
"","till","|","|","|till|","|","|","|till..pp.1|","null","24","OA","PP","PP","26","|","|till..1:-1.000|"
"","våra","|","|","|vi|","|","|","|vi..pn.1|","null","28","DT","PS.UTR+NEU.PLU.DEF","PS","27","|Definite=Def|Gender=Com,Neut|Number=Plur|","|vi..1:-1.000|"
"","barn","|alstring|barndom|efterkommande|frändskap|handledning|","|Kinship|","|barn|","|","|","|barn..nn.1|","neutral","29","CJ","NN.NEU.PLU.IND.NOM","NN","28","|Case=Nom|Definite=Ind|Gender=Neut|Number=Plur|","|barn..2:0.554|barn..1:0.446|"
"","och","|","|","|och|","|","|","|och..kn.1|","null","26","PA","KN","KN","29","|","|och..1:-1.000|"
"","barnbarn","|efterkommande|","|Kinship|","|barnbarn|","|barn..nn.1+barn..nn.1:5.581e-07|","|barn+barn|","|barnbarn..nn.1|","null","31","DT","NN.NEU.PLU.IND.NOM","NN","30","|Case=Nom|Definite=Ind|Gender=Neut|Number=Plur|","|barnbarn..1:-1.000|"
"","2","|","|","|","|","|","|","null","29","CJ","RG.NOM","RG","31","|Case=Nom|","|"
"",".","|","|","|","|","|","|","null","5","IK","MAD","MAD","32","|","|"
"","göra","|anvisning|arbete|bekräftelse|bevis|göromål|räkning|viktighet|","|Intentionally_act|","|göra|","|","|","|göra..vb.1|","neutral","5","VG","VB.INF.AKT","VB","33","|VerbForm=Inf|Voice=Act|","|göra..1:0.596|göra..3:0.244|göra..2:0.161|"
"","stora","|betydenhet|grad|jämförelse|medelmåttighet|musik|mängd|storhet|utvidgning|viktighet|överlägsenhet|","|Size|","|stor|","|","|","|stor..av.1|","neutral","35","AT","JJ.POS.UTR+NEU.PLU.IND+DEF.NOM","JJ","34","|Case=Nom|Definite=Def,Ind|Degree=Pos|Gender=Com,Neut|Number=Plur|","|stor..1:-1.000|"
"","investeringar","|","|Capital_stock|","|investering|","|","|","|investering..nn.1|","neutral","33","OO","NN.UTR.PLU.IND.NOM","NN","35","|Case=Nom|Definite=Ind|Gender=Com|Number=Plur|","|investering..1:-1.000|"
"","för","|","|","|för|","|","|","|för..pp.1|","null","33","OA","PP","PP","36","|","|för..1:-1.000|för..5:-1.000|för..6:-1.000|för..7:-1.000|för..9:-1.000|"
"","ett","|","|","|en|","|","|","|en..al.1|","null","39","DT","DT.NEU.SIN.IND","DT","37","|Definite=Ind|Gender=Neut|Number=Sing|","|den..1:-1.000|en..2:-1.000|"
"","hållbart","|bekräftelse|bevisföring|förmåga|långvarighet|oföränderlighet|seghet|skydd|styrka|varaktighet|överensstämmelse|","|","|hållbar|","|håll..nn.1+bar..av.1:2.511e-12|hålla..vb.1+bar..av.1:1.688e-14|","|håll+bart|","|hållbar..av.1|","null","39","AT","JJ.POS.NEU.SIN.IND.NOM","JJ","38","|Case=Nom|Definite=Ind|Degree=Pos|Gender=Neut|Number=Sing|","|hållbar..1:-1.000|"
"","Sverige","|","|","|Sverige|","|","|","|Sverige..pm.1|","null","36","PA","PM.NOM","PM","39","|Case=Nom|","|Sverige..1:-1.000|"
"",",","|","|","|","|","|","|","null","39","IK","MID","MID","40","|","|"
"","som","|","|","|","|","|","|","null","42","SS","HP.-.-.-","HP","41","|","|"
"***","skapar","|alstring|form|förmåga|grund|gudom|skicklighet|tillvaro|verklighet|","|Intentionally_create|","|skapa|","|","|","|skapa..vb.1|","neutral","48","MS","VB.PRS.AKT","VB","42","|Mood=Ind|Tense=Pres|VerbForm=Fin|Voice=Act|","|skapa..1:-1.000|"
"***","förutsättningar","|antagande|betingelse|bevis|förbehåll|förhand|förhoppning|förmåga|grund|logik|omständighet|tankeämne|","|","|förutsättning|","|förut..ab.1+sättning..nn.1:4.029e-12|för..nn.1+ut..ab.1+sättning..nn.1:3.134e-21|föra..vb.1+ut..ab.1+sättning..nn.1:4.884e-22|","|förut+sättningar|för+ut+sättningar|","|förutsättning..nn.1|","neutral","42","OO","NN.UTR.PLU.IND.NOM","NN","43","|Case=Nom|Definite=Ind|Gender=Com|Number=Plur|","|förutsättning..1:-1.000|"
"***","för","|","|","|för|","|","|","|för..pp.1|","null","42","OA","PP","PP","44","|","|för..1:-1.000|för..5:-1.000|för..6:-1.000|för..7:-1.000|för..9:-1.000|"
"","tiotusentals","|","|","|tiotusental|","|tiotusen..nl.1+tal..nn.1:1.061e-14|tiotusen..nl.1+tal..nn.2:1.061e-14|tio..nl.1+tusental..nn.1:2.451e-20|tio..nl.1+tusen..nl.1+tal..nn.1:9.770e-19|tio..nl.1+tusen..nl.1+tal..nn.2:9.770e-19|","|tiotusen+tals|tio+tusentals|tio+tusen+tals|","|tiotusental..nn.1|","null","47","DT","NN.NEU.PLU.IND.GEN","NN","45","|Case=Gen|Definite=Ind|Gender=Neut|Number=Plur|","|tiotusental..1:-1.000|"
"","nya","|nytt|olikhet|tillägg|","|","|ny|","|","|","|ny..av.1|","neutral","47","AT","JJ.POS.UTR+NEU.PLU.IND+DEF.NOM","JJ","46","|Case=Nom|Definite=Def,Ind|Degree=Pos|Gender=Com,Neut|Number=Plur|","|ny..1:-1.000|"
"","arbetstillfällen","|arbete|","|","|arbetstillfälle|","|arbete..nn.1+tillfälle..nn.1:1.050e-11|ar..nn.1+bet..nn.1+tillfälle..nn.1:1.414e-16|ar..nn.1+beta..nn.1+tillfälle..nn.1:1.414e-16|ar..nn.1+bete..nn.2+tillfälle..nn.1:1.414e-16|ar..nn.1+bets..nn.1+tillfälle..nn.1:1.414e-16|arbete..nn.1+till..ab.1+fäll..nn.1:2.702e-19|ar..nn.1+betsa..vb.1+tillfälle..nn.1:2.361e-19|","|arbets+tillfällen|ar+bets+tillfällen|arbets+till+fällen|","|arbetstillfälle..nn.1|","null","44","PA","NN.NEU.PLU.IND.NOM","NN","47","|Case=Nom|Definite=Ind|Gender=Neut|Number=Plur|","|arbetstillfälle..1:-1.000|"
"","och","|","|","|och|","|","|","|och..kn.1|","null","56","AA","KN","KN","48","|","|och..1:-1.000|"
"","rustar","|","|","|rusta|","|rus..nn.1+ta..vb.1:3.539e-11|rusa..vb.1+ta..vb.1:2.504e-20|rusa..vb.2+ta..vb.1:2.504e-20|","|rus+tar|","|rusta..vb.1|","neutral","48","+F","VB.PRS.AKT","VB","49","|Mood=Ind|Tense=Pres|VerbForm=Fin|Voice=Act|","|rusta..2:0.984|rusta..1:0.016|"
"","oss","|","|","|vi|","|","|","|vi..pn.1|","null","49","OO","PN.UTR.PLU.DEF.OBJ","PN","50","|Case=Acc|Definite=Def|Gender=Com|Number=Plur|","|vi..1:-1.000|"
"","inför","|","|","|inför|","|","|","|inför..pp.1|","null","49","RA","PP","PP","51","|","|inför..1:-1.000|"
"","framtidens","|bestämmelse|framtid|följd|posterioritet|","|Alternatives|","|framtid|","|fram..ab.1+tid..nn.1:1.456e-10|","|fram+tidens|","|framtid..nn.1|","neutral","53","DT","NN.UTR.SIN.DEF.GEN","NN","52","|Case=Gen|Definite=Def|Gender=Com|Number=Sing|","|framtid..1:-1.000|"
"","utmaningar","|anklagelse|drivfjäder|hot|obehag|strid|tvedräkt|utmaning|","|Competition|","|utmaning|","|ut..ab.1+maning..nn.1:5.937e-12|","|ut+maningar|","|utmaning..nn.1|","neutral","54","DT","NN.UTR.PLU.IND.NOM","NN","53","|Case=Nom|Definite=Ind|Gender=Com|Number=Plur|","|utmaning..1:-1.000|"
"","3","|","|","|","|","|","|","null","51","PA","RG.NOM","RG","54","|Case=Nom|","|"
"",".","|","|","|","|","|","|","null","5","IK","MAD","MAD","55","|","|"
"","minska","|avtagande|frånskiljning|fåtal|förlust|försämring|föränderlighet|hopkrympning|intighet|kvantitet|litenhet|minus|ofullständighet|oförmåga|rabatt|sänkning|underlägsenhet|övergång|","|Cause_change_of_position_on_a_scale_decrease|","|minska|","|min..nn.1+skola..vb.2:2.083e-09|mina..nn.1+skola..vb.2:2.083e-09|","|min+ska|","|minska..vb.1|","neutral","5","VG","VB.INF.AKT","VB","56","|VerbForm=Inf|Voice=Act|","|minska..2:0.781|minska..1:0.219|"
"","byråkratin","|ledning|myndighet|stränghet|","|","|byråkrati|","|byråkrat..nn.1+i..nn.1:8.213e-21|","|byråkrat+in|","|byråkrati..nn.1|","negative","56","OO","NN.UTR.SIN.DEF.NOM","NN","57","|Case=Nom|Definite=Def|Gender=Com|Number=Sing|","|byråkrati..1:-1.000|"
"","för","|","|","|för|","|","|","|för..pp.1|","null","56","OA","PP","PP","58","|","|för..1:-1.000|för..5:-1.000|för..6:-1.000|för..7:-1.000|för..9:-1.000|"
"","lärare","|anvisning|förebild|handledning|ledare|lärare|lärd|uttolkare|","|People_by_vocation|","|lärare|","|","|","|lärare..nn.1|","neutral","58","PA","NN.UTR.PLU.IND.NOM","NN","59","|Case=Nom|Definite=Ind|Gender=Com|Number=Plur|","|lärare..1:-1.000|"
"","och","|","|","|och|","|","|","|och..kn.1|","null","58","PA","KN","KN","60","|","|och..1:-1.000|"
"","återanställa","|","|","|återanställa|","|åter..ab.1+anställa..vb.1:3.201e-11|åter..ab.1+an..ab.1+ställa..vb.1:6.880e-17|åter..ab.1+anställa..vb.1+lägga..vb.1:2.208e-23|åt..nn.1+era..nn.1+anställa..vb.1:4.025e-36|","|åter+anställa|åter+an+ställa|åter+anställ+la|åt+er+anställa|","|","null","60","CJ","VB.INF.AKT","VB","61","|VerbForm=Inf|Voice=Act|","|"
"","personal","|förening|inbegrepp|människa|","|Employing|","|personal|","|person..nn.1+al..nn.1:2.119e-10|","|person+al|per+son+al|","|personal..nn.1|personal..nn.2|","neutral","61","OO","NN.UTR.SIN.IND.NOM","NN","62","|Case=Nom|Definite=Ind|Gender=Com|Number=Sing|","|personal..1:0.600|personal..2:0.400|"
"","i","|","|","|i|","|","|","|i..pp.1|","null","61","RA","PP","PP","63","|","|i..2:-1.000|"
"","skolan","|beredelse|handledning|kunnighet|metod|samling|undervisningsanstalt|övertygelse|","|Education_teaching|","|skola|","|sko..nn.1+lan..nn.1:4.008e-12|sko..vb.1+lan..nn.1:3.349e-14|","|sko+lan|","|skola..nn.1|","neutral","63","PA","NN.UTR.SIN.DEF.NOM","NN","64","|Case=Nom|Definite=Def|Gender=Com|Number=Sing|","|skola..1:0.994|skola..3:0.006|"
"","så","|metod|omständighet|","|Sufficiency|","|så|","|","|","|så..ab.1|","null","56","AA","AB","AB","65","|","|så..1:-1.000|"
"","att","|","|","|att|","|","|","|att..sn.1|","null","65","HD","SN","SN","66","|","|att..1:-1.000|"
"","varje","|","|","|","|","|","|","null","68","DT","DT.UTR+NEU.SIN.IND","DT","67","|Definite=Ind|Gender=Com,Neut|Number=Sing|","|"
"","elev","|lärjunge|","|Education_teaching|","|elev|","|","|","|elev..nn.1|","neutral","69","SS","NN.UTR.SIN.IND.NOM","NN","68","|Case=Nom|Definite=Ind|Gender=Com|Number=Sing|","|elev..1:0.996|elev..2:0.004|"
"","får","|förvärv|mottagande|","|Receiving|","|få|","|","|","|få..vb.1|","positive","65","UA","VB.PRS.AKT","VB","69","|Mood=Ind|Tense=Pres|VerbForm=Fin|Voice=Act|","|få..1:0.953|få..3:0.047|"
"","mer","|","|","|","|","|","|","null","71","DT","JJ.KOM.UTR+NEU.SIN+PLU.IND+DEF.NOM","JJ","70","|Case=Nom|Definite=Def,Ind|Degree=Cmp|Gender=Com,Neut|Number=Plur,Sing|","|"
"","tid","|tid|","|Measure_duration|","|tid|","|","|","|tid..nn.1|","neutral","69","OO","NN.UTR.SIN.IND.NOM","NN","71","|Case=Nom|Definite=Ind|Gender=Com|Number=Sing|","|tid..1:-1.000|"
"","med","|","|","|med|","|","|","|med..pp.1|","null","69","OA","PP","PP","72","|","|med..1:-1.000|med..2:-1.000|"
"","sina","|","|","|sig|","|","|","|sig..pn.1|","null","74","DT","PS.UTR+NEU.PLU.DEF","PS","73","|Definite=Def|Gender=Com,Neut|Number=Plur|","|sig..1:-1.000|"
"","lärare","|anvisning|förebild|handledning|ledare|lärare|lärd|uttolkare|","|People_by_vocation|","|lärare|","|","|","|lärare..nn.1|","neutral","75","CJ","NN.UTR.PLU.IND.NOM","NN","74","|Case=Nom|Definite=Ind|Gender=Com|Number=Plur|","|lärare..1:-1.000|"
"","och","|","|","|och|","|","|","|och..kn.1|","null","72","PA","KN","KN","75","|","|och..1:-1.000|"
"","det","|","|","|den|en|","|","|","|den..pn.1|en..al.1|","null","77","DT","DT.NEU.SIN.DEF","DT","76","|Definite=Def|Gender=Neut|Number=Sing|","|den..1:-1.000|den..2:-1.000|en..2:-1.000|"
"","stöd","|antagande|bevis|bevisföring|förbindelsemedel|grund|hjälp|skyddsmedel|","|Assistance|","|stöd|","|","|","|stöd..nn.1|","positive","75","CJ","NN.NEU.SIN.IND.NOM","NN","77","|Case=Nom|Definite=Ind|Gender=Neut|Number=Sing|","|stöd..2:0.628|stöd..1:0.372|"
"","hen","|","|","|hen|","|","|","|hen..pn.1|","null","79","SS","PN.UTR.SIN.DEF.SUB","PN","78","|Case=Nom|Definite=Def|Gender=Com|Number=Sing|","|hen..2:-1.000|"
"","behöver","|förnödenhet|","|Required_event|","|behöva|","|","|","|behöva..vb.1|","neutral","77","ET","VB.PRS.AKT","VB","79","|Mood=Ind|Tense=Pres|VerbForm=Fin|Voice=Act|","|behöva..1:-1.000|"
"",".","|","|","|","|","|","|","null","5","IP","MAD","MAD","80","|","|"
"# Svenska partiprogram och valmanifest; text attributes: text_source: ""Hämtat från partiets officiella hemsida."", text_party: ""mp"", text_blingbring: ""|tredubbling:19.531|olärd:9.52|uttolkare:9.244|"", text__id: ""cfd2"", text_lix: ""44.58"", text_nk: ""1.54"", text_ovix: ""69.39"", text_year: ""2014"", text_type: ""Valmanifest - Riksdagsval"", text_type_id: ""v"", text_title: ""Miljöpartiets valmanifest 2014"", text_swefn: ""|Overcoming_misunderstandings:84.261|Ratification:44.862|Capital_stock:38.385|"", text_party_name: ""Miljöpartiet de gröna""","","","","","","","","","","","","","","",""
"","Investeringar","|","|Capital_stock|","|investering|","|","|","|investering..nn.1|","neutral","20","SS","NN.UTR.PLU.IND.NOM","NN","1","|Case=Nom|Definite=Ind|Gender=Com|Number=Plur|","|investering..1:-1.000|"
"","i","|","|","|i|","|","|","|i..pp.1|","null","12","CJ","PP","PP","2","|","|i..2:-1.000|"
"","förnybar","|","|","|förnybar|","|","|","|förnybar..av.1|","null","4","AT","JJ.POS.UTR.SIN.IND.NOM","JJ","3","|Case=Nom|Definite=Ind|Degree=Pos|Gender=Com|Number=Sing|","|förnybar..1:-1.000|"
"","energi","|ansträngning|beslutsamhet|betydenhet|förmåga|grund|infall|inre_väsen|kraftyttring|mod|myndighet|orubblighet|raskhet|styrka|uttrycksfullhet|verksamhet|verksamhetsbegär|","|Dynamism|","|energi|","|","|","|energi..nn.1|","neutral","2","PA","NN.UTR.SIN.IND.NOM","NN","4","|Case=Nom|Definite=Ind|Gender=Com|Number=Sing|","|energi..1:-1.000|"
"",",","|","|","|","|","|","|","null","12","IK","MID","MID","5","|","|"
"","nya","|nytt|olikhet|tillägg|","|","|ny|","|","|","|ny..av.1|","neutral","8","AT","JJ.POS.UTR+NEU.PLU.IND+DEF.NOM","JJ","6","|Case=Nom|Definite=Def,Ind|Degree=Pos|Gender=Com,Neut|Number=Plur|","|ny..1:-1.000|"
"","klimatsmarta","|","|","|klimatsmart|","|klimat..nn.1+smart..av.1:4.020e-12|kli..nn.1+mat..nn.1+smart..av.1:9.053e-19|klia..vb.1+mat..nn.1+smart..av.1:1.732e-26|klia..vb.2+mat..nn.1+smart..av.1:1.732e-26|","|klimat+smarta|kli+mat+smarta|","|klimatsmart..av.1|","null","8","AT","JJ.POS.UTR+NEU.PLU.IND+DEF.NOM","JJ","7","|Case=Nom|Definite=Def,Ind|Degree=Pos|Gender=Com,Neut|Number=Plur|","|klimatsmart..1:-1.000|"
"","stadsdelar","|","|","|stadsdel|","|stad..nn.1+del..nn.1:1.134e-10|","|stads+delar|","|stadsdel..nn.1|","neutral","9","CJ","NN.UTR.PLU.IND.NOM","NN","8","|Case=Nom|Definite=Ind|Gender=Com|Number=Plur|","|stadsdel..1:-1.000|"
"",",","|","|","|","|","|","|","null","12","IK","MID","MID","9","|","|"
"","snabbare","|brådska|försteg|kortvarighet|plötslighet|raskhet|skicklighet|snabbhet|tidighet|verksamhetsbegär|","|Speed_description|","|snabb|","|snabb..av.1+bar..av.1:1.210e-12|","|snabb+bare|","|snabb..av.1|","neutral","11","AT","JJ.KOM.UTR+NEU.SIN+PLU.IND+DEF.NOM","JJ","10","|Case=Nom|Definite=Def,Ind|Degree=Cmp|Gender=Com,Neut|Number=Plur,Sing|","|snabb..1:-1.000|"
"","tåg","|fordon|fortskaffning_landvägen|förbindelsemedel|rörelse|sammanhang|tillverkning|trådformighet|","|Vehicle|","|tåg|","|","|","|tåg..nn.1|","neutral","9","CJ","NN.NEU.PLU.IND.NOM","NN","11","|Case=Nom|Definite=Ind|Gender=Neut|Number=Plur|","|tåg..1:0.955|tåg..3:0.031|tåg..2:0.013|"
"","och","|","|","|och|","|","|","|och..kn.1|","null","1","ET","KN","KN","12","|","|och..1:-1.000|"
"","i","|","|","|i|","|","|","|i..pp.1|","null","12","CJ","PP","PP","13","|","|i..2:-1.000|"
"","att","|","|","|att|","|","|","|att..sn.1|","null","13","PA","IE","IE","14","|","|att..1:-1.000|"
"","rusta","|","|","|rusta|","|rus..nn.1+ta..vb.1:6.582e-11|rusa..vb.1+ta..vb.1:4.657e-20|rusa..vb.2+ta..vb.1:4.657e-20|","|rus+ta|","|rusta..vb.1|","neutral","14","IF","VB.INF.AKT","VB","15","|VerbForm=Inf|Voice=Act|","|rusta..2:0.880|rusta..1:0.120|"
"","våra","|","|","|vi|","|","|","|vi..pn.1|","null","17","DT","PS.UTR+NEU.PLU.DEF","PS","16","|Definite=Def|Gender=Com,Neut|Number=Plur|","|vi..1:-1.000|"
"","samhällen","|förbindelse|förening|människa|","|","|samhälle|","|sam..sxc.1+häll..nn.1:7.275e-21|sam..sxc.1+häl..nn.1+l..nn.1:1.747e-34|sam..sxc.1+häll..nn.1+l..nn.1:1.558e-34|sam..sxc.1+hälla..nn.1+l..nn.1:1.558e-34|sam..sxc.1+hälla..vb.1+l..nn.1:3.501e-36|","|sam+hällen|sam+häl+len|sam+häll+len|","|samhälle..nn.1|","neutral","15","OO","NN.NEU.PLU.IND.NOM","NN","17","|Case=Nom|Definite=Ind|Gender=Neut|Number=Plur|","|samhälle..1:0.962|samhälle..2:0.038|"
"","för","|","|","|för|","|","|","|för..pp.1|","null","15","OA","PP","PP","18","|","|för..1:-1.000|för..5:-1.000|för..6:-1.000|för..7:-1.000|för..9:-1.000|"
"","klimatförändringar","|","|","|klimatförändring|","|klimat..nn.1+förändring..nn.1:1.788e-10|kli..nn.1+mat..nn.1+förändring..nn.1:2.035e-16|klimat..nn.1+föra..vb.1+ändring..nn.1:2.559e-19|klimat..nn.1+för..nn.1+ändring..nn.1:4.654e-21|klia..vb.1+mat..nn.1+förändring..nn.1:1.937e-24|klia..vb.2+mat..nn.1+förändring..nn.1:1.937e-24|","|klimat+förändringar|kli+mat+förändringar|klimat+för+ändringar|","|klimatförändring..nn.1|","null","18","PA","NN.UTR.PLU.IND.NOM","NN","19","|Case=Nom|Definite=Ind|Gender=Com|Number=Plur|","|klimatförändring..1:-1.000|"
"***","skapar","|alstring|form|förmåga|grund|gudom|skicklighet|tillvaro|verklighet|","|Intentionally_create|","|skapa|","|","|","|skapa..vb.1|","neutral","null","ROOT","VB.PRS.AKT","VB","20","|Mood=Ind|Tense=Pres|VerbForm=Fin|Voice=Act|","|skapa..1:-1.000|"
"***","förutsättningar","|antagande|betingelse|bevis|förbehåll|förhand|förhoppning|förmåga|grund|logik|omständighet|tankeämne|","|","|förutsättning|","|förut..ab.1+sättning..nn.1:4.029e-12|för..nn.1+ut..ab.1+sättning..nn.1:3.134e-21|föra..vb.1+ut..ab.1+sättning..nn.1:4.884e-22|","|förut+sättningar|för+ut+sättningar|","|förutsättning..nn.1|","neutral","20","OO","NN.UTR.PLU.IND.NOM","NN","21","|Case=Nom|Definite=Ind|Gender=Com|Number=Plur|","|förutsättning..1:-1.000|"
"***","för","|","|","|för|","|","|","|för..pp.1|","null","21","ET","PP","PP","22","|","|för..1:-1.000|för..5:-1.000|för..6:-1.000|för..7:-1.000|för..9:-1.000|"
"","30","|","|","|","|","|","|","null","26","DT","RG.NOM","RG","23","|Case=Nom|","|"
"","000","|","|","|","|","|","|","null","26","DT","RG.NOM","RG","24","|Case=Nom|","|"
"","fler","|","|","|","|","|","|","null","26","DT","JJ.POS.UTR+NEU.PLU.IND.NOM","JJ","25","|Case=Nom|Definite=Ind|Degree=Pos|Gender=Com,Neut|Number=Plur|","|"
"","jobb","|försök|slump|","|Being_employed|","|jobb|","|","|","|jobb..nn.1|","neutral","22","PA","NN.NEU.PLU.IND.NOM","NN","26","|Case=Nom|Definite=Ind|Gender=Neut|Number=Plur|","|jobb..1:0.859|jobb..2:0.141|"
"","än","|","|","|","|","|","|","null","26","ET","KN","KN","27","|","|"
"","med","|","|","|med|","|","|","|med..pp.1|","null","27","UA","PP","PP","28","|","|med..1:-1.000|med..2:-1.000|"
"","Alliansens","|avtal|endräkt|förbindelse|förening|hjälp|samhörighet|sammanslutning|samverkan|","|Alliance|","|allians|","|al..nn.1+lie..nn.1+ans..nn.1:1.744e-21|all..sxc.1+lie..nn.1+ans..nn.1:5.301e-22|al..nn.1+lian..nn.1+s..nn.1:2.428e-27|all..sxc.1+lian..nn.1+s..nn.1:7.384e-28|al..nn.1+lian..nn.1+se..vb.1+n..nn.1:3.611e-29|all..sxc.1+lian..nn.1+se..vb.1+n..nn.1:1.098e-29|al..nn.1+lie..nn.1+anse..vb.1+n..nn.1:5.329e-30|all..sxc.1+lie..nn.1+anse..vb.1+n..nn.1:1.620e-30|al..nn.1+lie..nn.1+an..ab.1+s..nn.1:8.696e-33|all..sxc.1+lie..nn.1+an..ab.1+s..nn.1:2.644e-33|","|al+li+ansens|all+li+ansens|al+lian+sens|all+lian+sens|al+lian+se+ns|all+lian+se+ns|al+li+anse+ns|all+li+anse+ns|al+li+an+sens|all+li+an+sens|","|allians..nn.1|","null","30","DT","NN.UTR.SIN.DEF.GEN","NN","29","|Case=Gen|Definite=Def|Gender=Com|Number=Sing|","|allians..1:-1.000|"
"","politik","|förfarande|försiktighet|planmässighet|skicklighet|slughet|","|","|politik|","|","|","|politik..nn.1|","neutral","28","PA","NN.UTR.SIN.IND.NOM","NN","30","|Case=Nom|Definite=Ind|Gender=Com|Number=Sing|","|politik..1:-1.000|"
"",".","|","|","|","|","|","|","null","20","IP","MAD","MAD","31","|","|"
"# Svenska partiprogram och valmanifest; text attributes: text_source: ""Hämtat från partiets officiella hemsida."", text_party: ""mp"", text_blingbring: ""|tredubbling:19.531|olärd:9.52|uttolkare:9.244|"", text__id: ""cfd2"", text_lix: ""44.58"", text_nk: ""1.54"", text_ovix: ""69.39"", text_year: ""2014"", text_type: ""Valmanifest - Riksdagsval"", text_type_id: ""v"", text_title: ""Miljöpartiets valmanifest 2014"", text_swefn: ""|Overcoming_misunderstandings:84.261|Ratification:44.862|Capital_stock:38.385|"", text_party_name: ""Miljöpartiet de gröna""","","","","","","","","","","","","","","",""
"","Det","|","|","|den|","|","|","|den..pn.1|","null","2","SS","PN.NEU.SIN.DEF.SUB+OBJ","PN","1","|Case=Acc,Nom|Definite=Def|Gender=Neut|Number=Sing|","|den..2:-1.000|"
"***","skapar","|alstring|form|förmåga|grund|gudom|skicklighet|tillvaro|verklighet|","|Intentionally_create|","|skapa|","|","|","|skapa..vb.1|","neutral","null","ROOT","VB.PRS.AKT","VB","2","|Mood=Ind|Tense=Pres|VerbForm=Fin|Voice=Act|","|skapa..1:-1.000|"
"***","förutsättningar","|antagande|betingelse|bevis|förbehåll|förhand|förhoppning|förmåga|grund|logik|omständighet|tankeämne|","|","|förutsättning|","|förut..ab.1+sättning..nn.1:4.029e-12|för..nn.1+ut..ab.1+sättning..nn.1:3.134e-21|föra..vb.1+ut..ab.1+sättning..nn.1:4.884e-22|","|förut+sättningar|för+ut+sättningar|","|förutsättning..nn.1|","neutral","2","OO","NN.UTR.PLU.IND.NOM","NN","3","|Case=Nom|Definite=Ind|Gender=Com|Number=Plur|","|förutsättning..1:-1.000|"
"***","för","|","|","|för|","|","|","|för..pp.1|","null","3","ET","PP","PP","4","|","|för..1:-1.000|för..5:-1.000|för..6:-1.000|för..7:-1.000|för..9:-1.000|"
"","nya","|nytt|olikhet|tillägg|","|","|ny|","|","|","|ny..av.1|","neutral","6","AT","JJ.POS.UTR+NEU.PLU.IND+DEF.NOM","JJ","5","|Case=Nom|Definite=Def,Ind|Degree=Pos|Gender=Com,Neut|Number=Plur|","|ny..1:-1.000|"
"","jobb","|försök|slump|","|Being_employed|","|jobb|","|","|","|jobb..nn.1|","neutral","4","PA","NN.NEU.PLU.IND.NOM","NN","6","|Case=Nom|Definite=Ind|Gender=Neut|Number=Plur|","|jobb..1:0.879|jobb..2:0.121|"
"","i","|","|","|i|","|","|","|i..pp.1|","null","2","RA","PP","PP","7","|","|i..2:-1.000|"
"","bland","|","|","|bland|bland_annat|","|","|","|bland..pp.1|bland_annat..abm.1|","null","10","CA","PP","PP","8","|","|bland..1:-1.000|bland_annat..1:-1.000|"
"","annat","|","|","|annan|bland_annat:8|","|","|","|annan..pn.1|bland_annat..abm.1:8|","null","8","HD","PN.NEU.SIN.IND.SUB+OBJ","PN","9","|Case=Acc,Nom|Definite=Ind|Gender=Neut|Number=Sing|","|annan..1:-1.000|bland_annat..1:8:-1.000|"
"","miljonprogramsområden","|","|","|miljonprogramsområde|","|miljon..nn.1+prog..nn.1+ram..nn.1+område..nn.1:3.497e-27|miljon..nn.1+prog..nn.1+rams..nn.1+område..nn.1:3.497e-27|miljon..nn.1+prog..nn.1+ramsa..nn.1+område..nn.1:3.497e-27|miljon..nn.1+prog..nn.1+ramsa..vb.1+område..nn.1:1.053e-36|miljon..nn.1+prog..nn.1+ram..nn.1+om..ab.1+råd..nn.1:4.372e-36|miljon..nn.1+prog..nn.1+ram..nn.1+om..ab.1+råd..nn.2:4.372e-36|miljon..nn.1+prog..nn.1+rams..nn.1+om..ab.1+råd..nn.1:4.372e-36|miljon..nn.1+prog..nn.1+rams..nn.1+om..ab.1+råd..nn.2:4.372e-36|miljon..nn.1+prog..nn.1+ramsa..nn.1+om..ab.1+råd..nn.1:4.372e-36|miljon..nn.1+prog..nn.1+ramsa..nn.1+om..ab.1+råd..nn.2:4.372e-36|mil..nn.1+jon..nn.1+prog..nn.1+ram..nn.1+område..nn.1:1.111e-36|mil..nn.1+jon..nn.1+prog..nn.1+rams..nn.1+område..nn.1:1.111e-36|mil..nn.1+jon..nn.1+prog..nn.1+ramsa..nn.1+område..nn.1:1.111e-36|mila..nn.1+jon..nn.1+prog..nn.1+ram..nn.1+område..nn.1:1.111e-36|mila..nn.1+jon..nn.1+prog..nn.1+rams..nn.1+område..nn.1:1.111e-36|mila..nn.1+jon..nn.1+prog..nn.1+ramsa..nn.1+område..nn.1:1.111e-36|miljon..nn.1+prog..nn.1+ramsa..vb.1+om..ab.1+råd..nn.1:1.185e-41|miljon..nn.1+prog..nn.1+ramsa..vb.1+om..ab.1+råd..nn.2:1.185e-41|mil..nn.1+jon..nn.1+prog..nn.1+ramsa..vb.1+område..nn.1:3.012e-42|mila..nn.1+jon..nn.1+prog..nn.1+ramsa..vb.1+område..nn.1:3.012e-42|miljon..nn.1+prog..nn.1+ram..nn.1+om..nn.1+råd..nn.1:1.477e-45|miljon..nn.1+prog..nn.1+ram..nn.1+om..nn.1+råd..nn.2:1.477e-45|miljon..nn.1+prog..nn.1+rams..nn.1+om..nn.1+råd..nn.1:1.477e-45|miljon..nn.1+prog..nn.1+rams..nn.1+om..nn.1+råd..nn.2:1.477e-45|miljon..nn.1+prog..nn.1+ramsa..nn.1+om..nn.1+råd..nn.1:1.477e-45|miljon..nn.1+prog..nn.1+ramsa..nn.1+om..nn.1+råd..nn.2:1.477e-45|miljon..nn.1+prog..nn.1+ramsa..vb.1+om..nn.1+råd..nn.1:4.002e-51|miljon..nn.1+prog..nn.1+ramsa..vb.1+om..nn.1+råd..nn.2:4.002e-51|","|miljon+program+som+råden|miljon+prog+rams+områden|mil+jon+program+som+råden|miljon+prog+ram+som+råden|miljon+prog+rams+om+råden|mil+jon+prog+rams+områden|miljon+pro+gram+som+råden|","|","null","7","PA","NN.NEU.PLU.IND.NOM","NN","10","|Case=Nom|Definite=Ind|Gender=Neut|Number=Plur|","|"
"",".","|","|","|","|","|","|","null","2","IP","MAD","MAD","11","|","|"
"# Svenska partiprogram och valmanifest; text attributes: text_source: ""Hämtat från partiets officiella hemsida."", text_party: ""sd"", text_blingbring: ""|filantropi:16.919|parallellism:14.9|inskjutning:10.046|"", text__id: ""ed6f"", text_lix: ""60.89"", text_nk: ""1.95"", text_ovix: ""59.16"", text_year: ""2018"", text_type: ""Valmanifest - Riksdagsval"", text_type_id: ""v"", text_title: ""Sverigedemokraternas valmanifest 2018 + Sverigedemokraternas valplattform 2018"", text_swefn: ""|Make_possible_to_do:96.088|Having_or_lacking_access:67.713|Want_suspect:45.868|"", text_party_name: ""Sverigedemokraterna""","","","","","","","","","","","","","","",""
"","Sverigedemokraterna","|","|People_along_political_spectrum|","|Sverigedemokrat|sverigedemokrat|","|Sverige..pm.1+demokrat..nn.1:1.216e-13|","|Sverige+demokraterna|","|Sverigedemokrat..nn.1|sverigedemokrat..nn.1|","null","2","SS","NN.UTR.PLU.DEF.NOM","NN","1","|Case=Nom|Definite=Def|Gender=Com|Number=Plur|","|Sverigedemokrat..1:-1.000|"
"","vill","|syfte|vilja|villighet|","|Desiring|","|vilja|","|","|","|vilja..vb.1|","neutral","null","ROOT","VB.PRS.AKT","VB","2","|Mood=Ind|Tense=Pres|VerbForm=Fin|Voice=Act|","|vilja..1:-1.000|"
"","verka","|arbete|förmåga|grund|göromål|kraftmedel|raskhet|utjämning|verksamhetsbegär|","|Give_impression|","|verka|","|","|","|verka..vb.1|","neutral","2","VG","VB.INF.AKT","VB","3","|VerbForm=Inf|Voice=Act|","|verka..1:0.592|verka..2:0.267|verka..4:0.135|verka..3:0.006|"
"","för","|","|","|för|","|","|","|för..pp.1|","null","3","OA","PP","PP","4","|","|för..1:-1.000|för..5:-1.000|för..6:-1.000|för..7:-1.000|för..9:-1.000|"
"","ett","|","|","|en|","|","|","|en..al.1|","null","6","DT","DT.NEU.SIN.IND","DT","5","|Definite=Ind|Gender=Neut|Number=Sing|","|den..1:-1.000|en..2:-1.000|"
"","bistånd","|bortgivande|fördel|hjälp|nytta|sammanslutning|verksamhet|välvilja|","|Assistance|","|bistånd|","|bi..nn.1+stånd..nn.1:2.470e-11|bi..nn.1+stånd..nn.2:2.470e-11|bi..av.1+stånd..nn.1:7.554e-20|bi..av.1+stånd..nn.2:7.554e-20|","|bi+stånd|","|bistånd..nn.1|","positive","4","PA","NN.NEU.SIN.IND.NOM","NN","6","|Case=Nom|Definite=Ind|Gender=Neut|Number=Sing|","|bistånd..1:-1.000|"
"","som","|","|","|","|","|","|","null","8","SS","HP.-.-.-","HP","7","|","|"
"***","skapar","|alstring|form|förmåga|grund|gudom|skicklighet|tillvaro|verklighet|","|Intentionally_create|","|skapa|","|","|","|skapa..vb.1|","neutral","6","ET","VB.PRS.AKT","VB","8","|Mood=Ind|Tense=Pres|VerbForm=Fin|Voice=Act|","|skapa..1:-1.000|"
"***","förutsättningar","|antagande|betingelse|bevis|förbehåll|förhand|förhoppning|förmåga|grund|logik|omständighet|tankeämne|","|","|förutsättning|","|förut..ab.1+sättning..nn.1:4.029e-12|för..nn.1+ut..ab.1+sättning..nn.1:3.134e-21|föra..vb.1+ut..ab.1+sättning..nn.1:4.884e-22|","|förut+sättningar|för+ut+sättningar|","|förutsättning..nn.1|","neutral","8","OO","NN.UTR.PLU.IND.NOM","NN","9","|Case=Nom|Definite=Ind|Gender=Com|Number=Plur|","|förutsättning..1:-1.000|"
"***","för","|","|","|för|","|","|","|för..pp.1|","null","8","OA","PP","PP","10","|","|för..1:-1.000|för..5:-1.000|för..6:-1.000|för..7:-1.000|för..9:-1.000|"
"","människor","|människa|","|People|","|människa|","|","|","|människa..nn.1|","neutral","10","PA","NN.UTR.PLU.IND.NOM","NN","11","|Case=Nom|Definite=Ind|Gender=Com|Number=Plur|","|människa..1:-1.000|"
"","i","|","|","|i|","|","|","|i..pp.1|","null","11","ET","PP","PP","12","|","|i..2:-1.000|"
"","fattigdom","|fattigdom|förlust|intighet|litenhet|ofullständighet|olycka|otillräcklighet|oviktighet|","|","|fattigdom|","|fattig..av.1+dom..nn.1:1.081e-11|fattig..av.1+dom..nn.2:1.081e-11|fat..nn.1+tiga..vb.1+dom..nn.1:1.833e-20|fat..nn.1+tiga..vb.1+dom..nn.2:1.833e-20|fatt..av.1+tiga..vb.1+dom..nn.1:7.107e-21|fatt..av.1+tiga..vb.1+dom..nn.2:7.107e-21|","|fattig+dom|fat+tig+dom|fatt+tig+dom|","|fattigdom..nn.1|fattigdom..nn.2|","negative","14","CJ","NN.UTR.SIN.IND.NOM","NN","13","|Case=Nom|Definite=Ind|Gender=Com|Number=Sing|","|fattigdom..1:1.000|fattigdom..2:0.000|"
"","och","|","|","|och|","|","|","|och..kn.1|","null","12","PA","KN","KN","14","|","|och..1:-1.000|"
"","förtryck","|ansträngning|motverkan|ofrihet|ofrivillighet|ont|stränghet|sänkning|tvång|","|","|förtryck|","|föra..vb.1+tryck..nn.1:3.041e-12|föra..vb.1+tryck..nn.2:3.041e-12|för..nn.1+tryck..nn.1:6.235e-15|för..nn.1+tryck..nn.2:6.235e-15|","|för+tryck|","|förtryck..nn.1|","negative","14","CJ","NN.NEU.SIN.IND.NOM","NN","15","|Case=Nom|Definite=Ind|Gender=Neut|Number=Sing|","|förtryck..1:-1.000|"
"","att","|","|","|att|","|","|","|att..sn.1|","null","8","OA","IE","IE","16","|","|att..1:-1.000|"
"","förbättra","|förbättring|gott|modifikation|tilltagande|uppfriskning|utvidgning|","|Surpassing|","|förbättra|","|föra..vb.1+bättra..vb.1:1.220e-14|för..nn.1+bättra..vb.1:1.492e-17|","|för+bättra|","|förbättra..vb.1|","positive","16","IF","VB.INF.AKT","VB","17","|VerbForm=Inf|Voice=Act|","|förbättra..1:-1.000|"
"","sina","|","|","|sig|","|","|","|sig..pn.1|","null","19","DT","PS.UTR+NEU.PLU.DEF","PS","18","|Definite=Def|Gender=Com,Neut|Number=Plur|","|sig..1:-1.000|"
"","levnadsvillkor","|anseende|förfarande|ståndpunkt|tillstånd|","|","|levnadsvillkor|","|levnad..nn.1+villkor..nn.1:3.287e-12|levnad..nn.1+villa..nn.2+ko..nn.1:2.107e-27|levnad..nn.1+villa..nn.2+kor..nn.1:2.107e-27|levnad..nn.1+vill..ab.1+ko..nn.1:2.477e-28|levnad..nn.1+vill..ab.1+kor..nn.1:2.477e-28|","|levnads+villkor|levnads+vill+kor|","|levnadsvillkor..nn.1|","null","17","OO","NN.NEU.PLU.IND.NOM","NN","19","|Case=Nom|Definite=Ind|Gender=Neut|Number=Plur|","|levnadsvillkor..1:-1.000|"
"","utifrån","|","|","|utifrån|","|","|","|utifrån..pp.1|","null","17","OA","PP","PP","20","|","|utifrån..1:-1.000|"
"","sina","|","|","|sig|","|","|","|sig..pn.1|","null","23","DT","PS.UTR+NEU.PLU.DEF","PS","21","|Definite=Def|Gender=Com,Neut|Number=Plur|","|sig..1:-1.000|"
"","grundläggande","|","|","|grundlägga|grundläggande|","|grund..nn.1+lägga..vb.1:3.603e-18|grund..nn.2+lägga..vb.1:3.603e-18|grund..av.1+lägga..vb.1:9.134e-21|grunda..vb.1+lägga..vb.1:1.902e-27|grunda..vb.2+lägga..vb.1:1.902e-27|","|grund+läggande|","|grundlägga..vb.1|grundläggande..av.1|","neutral","23","AT","PC.PRS.UTR+NEU.SIN+PLU.IND+DEF.NOM","PC","22","|Case=Nom|Definite=Def,Ind|Gender=Com,Neut|Number=Plur,Sing|Tense=Pres|VerbForm=Part|","|grundläggande..1:0.544|grundlägga..1:0.456|"
"","behov","|fattigdom|förnödenhet|åtrå|","|Being_necessary|","|behov|","|","|","|behov..nn.1|","neutral","20","PA","NN.NEU.PLU.IND.NOM","NN","23","|Case=Nom|Definite=Ind|Gender=Neut|Number=Plur|","|behov..1:-1.000|"
"","i","|","|","|i|","|","|","|i..pp.1|","null","23","ET","PP","PP","24","|","|i..2:-1.000|"
"","den","|","|","|den|en|","|","|","|den..pn.1|en..al.1|","null","27","DT","DT.UTR.SIN.DEF","DT","25","|Definite=Def|Gender=Com|Number=Sing|","|den..1:-1.000|den..2:-1.000|en..2:-1.000|"
"","omedelbara","|anslutning|infall|plötslighet|rakhet|sammanhang|tankefel|tidighet|","|","|omedelbar|","|om..ab.1+ed..nn.1+el..nn.1+bar..av.1:1.117e-27|om..ab.1+ed..nn.2+el..nn.1+bar..av.1:1.117e-27|om..ab.1+eda..nn.1+el..nn.1+bar..av.1:1.117e-27|om..nn.1+ed..nn.1+el..nn.1+bar..av.1:3.776e-34|om..nn.1+ed..nn.2+el..nn.1+bar..av.1:3.776e-34|om..nn.1+eda..nn.1+el..nn.1+bar..av.1:3.776e-34|","|om+ed+el+bara|","|omedelbar..av.1|","neutral","27","AT","JJ.POS.UTR+NEU.SIN.DEF.NOM","JJ","26","|Case=Nom|Definite=Def|Degree=Pos|Gender=Com,Neut|Number=Sing|","|omedelbar..1:-1.000|"
"","vardagen","|regelbundenhet|uppvaknande|vanlighet|","|","|vardag|","|vara..vb.1+dag..nn.1:1.790e-08|vara..vb.2+dag..nn.1:1.790e-08|varde..nn.1+ag..nn.1:2.925e-14|var..nn.1+dag..nn.1:1.049e-17|vara..nn.1+dag..nn.1:1.049e-17|var..av.1+dag..nn.1:1.014e-18|varda..vb.1+ag..nn.1:2.041e-22|","|var+dagen|vard+agen|","|vardag..nn.1|","neutral","24","PA","NN.UTR.SIN.DEF.NOM","NN","27","|Case=Nom|Definite=Def|Gender=Com|Number=Sing|","|vardag..1:-1.000|"
"",".","|","|","|","|","|","|","null","2","IP","MAD","MAD","28","|","|"
"# Svenska partiprogram och valmanifest; text attributes: text_source: ""Hämtat från partiets officiella hemsida."", text_party: ""sd"", text_blingbring: ""|filantropi:16.919|parallellism:14.9|inskjutning:10.046|"", text__id: ""ed6f"", text_lix: ""60.89"", text_nk: ""1.95"", text_ovix: ""59.16"", text_year: ""2018"", text_type: ""Valmanifest - Riksdagsval"", text_type_id: ""v"", text_title: ""Sverigedemokraternas valmanifest 2018 + Sverigedemokraternas valplattform 2018"", text_swefn: ""|Make_possible_to_do:96.088|Having_or_lacking_access:67.713|Want_suspect:45.868|"", text_party_name: ""Sverigedemokraterna""","","","","","","","","","","","","","","",""
"","Sverigedemokraterna","|","|People_along_political_spectrum|","|Sverigedemokrat|sverigedemokrat|","|Sverige..pm.1+demokrat..nn.1:1.216e-13|","|Sverige+demokraterna|","|Sverigedemokrat..nn.1|sverigedemokrat..nn.1|","null","2","SS","NN.UTR.PLU.DEF.NOM","NN","1","|Case=Nom|Definite=Def|Gender=Com|Number=Plur|","|Sverigedemokrat..1:-1.000|"
"","vill","|syfte|vilja|villighet|","|Desiring|","|vilja|","|","|","|vilja..vb.1|","neutral","null","ROOT","VB.PRS.AKT","VB","2","|Mood=Ind|Tense=Pres|VerbForm=Fin|Voice=Act|","|vilja..1:-1.000|"
"","verka","|arbete|förmåga|grund|göromål|kraftmedel|raskhet|utjämning|verksamhetsbegär|","|Give_impression|","|verka|","|","|","|verka..vb.1|","neutral","2","VG","VB.INF.AKT","VB","3","|VerbForm=Inf|Voice=Act|","|verka..1:0.592|verka..2:0.267|verka..4:0.135|verka..3:0.006|"
"","för","|","|","|för|","|","|","|för..pp.1|","null","3","OA","PP","PP","4","|","|för..1:-1.000|för..5:-1.000|för..6:-1.000|för..7:-1.000|för..9:-1.000|"
"","ett","|","|","|en|","|","|","|en..al.1|","null","6","DT","DT.NEU.SIN.IND","DT","5","|Definite=Ind|Gender=Neut|Number=Sing|","|den..1:-1.000|en..2:-1.000|"
"","bistånd","|bortgivande|fördel|hjälp|nytta|sammanslutning|verksamhet|välvilja|","|Assistance|","|bistånd|","|bi..nn.1+stånd..nn.1:2.470e-11|bi..nn.1+stånd..nn.2:2.470e-11|bi..av.1+stånd..nn.1:7.554e-20|bi..av.1+stånd..nn.2:7.554e-20|","|bi+stånd|","|bistånd..nn.1|","positive","4","PA","NN.NEU.SIN.IND.NOM","NN","6","|Case=Nom|Definite=Ind|Gender=Neut|Number=Sing|","|bistånd..1:-1.000|"
"","som","|","|","|","|","|","|","null","8","SS","HP.-.-.-","HP","7","|","|"
"***","skapar","|alstring|form|förmåga|grund|gudom|skicklighet|tillvaro|verklighet|","|Intentionally_create|","|skapa|","|","|","|skapa..vb.1|","neutral","6","ET","VB.PRS.AKT","VB","8","|Mood=Ind|Tense=Pres|VerbForm=Fin|Voice=Act|","|skapa..1:-1.000|"
"***","förutsättningar","|antagande|betingelse|bevis|förbehåll|förhand|förhoppning|förmåga|grund|logik|omständighet|tankeämne|","|","|förutsättning|","|förut..ab.1+sättning..nn.1:4.029e-12|för..nn.1+ut..ab.1+sättning..nn.1:3.134e-21|föra..vb.1+ut..ab.1+sättning..nn.1:4.884e-22|","|förut+sättningar|för+ut+sättningar|","|förutsättning..nn.1|","neutral","8","OO","NN.UTR.PLU.IND.NOM","NN","9","|Case=Nom|Definite=Ind|Gender=Com|Number=Plur|","|förutsättning..1:-1.000|"
"***","för","|","|","|för|","|","|","|för..pp.1|","null","8","OA","PP","PP","10","|","|för..1:-1.000|för..5:-1.000|för..6:-1.000|för..7:-1.000|för..9:-1.000|"
"","människor","|människa|","|People|","|människa|","|","|","|människa..nn.1|","neutral","10","PA","NN.UTR.PLU.IND.NOM","NN","11","|Case=Nom|Definite=Ind|Gender=Com|Number=Plur|","|människa..1:-1.000|"
"","i","|","|","|i|","|","|","|i..pp.1|","null","11","ET","PP","PP","12","|","|i..2:-1.000|"
"","fattigdom","|fattigdom|förlust|intighet|litenhet|ofullständighet|olycka|otillräcklighet|oviktighet|","|","|fattigdom|","|fattig..av.1+dom..nn.1:1.081e-11|fattig..av.1+dom..nn.2:1.081e-11|fat..nn.1+tiga..vb.1+dom..nn.1:1.833e-20|fat..nn.1+tiga..vb.1+dom..nn.2:1.833e-20|fatt..av.1+tiga..vb.1+dom..nn.1:7.107e-21|fatt..av.1+tiga..vb.1+dom..nn.2:7.107e-21|","|fattig+dom|fat+tig+dom|fatt+tig+dom|","|fattigdom..nn.1|fattigdom..nn.2|","negative","14","CJ","NN.UTR.SIN.IND.NOM","NN","13","|Case=Nom|Definite=Ind|Gender=Com|Number=Sing|","|fattigdom..1:1.000|fattigdom..2:0.000|"
"","och","|","|","|och|","|","|","|och..kn.1|","null","12","PA","KN","KN","14","|","|och..1:-1.000|"
"","förtryck","|ansträngning|motverkan|ofrihet|ofrivillighet|ont|stränghet|sänkning|tvång|","|","|förtryck|","|föra..vb.1+tryck..nn.1:3.041e-12|föra..vb.1+tryck..nn.2:3.041e-12|för..nn.1+tryck..nn.1:6.235e-15|för..nn.1+tryck..nn.2:6.235e-15|","|för+tryck|","|förtryck..nn.1|","negative","14","CJ","NN.NEU.SIN.IND.NOM","NN","15","|Case=Nom|Definite=Ind|Gender=Neut|Number=Sing|","|förtryck..1:-1.000|"
"","att","|","|","|att|","|","|","|att..sn.1|","null","8","OA","IE","IE","16","|","|att..1:-1.000|"
"","förbättra","|förbättring|gott|modifikation|tilltagande|uppfriskning|utvidgning|","|Surpassing|","|förbättra|","|föra..vb.1+bättra..vb.1:1.220e-14|för..nn.1+bättra..vb.1:1.492e-17|","|för+bättra|","|förbättra..vb.1|","positive","16","IF","VB.INF.AKT","VB","17","|VerbForm=Inf|Voice=Act|","|förbättra..1:-1.000|"
"","sina","|","|","|sig|","|","|","|sig..pn.1|","null","19","DT","PS.UTR+NEU.PLU.DEF","PS","18","|Definite=Def|Gender=Com,Neut|Number=Plur|","|sig..1:-1.000|"
"","levnadsvillkor","|anseende|förfarande|ståndpunkt|tillstånd|","|","|levnadsvillkor|","|levnad..nn.1+villkor..nn.1:3.287e-12|levnad..nn.1+villa..nn.2+ko..nn.1:2.107e-27|levnad..nn.1+villa..nn.2+kor..nn.1:2.107e-27|levnad..nn.1+vill..ab.1+ko..nn.1:2.477e-28|levnad..nn.1+vill..ab.1+kor..nn.1:2.477e-28|","|levnads+villkor|levnads+vill+kor|","|levnadsvillkor..nn.1|","null","17","OO","NN.NEU.PLU.IND.NOM","NN","19","|Case=Nom|Definite=Ind|Gender=Neut|Number=Plur|","|levnadsvillkor..1:-1.000|"
"","utifrån","|","|","|utifrån|","|","|","|utifrån..pp.1|","null","17","OA","PP","PP","20","|","|utifrån..1:-1.000|"
"","sina","|","|","|sig|","|","|","|sig..pn.1|","null","23","DT","PS.UTR+NEU.PLU.DEF","PS","21","|Definite=Def|Gender=Com,Neut|Number=Plur|","|sig..1:-1.000|"
"","grundläggande","|","|","|grundlägga|grundläggande|","|grund..nn.1+lägga..vb.1:3.603e-18|grund..nn.2+lägga..vb.1:3.603e-18|grund..av.1+lägga..vb.1:9.134e-21|grunda..vb.1+lägga..vb.1:1.902e-27|grunda..vb.2+lägga..vb.1:1.902e-27|","|grund+läggande|","|grundlägga..vb.1|grundläggande..av.1|","neutral","23","AT","PC.PRS.UTR+NEU.SIN+PLU.IND+DEF.NOM","PC","22","|Case=Nom|Definite=Def,Ind|Gender=Com,Neut|Number=Plur,Sing|Tense=Pres|VerbForm=Part|","|grundläggande..1:0.544|grundlägga..1:0.456|"
"","behov","|fattigdom|förnödenhet|åtrå|","|Being_necessary|","|behov|","|","|","|behov..nn.1|","neutral","20","PA","NN.NEU.PLU.IND.NOM","NN","23","|Case=Nom|Definite=Ind|Gender=Neut|Number=Plur|","|behov..1:-1.000|"
"","i","|","|","|i|","|","|","|i..pp.1|","null","23","ET","PP","PP","24","|","|i..2:-1.000|"
"","den","|","|","|den|en|","|","|","|den..pn.1|en..al.1|","null","27","DT","DT.UTR.SIN.DEF","DT","25","|Definite=Def|Gender=Com|Number=Sing|","|den..1:-1.000|den..2:-1.000|en..2:-1.000|"
"","omedelbara","|anslutning|infall|plötslighet|rakhet|sammanhang|tankefel|tidighet|","|","|omedelbar|","|om..ab.1+ed..nn.1+el..nn.1+bar..av.1:1.117e-27|om..ab.1+ed..nn.2+el..nn.1+bar..av.1:1.117e-27|om..ab.1+eda..nn.1+el..nn.1+bar..av.1:1.117e-27|om..nn.1+ed..nn.1+el..nn.1+bar..av.1:3.776e-34|om..nn.1+ed..nn.2+el..nn.1+bar..av.1:3.776e-34|om..nn.1+eda..nn.1+el..nn.1+bar..av.1:3.776e-34|","|om+ed+el+bara|","|omedelbar..av.1|","neutral","27","AT","JJ.POS.UTR+NEU.SIN.DEF.NOM","JJ","26","|Case=Nom|Definite=Def|Degree=Pos|Gender=Com,Neut|Number=Sing|","|omedelbar..1:-1.000|"
"","vardagen","|regelbundenhet|uppvaknande|vanlighet|","|","|vardag|","|vara..vb.1+dag..nn.1:1.790e-08|vara..vb.2+dag..nn.1:1.790e-08|varde..nn.1+ag..nn.1:2.925e-14|var..nn.1+dag..nn.1:1.049e-17|vara..nn.1+dag..nn.1:1.049e-17|var..av.1+dag..nn.1:1.014e-18|varda..vb.1+ag..nn.1:2.041e-22|","|var+dagen|vard+agen|","|vardag..nn.1|","neutral","24","PA","NN.UTR.SIN.DEF.NOM","NN","27","|Case=Nom|Definite=Def|Gender=Com|Number=Sing|","|vardag..1:-1.000|"
"",".","|","|","|","|","|","|","null","2","IP","MAD","MAD","28","|","|"
"# Svenska partiprogram och valmanifest; text attributes: text_source: ""Hämtat från partiets officiella hemsida."", text_party: ""sd"", text_blingbring: ""|filantropi:12.584|vanställning:10.156|olaglighet:8.625|"", text__id: ""5e46"", text_lix: ""56.13"", text_nk: ""1.71"", text_ovix: ""70.97"", text_year: ""2022"", text_type: ""Valmanifest - Riksdagsval"", text_type_id: ""v"", text_title: ""Valplattform 2022. Inriktningsprogram för Sverigedemokraternas inflytande över svensk politik under nästa mandatperiod"", text_swefn: ""|Mental_activity:266.617|Make_possible_to_do:55.551|Gusto:51.93|"", text_party_name: ""Sverigedemokraterna""","","","","","","","","","","","","","","",""
"","En","|","|","|en|","|","|","|en..al.1|","null","6","DT","DT.UTR.SIN.IND","DT","1","|Definite=Ind|Gender=Com|Number=Sing|","|den..1:-1.000|en..2:-1.000|"
"","god","|dygd|fullständighet|fördel|gott|mildhet|oskuld|tillräcklighet|välvilja|","|Morality_evaluation|","|god|","|","|","|god..av.1|","positive","6","AT","JJ.POS.UTR.SIN.IND.NOM","JJ","2","|Case=Nom|Definite=Ind|Degree=Pos|Gender=Com|Number=Sing|","|god..1:0.981|god..3:0.018|god..2:0.000|"
"","utbildning","|beredelse|form|kunnighet|skicklighet|","|Education_teaching|","|utbildning|","|ut..ab.1+bildning..nn.1:3.018e-10|","|ut+bildning|","|utbildning..nn.1|","neutral","6","CJ","NN.UTR.SIN.IND.NOM","NN","3","|Case=Nom|Definite=Ind|Gender=Com|Number=Sing|","|utbildning..1:-1.000|"
"",",","|","|","|","|","|","|","null","6","IK","MID","MID","4","|","|"
"","idrott","|raskhet|styrka|","|","|idrott|","|","|","|idrott..nn.1|","neutral","6","CJ","NN.UTR.SIN.IND.NOM","NN","5","|Case=Nom|Definite=Ind|Gender=Com|Number=Sing|","|idrott..1:-1.000|"
"","och","|","|","|och|","|","|","|och..kn.1|","null","8","SS","KN","KN","6","|","|och..1:-1.000|"
"","föreningsliv","|","|","|föreningsliv|","|förening..nn.1+liv..nn.1:6.423e-11|","|förenings+liv|","|föreningsliv..nn.1|","null","6","CJ","NN.NEU.SIN.IND.NOM","NN","7","|Case=Nom|Definite=Ind|Gender=Neut|Number=Sing|","|föreningsliv..1:-1.000|"
"***","skapar","|alstring|form|förmåga|grund|gudom|skicklighet|tillvaro|verklighet|","|Intentionally_create|","|skapa|","|","|","|skapa..vb.1|","neutral","null","ROOT","VB.PRS.AKT","VB","8","|Mood=Ind|Tense=Pres|VerbForm=Fin|Voice=Act|","|skapa..1:-1.000|"
"***","förutsättningar","|antagande|betingelse|bevis|förbehåll|förhand|förhoppning|förmåga|grund|logik|omständighet|tankeämne|","|","|förutsättning|","|förut..ab.1+sättning..nn.1:4.029e-12|för..nn.1+ut..ab.1+sättning..nn.1:3.134e-21|föra..vb.1+ut..ab.1+sättning..nn.1:4.884e-22|","|förut+sättningar|för+ut+sättningar|","|förutsättning..nn.1|","neutral","8","OO","NN.UTR.PLU.IND.NOM","NN","9","|Case=Nom|Definite=Ind|Gender=Com|Number=Plur|","|förutsättning..1:-1.000|"
"***","för","|","|","|för|","|","|","|för..pp.1|","null","8","AA","PP","PP","10","|","|för..1:-1.000|för..5:-1.000|för..6:-1.000|för..7:-1.000|för..9:-1.000|"
"","att","|","|","|att|","|","|","|att..sn.1|","null","10","PA","IE","IE","11","|","|att..1:-1.000|"
"","kunna","|förmåga|kunnighet|skicklighet|styrka|","|Capability|","|kunna|","|","|","|kunna..vb.1|","neutral","11","IF","VB.INF.AKT","VB","12","|VerbForm=Inf|Voice=Act|","|kunna..1:0.678|kunna..3:0.154|kunna..4:0.139|kunna..2:0.029|"
"","förverkliga","|alstring|fullbordan|företag|verklighet|","|Execute_plan|","|förverkliga|","|","|","|förverkliga..vb.1|","null","12","VG","VB.INF.AKT","VB","13","|VerbForm=Inf|Voice=Act|","|förverkliga..1:-1.000|"
"","sina","|","|","|sig|","|","|","|sig..pn.1|","null","15","DT","PS.UTR+NEU.PLU.DEF","PS","14","|Definite=Def|Gender=Com,Neut|Number=Plur|","|sig..1:-1.000|"
"","drömmar","|fantasi|förhoppning|okroppslighet|oriktighet|overklighet|","|","|dröm|","|","|","|dröm..nn.1|","positive","13","OO","NN.UTR.PLU.IND.NOM","NN","15","|Case=Nom|Definite=Ind|Gender=Com|Number=Plur|","|dröm..3:0.881|dröm..1:0.118|dröm..2:0.001|"
"",".","|","|","|","|","|","|","null","8","IP","MAD","MAD","16","|","|"
"# Svenska partiprogram och valmanifest; text attributes: text_source: ""Hämtat från ""Svenska valprogram 1902-1952"", sammanställda av Sven-Olov Håkansson vid Statsvetenskapliga inst. Göteborgs universitet 1959. ISBN 99-0391724-4"", text_party: ""v"", text_blingbring: ""|tillbakadrivning:39.818|ordvarietet:33.55|plebej:31.683|"", text__id: ""eb9c"", text_lix: ""60.83"", text_nk: ""6.26"", text_ovix: ""81.84"", text_year: ""1948"", text_type: ""Valmanifest - Riksdagsval"", text_type_id: ""v"", text_title: ""Till Sverges folk!"", text_swefn: ""|Make_possible_to_do:384.643|Change_of_consistency:157.285|Distinctiveness:131.99|"", text_party_name: ""Vänsterpartiet""","","","","","","","","","","","","","","",""
"","En","|","|","|en|","|","|","|en..al.1|","null","3","DT","DT.UTR.SIN.IND","DT","1","|Definite=Ind|Gender=Com|Number=Sing|","|den..1:-1.000|en..2:-1.000|"
"","kommunistisk","|gemensamhet|genstörtighet|plebej|upplösning|","|","|kommunistisk|","|","|","|kommunistisk..av.1|","null","3","AT","JJ.POS.UTR.SIN.IND.NOM","JJ","2","|Case=Nom|Definite=Ind|Degree=Pos|Gender=Com|Number=Sing|","|kommunistisk..1:-1.000|"
"","valseger","|","|","|valseger|","|val..nn.1+seger..nn.1:9.705e-10|val..nn.2+seger..nn.1:9.705e-10|","|val+seger|","|valseger..nn.1|","null","4","SS","NN.UTR.SIN.IND.NOM","NN","3","|Case=Nom|Definite=Ind|Gender=Com|Number=Sing|","|valseger..1:-1.000|"
"***","skapar","|alstring|form|förmåga|grund|gudom|skicklighet|tillvaro|verklighet|","|Intentionally_create|","|skapa|","|","|","|skapa..vb.1|","neutral","null","ROOT","VB.PRS.AKT","VB","4","|Mood=Ind|Tense=Pres|VerbForm=Fin|Voice=Act|","|skapa..1:-1.000|"
"***","förutsättningar","|antagande|betingelse|bevis|förbehåll|förhand|förhoppning|förmåga|grund|logik|omständighet|tankeämne|","|","|förutsättning|","|förut..ab.1+sättning..nn.1:4.029e-12|för..nn.1+ut..ab.1+sättning..nn.1:3.134e-21|föra..vb.1+ut..ab.1+sättning..nn.1:4.884e-22|","|förut+sättningar|för+ut+sättningar|","|förutsättning..nn.1|","neutral","4","OO","NN.UTR.PLU.IND.NOM","NN","5","|Case=Nom|Definite=Ind|Gender=Com|Number=Plur|","|förutsättning..1:-1.000|"
"***","för","|","|","|för|","|","|","|för..pp.1|","null","4","AA","PP","PP","6","|","|för..1:-1.000|för..5:-1.000|för..6:-1.000|för..7:-1.000|för..9:-1.000|"
"","att","|","|","|att|","|","|","|att..sn.1|","null","16","MS","IE","IE","7","|","|att..1:-1.000|"
"","slå","|anfall|begäran|framgång|infall|jordbruk|klang|krigföring|kval|ljudstöt|ont|skakning|smicker|upprördhet|våldsamhet|ömhetsbetygelse|","|Impact|","|slå|slå_tillbaka|","|","|","|slå..vb.1|slå_tillbaka..vbm.1|","negative","7","IF","VB.INF.AKT","VB","8","|VerbForm=Inf|Voice=Act|","|slå..1:0.469|slå..8:0.134|slå..9:0.124|slå..3:0.113|slå..4:0.080|slå..2:0.076|slå..5:0.004|slå_tillbaka..1:-1.000|slå_tillbaka..2:-1.000|"
"","reaktionen","|gengäld|gensträvighet|hinder|motstånd|motverkan|tillbakadrivning|tillbakagång|återgång|återställelse|övergång|","|","|reaktion|","|","|","|reaktion..nn.1|","negative","8","OO","NN.UTR.SIN.DEF.NOM","NN","9","|Case=Nom|Definite=Def|Gender=Com|Number=Sing|","|reaktion..3:0.752|reaktion..1:0.211|reaktion..2:0.037|"
"","tillbaka","|försvar|repulsion|","|","|tillbaka|slå_tillbaka:8|","|","|","|tillbaka..ab.1|slå_tillbaka..vbm.1:8|","null","8","RA","AB","AB","10","|","|slå_tillbaka..1:8:-1.000|slå_tillbaka..2:8:-1.000|tillbaka..1:-1.000|"
"",",","|","|","|","|","|","|","null","8","IK","MID","MID","11","|","|"
"","trygga","|kvarhållande|skydd|styrka|säkerhet|varaktighet|","|Telling|","|trygga|","|","|","|trygga..vb.1|","positive","7","+F","VB.INF.AKT","VB","12","|VerbForm=Inf|Voice=Act|","|trygga..1:-1.000|"
"","freden","|endräkt|fredsslut|frid|lycka|oföränderlighet|","|","|fred|","|","|","|fred..nn.1|","positive","14","CJ","NN.UTR.SIN.DEF.NOM","NN","13","|Case=Nom|Definite=Def|Gender=Com|Number=Sing|","|fred..1:-1.000|"
"","och","|","|","|och|","|","|","|och..kn.1|","null","12","OO","KN","KN","14","|","|och..1:-1.000|"
"","friheten","|avvikelse|frihet|lättvindighet|löshet|räddning|söndring|vilja|","|","|frihet|","|","|","|frihet..nn.1|","positive","14","CJ","NN.UTR.SIN.DEF.NOM","NN","15","|Case=Nom|Definite=Def|Gender=Com|Number=Sing|","|frihet..1:-1.000|"
"","och","|","|","|och|","|","|","|och..kn.1|","null","5","ET","KN","KN","16","|","|och..1:-1.000|"
"","garantera","|behörighet|bekräftelse|bevis|bifall|löfte|myndighet|rättfärdigande|skydd|säkerhet|tillåtelse|visshet|övertygelse|","|Commitment|","|garantera|","|","|","|garantera..vb.1|","positive","16","+F","VB.INF.AKT","VB","17","|VerbForm=Inf|Voice=Act|","|garantera..1:-1.000|"
"","en","|","|","|en|","|","|","|en..al.1|","null","19","DT","DT.UTR.SIN.IND","DT","18","|Definite=Ind|Gender=Com|Number=Sing|","|den..1:-1.000|en..2:-1.000|"
"","utveckling","|alstring|avhandling|avslöjning|betydelse|fortgång|fortsättning|framåtskridande|fråga|följd|fördel|förfarande|ofullständighet|omdöme|rörelse|tilltagande|uttydning|utvidgning|övergång|","|Cause_to_make_progress|","|utveckling|","|","|","|utveckling..nn.1|","neutral","17","OO","NN.UTR.SIN.IND.NOM","NN","19","|Case=Nom|Definite=Ind|Gender=Com|Number=Sing|","|utveckling..1:1.000|utveckling..2:0.000|"
"","i","|","|","|i|","|","|","|i..pp.1|","null","19","ET","PP","PP","20","|","|i..2:-1.000|"
"","folkmajoritetens","|","|","|folkmajoritet|","|folk..nn.1+majoritet..nn.1:3.319e-10|","|folk+majoritetens|","|","null","22","DT","NN.UTR.SIN.DEF.GEN","NN","21","|Case=Gen|Definite=Def|Gender=Com|Number=Sing|","|"
"","intresse","|anbud|fördel|förstånd|inflytande|kunskapsbegär|samhörighet|sinnesart|uppmärksamhet|verksamhetsbegär|viktighet|villighet|åtrå|","|Emotion_directed|","|intresse|","|","|","|intresse..nn.1|","positive","20","PA","NN.NEU.SIN.IND.NOM","NN","22","|Case=Nom|Definite=Ind|Gender=Neut|Number=Sing|","|intresse..1:0.696|intresse..2:0.304|"
"",".","|","|","|","|","|","|","null","4","IP","MAD","MAD","23","|","|"
"# Svenska partiprogram och valmanifest; text attributes: text_source: ""Inskannat från partiets egna tryckta material"", text_party: ""v"", text_blingbring: ""|ordvarietet:33.366|smickrare:26.056|skattkammare:25.303|"", text__id: ""f93a"", text_lix: ""54.57"", text_nk: ""2.67"", text_ovix: ""75.42"", text_year: ""1981"", text_type: ""Partiprogram"", text_type_id: ""p"", text_title: ""Partiprogram för Vänsterpartiet kommunisterna 1981"", text_swefn: ""|Imposing_obligation:935.474|Use_as_a_starting_point:190.076|Rope_manipulation:135.924|"", text_party_name: ""Vänsterpartiet""","","","","","","","","","","","","","","",""
"","Socialismen","|gemensamhet|plebej|","|","|socialism|","|social..av.1+ism..nn.1:9.718e-15|social..av.1+is..nn.1+m..nn.1:3.706e-18|social..av.1+is..nn.1+men..nn.1:3.706e-18|social..av.1+is..nn.1+men..nn.2:3.706e-18|","|social+ismen|social+is+men|","|socialism..nn.1|","null","2","SS","NN.UTR.SIN.DEF.NOM","NN","1","|Case=Nom|Definite=Def|Gender=Com|Number=Sing|","|socialism..1:-1.000|"
"***","skapar","|alstring|form|förmåga|grund|gudom|skicklighet|tillvaro|verklighet|","|Intentionally_create|","|skapa|","|","|","|skapa..vb.1|","neutral","6","MS","VB.PRS.AKT","VB","2","|Mood=Ind|Tense=Pres|VerbForm=Fin|Voice=Act|","|skapa..1:-1.000|"
"***","förutsättningar","|antagande|betingelse|bevis|förbehåll|förhand|förhoppning|förmåga|grund|logik|omständighet|tankeämne|","|","|förutsättning|","|förut..ab.1+sättning..nn.1:4.029e-12|för..nn.1+ut..ab.1+sättning..nn.1:3.134e-21|föra..vb.1+ut..ab.1+sättning..nn.1:4.884e-22|","|förut+sättningar|för+ut+sättningar|","|förutsättning..nn.1|","neutral","2","OO","NN.UTR.PLU.IND.NOM","NN","3","|Case=Nom|Definite=Ind|Gender=Com|Number=Plur|","|förutsättning..1:-1.000|"
"***","för","|","|","|för|","|","|","|för..pp.1|","null","2","OA","PP","PP","4","|","|för..1:-1.000|för..5:-1.000|för..6:-1.000|för..7:-1.000|för..9:-1.000|"
"","fred","|endräkt|fredsslut|frid|lycka|oföränderlighet|","|","|fred|","|","|","|fred..nn.1|","positive","4","PA","NN.UTR.SIN.IND.NOM","NN","5","|Case=Nom|Definite=Ind|Gender=Com|Number=Sing|","|fred..1:-1.000|"
"","och","|","|","|och|","|","|","|och..kn.1|","null","null","ROOT","KN","KN","6","|","|och..1:-1.000|"
"","betyder","|anseende|betydelse|betydenhet|förutsägelse|inflytande|viktighet|","|Linguistic_meaning|","|betyda|","|","|","|betyda..vb.1|","neutral","6","+F","VB.PRS.AKT","VB","7","|Mood=Ind|Tense=Pres|VerbForm=Fin|Voice=Act|","|betyda..1:-1.000|"
"","frihet","|avvikelse|frihet|lättvindighet|löshet|räddning|söndring|vilja|","|","|frihet|","|","|","|frihet..nn.1|","positive","7","OO","NN.UTR.SIN.IND.NOM","NN","8","|Case=Nom|Definite=Ind|Gender=Com|Number=Sing|","|frihet..1:-1.000|"
"","från","|","|","|från|","|","|","|från..pp.1|","null","8","ET","PP","PP","9","|","|från..1:-1.000|"
"","utsugning","|avmattning|besittningstagande|förbrukning|gäld|missriktning|oförmåga|","|","|utsugning|","|ut..ab.1+sugning..nn.1:4.215e-12|","|ut+sugning|","|utsugning..nn.1|","negative","9","PA","NN.UTR.SIN.IND.NOM","NN","10","|Case=Nom|Definite=Ind|Gender=Com|Number=Sing|","|utsugning..1:-1.000|"
"",".","|","|","|","|","|","|","null","6","IP","MAD","MAD","11","|","|"
"# Svenska partiprogram och valmanifest; text attributes: text_source: ""Inskannat från partiets egna tryckta material"", text_party: ""v"", text_blingbring: ""|ordvarietet:32.246|smickrare:25.182|skattkammare:23.665|"", text__id: ""56de"", text_lix: ""54.50"", text_nk: ""2.63"", text_ovix: ""75.65"", text_year: ""1985"", text_type: ""Partiprogram"", text_type_id: ""p"", text_title: ""Partiprogram för Vänsterpartiet kommunisterna 1985"", text_swefn: ""|Imposing_obligation:904.076|Use_as_a_starting_point:183.697|Rope_manipulation:131.361|"", text_party_name: ""Vänsterpartiet""","","","","","","","","","","","","","","",""
"","Socialismen","|gemensamhet|plebej|","|","|socialism|","|social..av.1+ism..nn.1:9.718e-15|social..av.1+is..nn.1+m..nn.1:3.706e-18|social..av.1+is..nn.1+men..nn.1:3.706e-18|social..av.1+is..nn.1+men..nn.2:3.706e-18|","|social+ismen|social+is+men|","|socialism..nn.1|","null","2","SS","NN.UTR.SIN.DEF.NOM","NN","1","|Case=Nom|Definite=Def|Gender=Com|Number=Sing|","|socialism..1:-1.000|"
"***","skapar","|alstring|form|förmåga|grund|gudom|skicklighet|tillvaro|verklighet|","|Intentionally_create|","|skapa|","|","|","|skapa..vb.1|","neutral","6","MS","VB.PRS.AKT","VB","2","|Mood=Ind|Tense=Pres|VerbForm=Fin|Voice=Act|","|skapa..1:-1.000|"
"***","förutsättningar","|antagande|betingelse|bevis|förbehåll|förhand|förhoppning|förmåga|grund|logik|omständighet|tankeämne|","|","|förutsättning|","|förut..ab.1+sättning..nn.1:4.029e-12|för..nn.1+ut..ab.1+sättning..nn.1:3.134e-21|föra..vb.1+ut..ab.1+sättning..nn.1:4.884e-22|","|förut+sättningar|för+ut+sättningar|","|förutsättning..nn.1|","neutral","2","OO","NN.UTR.PLU.IND.NOM","NN","3","|Case=Nom|Definite=Ind|Gender=Com|Number=Plur|","|förutsättning..1:-1.000|"
"***","för","|","|","|för|","|","|","|för..pp.1|","null","2","OA","PP","PP","4","|","|för..1:-1.000|för..5:-1.000|för..6:-1.000|för..7:-1.000|för..9:-1.000|"
"","fred","|endräkt|fredsslut|frid|lycka|oföränderlighet|","|","|fred|","|","|","|fred..nn.1|","positive","4","PA","NN.UTR.SIN.IND.NOM","NN","5","|Case=Nom|Definite=Ind|Gender=Com|Number=Sing|","|fred..1:-1.000|"
"","och","|","|","|och|","|","|","|och..kn.1|","null","null","ROOT","KN","KN","6","|","|och..1:-1.000|"
"","betyder","|anseende|betydelse|betydenhet|förutsägelse|inflytande|viktighet|","|Linguistic_meaning|","|betyda|","|","|","|betyda..vb.1|","neutral","6","+F","VB.PRS.AKT","VB","7","|Mood=Ind|Tense=Pres|VerbForm=Fin|Voice=Act|","|betyda..1:-1.000|"
"","frihet","|avvikelse|frihet|lättvindighet|löshet|räddning|söndring|vilja|","|","|frihet|","|","|","|frihet..nn.1|","positive","7","OO","NN.UTR.SIN.IND.NOM","NN","8","|Case=Nom|Definite=Ind|Gender=Com|Number=Sing|","|frihet..1:-1.000|"
"","från","|","|","|från|","|","|","|från..pp.1|","null","8","ET","PP","PP","9","|","|från..1:-1.000|"
"","utsugning","|avmattning|besittningstagande|förbrukning|gäld|missriktning|oförmåga|","|","|utsugning|","|ut..ab.1+sugning..nn.1:4.215e-12|","|ut+sugning|","|utsugning..nn.1|","negative","9","PA","NN.UTR.SIN.IND.NOM","NN","10","|Case=Nom|Definite=Ind|Gender=Com|Number=Sing|","|utsugning..1:-1.000|"
"",".","|","|","|","|","|","|","null","6","IP","MAD","MAD","11","|","|"
"# Svenska partiprogram och valmanifest; text attributes: text_source: ""Dokumentet är hämtat från Arbetarrörelsens arkiv."", text_party: ""v"", text_blingbring: ""|parallellism:25.964|skattkammare:19.025|fortgång:17.744|"", text__id: ""6297"", text_lix: ""53.79"", text_nk: ""2.26"", text_ovix: ""71.42"", text_year: ""1987"", text_type: ""Partiprogram"", text_type_id: ""p"", text_title: ""Partiprogram för Vänsterpartiet kommunisterna 1987"", text_swefn: ""|Imposing_obligation:363.406|Foreign_influence:108.384|Rank:86.809|"", text_party_name: ""Vänsterpartiet""","","","","","","","","","","","","","","",""
"","Detta","|","|","|denna|","|","|","|denna..pn.1|","null","2","SS","PN.NEU.SIN.DEF.SUB+OBJ","PN","1","|Case=Acc,Nom|Definite=Def|Gender=Neut|Number=Sing|","|denna..1:-1.000|"
"","strider","|ansträngning|mod|motsats|motverkan|skakning|skiljaktighet|strid|svårhet|tvedräkt|","|Hostile_encounter|","|strida|","|","|","|strida..vb.1|","neutral","7","MS","VB.PRS.AKT","VB","2","|Mood=Ind|Tense=Pres|VerbForm=Fin|Voice=Act|","|strida..1:-1.000|"
"","mot","|","|","|mot|","|","|","|mot..pp.1|","null","2","OA","PP","PP","3","|","|mot..1:-1.000|mot..2:-1.000|"
"","breda","|betydenhet|stil|storhet|utsträckning|vidd|","|Dimension|","|bred|","|","|","|bred..av.1|","neutral","6","AT","JJ.POS.UTR+NEU.PLU.IND+DEF.NOM","JJ","4","|Case=Nom|Definite=Def,Ind|Degree=Pos|Gender=Com,Neut|Number=Plur|","|bred..1:0.978|bred..2:0.022|"
"","folkliga","|bifall|människa|","|Popularity|","|folklig|","|","|","|folklig..av.1|","null","6","AT","JJ.POS.UTR+NEU.PLU.IND+DEF.NOM","JJ","5","|Case=Nom|Definite=Def,Ind|Degree=Pos|Gender=Com,Neut|Number=Plur|","|folklig..1:-1.000|"
"","intressen","|anbud|fördel|förstånd|inflytande|kunskapsbegär|samhörighet|sinnesart|uppmärksamhet|verksamhetsbegär|viktighet|villighet|åtrå|","|Emotion_directed|","|intresse|","|","|","|intresse..nn.1|","positive","3","PA","NN.NEU.PLU.IND.NOM","NN","6","|Case=Nom|Definite=Ind|Gender=Neut|Number=Plur|","|intresse..1:0.969|intresse..2:0.031|"
"","och","|","|","|och|","|","|","|och..kn.1|","null","null","ROOT","KN","KN","7","|","|och..1:-1.000|"
"***","skapar","|alstring|form|förmåga|grund|gudom|skicklighet|tillvaro|verklighet|","|Intentionally_create|","|skapa|","|","|","|skapa..vb.1|","neutral","7","+F","VB.PRS.AKT","VB","8","|Mood=Ind|Tense=Pres|VerbForm=Fin|Voice=Act|","|skapa..1:-1.000|"
"***","förutsättningar","|antagande|betingelse|bevis|förbehåll|förhand|förhoppning|förmåga|grund|logik|omständighet|tankeämne|","|","|förutsättning|","|förut..ab.1+sättning..nn.1:4.029e-12|för..nn.1+ut..ab.1+sättning..nn.1:3.134e-21|föra..vb.1+ut..ab.1+sättning..nn.1:4.884e-22|","|förut+sättningar|för+ut+sättningar|","|förutsättning..nn.1|","neutral","8","OO","NN.UTR.PLU.IND.NOM","NN","9","|Case=Nom|Definite=Ind|Gender=Com|Number=Plur|","|förutsättning..1:-1.000|"
"***","för","|","|","|för|","|","|","|för..pp.1|","null","8","OA","PP","PP","10","|","|för..1:-1.000|för..5:-1.000|för..6:-1.000|för..7:-1.000|för..9:-1.000|"
"","en","|","|","|en|","|","|","|en..al.1|","null","13","DT","DT.UTR.SIN.IND","DT","11","|Definite=Ind|Gender=Com|Number=Sing|","|den..1:-1.000|en..2:-1.000|"
"","bred","|betydenhet|stil|storhet|utsträckning|vidd|","|Dimension|","|bred|","|","|","|bred..av.1|","neutral","13","AT","JJ.POS.UTR.SIN.IND.NOM","JJ","12","|Case=Nom|Definite=Ind|Degree=Pos|Gender=Com|Number=Sing|","|bred..1:0.992|bred..2:0.008|"
"","enighet","|avtal|bifall|endräkt|enighet|frid|förbindelse|helhet|likformighet|vänskap|","|","|enighet|","|","|","|enighet..nn.1|","null","10","PA","NN.UTR.SIN.IND.NOM","NN","13","|Case=Nom|Definite=Ind|Gender=Com|Number=Sing|","|enighet..1:-1.000|"
"",".","|","|","|","|","|","|","null","7","IP","MAD","MAD","14","|","|"
"# Svenska partiprogram och valmanifest; text attributes: text_source: ""Dokumentet är hämtat från Arbetarrörelsens arkiv."", text_party: ""v"", text_blingbring: ""|parallellism:25.964|skattkammare:19.025|fortgång:17.744|"", text__id: ""6297"", text_lix: ""53.79"", text_nk: ""2.26"", text_ovix: ""71.42"", text_year: ""1987"", text_type: ""Partiprogram"", text_type_id: ""p"", text_title: ""Partiprogram för Vänsterpartiet kommunisterna 1987"", text_swefn: ""|Imposing_obligation:363.406|Foreign_influence:108.384|Rank:86.809|"", text_party_name: ""Vänsterpartiet""","","","","","","","","","","","","","","",""
"","Det","|","|","|den|","|","|","|den..pn.1|","null","2","SS","PN.NEU.SIN.DEF.SUB+OBJ","PN","1","|Case=Acc,Nom|Definite=Def|Gender=Neut|Number=Sing|","|den..2:-1.000|"
"","ger","|bortgivande|fullbordan|ogillande|tillvaro|tvedräkt|","|","|ge|","|","|","|ge..vb.1|","neutral","16","MS","VB.PRS.AKT","VB","2","|Mood=Ind|Tense=Pres|VerbForm=Fin|Voice=Act|","|givas..1:0.552|ge..1:0.448|"
"","kvinnor","|kvinnokön|manbarhet|","|People|","|kvinna|","|kvinna..nn.1+nor..nn.1:6.449e-21|","|kvinn+nor|","|kvinna..nn.1|","neutral","4","CJ","NN.UTR.PLU.IND.NOM","NN","3","|Case=Nom|Definite=Ind|Gender=Com|Number=Plur|","|kvinna..1:-1.000|"
"","och","|","|","|och|","|","|","|och..kn.1|","null","2","SS","KN","KN","4","|","|och..1:-1.000|"
"","män","|manbarhet|mankön|mod|trådformighet|vidhängning|","|People|","|man|","|","|","|man..nn.1|","neutral","4","CJ","NN.UTR.PLU.IND.NOM","NN","5","|Case=Nom|Definite=Ind|Gender=Com|Number=Plur|","|man..2:0.633|man..4:0.367|"
"","tid","|tid|","|Measure_duration|","|tid|","|","|","|tid..nn.1|","neutral","7","CJ","NN.UTR.SIN.IND.NOM","NN","6","|Case=Nom|Definite=Ind|Gender=Com|Number=Sing|","|tid..1:-1.000|"
"","och","|","|","|och|","|","|","|och..kn.1|","null","2","OO","KN","KN","7","|","|och..1:-1.000|"
"","ork","|","|","|ork|","|","|","|ork..nn.1|","null","7","CJ","NN.UTR.SIN.IND.NOM","NN","8","|Case=Nom|Definite=Ind|Gender=Com|Number=Sing|","|ork..1:-1.000|"
"","för","|","|","|för|","|","|","|för..pp.1|","null","2","OA","PP","PP","9","|","|för..1:-1.000|för..5:-1.000|för..6:-1.000|för..7:-1.000|för..9:-1.000|"
"","ett","|","|","|en|","|","|","|en..al.1|","null","15","DT","DT.NEU.SIN.IND","DT","10","|Definite=Ind|Gender=Neut|Number=Sing|","|den..1:-1.000|en..2:-1.000|"
"","rikare","|egendom|fruktbarhet|förvärv|inrymning|rikedom|tillräcklighet|","|Wealthiness|","|rik|","|","|","|rik..av.1|","positive","15","AT","JJ.KOM.UTR+NEU.SIN+PLU.IND+DEF.NOM","JJ","11","|Case=Nom|Definite=Def,Ind|Degree=Cmp|Gender=Com,Neut|Number=Plur,Sing|","|rik..1:0.960|rik..2:0.040|"
"","socialt","|gemensamhet|människa|","|","|social|","|","|","|social..av.1|","neutral","13","CJ","JJ.POS.NEU.SIN.IND.NOM","JJ","12","|Case=Nom|Definite=Ind|Degree=Pos|Gender=Neut|Number=Sing|","|social..1:0.888|social..2:0.112|"
"","och","|","|","|och|","|","|","|och..kn.1|","null","15","AT","KN","KN","13","|","|och..1:-1.000|"
"","kulturellt","|förbättring|hövlighet|kunnighet|modesak|människa|","|","|kulturell|","|","|","|kulturell..av.1|","neutral","13","CJ","JJ.POS.NEU.SIN.IND.NOM","JJ","14","|Case=Nom|Definite=Ind|Degree=Pos|Gender=Neut|Number=Sing|","|kulturell..1:-1.000|"
"","liv","|liv|organism|påklädsel|rörelse|tillvaro|uppvaknande|","|Dead_or_alive|","|liv|","|","|","|liv..nn.1|","neutral","9","PA","NN.NEU.SIN.IND.NOM","NN","15","|Case=Nom|Definite=Ind|Gender=Neut|Number=Sing|","|liv..1:0.959|liv..6:0.025|liv..2:0.014|liv..5:0.001|liv..3:0.000|liv..4:0.000|"
"","och","|","|","|och|","|","|","|och..kn.1|","null","null","ROOT","KN","KN","16","|","|och..1:-1.000|"
"***","skapar","|alstring|form|förmåga|grund|gudom|skicklighet|tillvaro|verklighet|","|Intentionally_create|","|skapa|","|","|","|skapa..vb.1|","neutral","16","+F","VB.PRS.AKT","VB","17","|Mood=Ind|Tense=Pres|VerbForm=Fin|Voice=Act|","|skapa..1:-1.000|"
"***","förutsättningar","|antagande|betingelse|bevis|förbehåll|förhand|förhoppning|förmåga|grund|logik|omständighet|tankeämne|","|","|förutsättning|","|förut..ab.1+sättning..nn.1:4.029e-12|för..nn.1+ut..ab.1+sättning..nn.1:3.134e-21|föra..vb.1+ut..ab.1+sättning..nn.1:4.884e-22|","|förut+sättningar|för+ut+sättningar|","|förutsättning..nn.1|","neutral","17","OO","NN.UTR.PLU.IND.NOM","NN","18","|Case=Nom|Definite=Ind|Gender=Com|Number=Plur|","|förutsättning..1:-1.000|"
"***","för","|","|","|för|","|","|","|för..pp.1|","null","17","OA","PP","PP","19","|","|för..1:-1.000|för..5:-1.000|för..6:-1.000|för..7:-1.000|för..9:-1.000|"
"","ett","|","|","|en|","|","|","|en..al.1|","null","22","DT","DT.NEU.SIN.IND","DT","20","|Definite=Ind|Gender=Neut|Number=Sing|","|den..1:-1.000|en..2:-1.000|"
"","delat","|","|","|dela|delad|","|","|","|dela..vb.1|delad..av.1|","neutral","22","AT","PC.PRF.NEU.SIN.IND.NOM","PC","21","|Case=Nom|Definite=Ind|Gender=Neut|Number=Sing|Tense=Past|VerbForm=Part|","|delad..1:0.632|dela..2:0.267|dela..1:0.101|"
"","ansvar","|bevis|bundenhet|gäld|ofrihet|plikt|säkerhet|","|Being_obligated|","|ansvar|","|an..ab.1+svar..nn.1:3.302e-10|ans..nn.1+var..nn.1:2.433e-20|ansa..vb.1+var..nn.1:1.064e-28|","|an+svar|ans+var|","|ansvar..nn.1|","negative","19","PA","NN.NEU.SIN.IND.NOM","NN","22","|Case=Nom|Definite=Ind|Gender=Neut|Number=Sing|","|ansvar..1:-1.000|"
"","för","|","|","|för|","|","|","|för..pp.1|","null","22","ET","PP","PP","23","|","|för..1:-1.000|för..5:-1.000|för..6:-1.000|för..7:-1.000|för..9:-1.000|"
"","barnen","|alstring|barndom|efterkommande|frändskap|handledning|","|Kinship|","|barn|","|bar..nn.1+n..nn.1:5.258e-12|bar..nn.1+nen..nn.1:5.258e-12|bar..nn.2+n..nn.1:5.258e-12|bar..nn.2+nen..nn.1:5.258e-12|bar..av.1+n..nn.1:6.151e-13|bar..av.1+nen..nn.1:6.151e-13|","|bar+nen|","|barn..nn.1|","neutral","23","PA","NN.NEU.PLU.DEF.NOM","NN","24","|Case=Nom|Definite=Def|Gender=Neut|Number=Plur|","|barn..2:0.583|barn..1:0.417|"
"",".","|","|","|","|","|","|","null","16","IP","MAD","MAD","25","|","|"